"file","line","controller","handler","method","prefix","path","permissions","roles","guards","module","feature","exemption","support","serviceCalls","review"
"apps/api/src/academic-years/academic-years.controller.ts","19","AcademicYearsController","listAcademicYears","GET","'academic-years'","","'academic_years:read'","","JwtAuthGuard, RolesPermissionsGuard, EntitlementGuard","","'module.students'","","'SCHOOL_PROFILE', 'STUDENT_RECORDS', 'ATTENDANCE', 'ACADEMICS', 'HOMEWORK_TIMETABLE'","academicYearsService.listAcademicYears","Decorator inventory only; downstream review in baseline report"
"apps/api/src/academic-years/academic-years.controller.ts","32","AcademicYearsController","createAcademicYear","POST","'academic-years'","","'academic_years:create'","","JwtAuthGuard, RolesPermissionsGuard, EntitlementGuard","","'module.students'","","","academicYearsService.createAcademicYear","Decorator inventory only; downstream review in baseline report"
"apps/api/src/academics/academics.controller.ts","103","AcademicsController","listExamTerms","GET","'academics'","'exam-terms'","'exam-terms:read', 'academics:read'","","JwtAuthGuard, RolesPermissionsGuard, EntitlementGuard","","'module.exams'","","'ACADEMICS'","academicsFoundationService.listExamTerms","Decorator inventory only; downstream review in baseline report"
"apps/api/src/academics/academics.controller.ts","113","AcademicsController","listAssessmentTemplates","GET","'academics'","'assessment-templates'","'assessment-components:read', 'academics:read'","","JwtAuthGuard, RolesPermissionsGuard, EntitlementGuard","","'module.exams'","","","academicsFoundationService.listAssessmentTemplates","Decorator inventory only; downstream review in baseline report"
"apps/api/src/academics/academics.controller.ts","119","AcademicsController","applyAssessmentTemplate","POST","'academics'","'assessment-templates/apply'","'assessment-components:manage', 'academics:create'","","JwtAuthGuard, RolesPermissionsGuard, EntitlementGuard","","'module.exams'","","","academicsFoundationService.applyAssessmentTemplate","Decorator inventory only; downstream review in baseline report"
"apps/api/src/academics/academics.controller.ts","128","AcademicsController","getExamTerm","GET","'academics'","'exam-terms/:id'","'exam-terms:read', 'academics:read'","","JwtAuthGuard, RolesPermissionsGuard, EntitlementGuard","","'module.exams'","","","academicsFoundationService.getExamTermById","Decorator inventory only; downstream review in baseline report"
"apps/api/src/academics/academics.controller.ts","134","AcademicsController","createExamTerm","POST","'academics'","'exam-terms'","'exam-terms:manage', 'academics:create'","","JwtAuthGuard, RolesPermissionsGuard, EntitlementGuard","","'module.exams'","","","academicsFoundationService.createExamTerm","Decorator inventory only; downstream review in baseline report"
"apps/api/src/academics/academics.controller.ts","143","AcademicsController","updateExamTerm","PATCH","'academics'","'exam-terms/:id'","'exam-terms:manage', 'academics:update'","","JwtAuthGuard, RolesPermissionsGuard, EntitlementGuard","","'module.exams'","","","academicsFoundationService.updateExamTerm","Decorator inventory only; downstream review in baseline report"
"apps/api/src/academics/academics.controller.ts","157","AcademicsController","updateExamTermStatus","PATCH","'academics'","'exam-terms/:id/status'","'exam-terms:manage', 'academics:update'","","JwtAuthGuard, RolesPermissionsGuard, EntitlementGuard","","'module.exams'","","","academicsFoundationService.archiveExamTerm","Decorator inventory only; downstream review in baseline report"
"apps/api/src/academics/academics.controller.ts","169","AcademicsController","deleteExamTerm","DELETE","'academics'","'exam-terms/:id'","'exam-terms:manage', 'academics:delete'","","JwtAuthGuard, RolesPermissionsGuard, EntitlementGuard","","'module.exams'","","","academicsFoundationService.deleteExamTerm","Decorator inventory only; downstream review in baseline report"
"apps/api/src/academics/academics.controller.ts","178","AcademicsController","unlockExamTerm","PATCH","'academics'","'exam-terms/:id/unlock'","'exam-terms:unlock'","","JwtAuthGuard, RolesPermissionsGuard, EntitlementGuard","","'module.exams'","","","markLockWorkflowService.unlockExamTerm","Decorator inventory only; downstream review in baseline report"
"apps/api/src/academics/academics.controller.ts","188","AcademicsController","listComponents","GET","'academics'","'assessment-components'","'assessment-components:read', 'academics:read'","","JwtAuthGuard, RolesPermissionsGuard, EntitlementGuard","","'module.exams'","","","assessmentComponentsService.list","Decorator inventory only; downstream review in baseline report"
"apps/api/src/academics/academics.controller.ts","197","AcademicsController","getComponent","GET","'academics'","'assessment-components/:id'","'assessment-components:read', 'academics:read'","","JwtAuthGuard, RolesPermissionsGuard, EntitlementGuard","","'module.exams'","","","assessmentComponentsService.getById","Decorator inventory only; downstream review in baseline report"
"apps/api/src/academics/academics.controller.ts","209","AcademicsController","createComponent","POST","'academics'","'assessment-components'","'assessment-components:manage', 'academics:create'","","JwtAuthGuard, RolesPermissionsGuard, EntitlementGuard","","'module.exams'","","","assessmentComponentsService.create","Decorator inventory only; downstream review in baseline report"
"apps/api/src/academics/academics.controller.ts","218","AcademicsController","updateComponent","PATCH","'academics'","'assessment-components/:id'","'assessment-components:manage', 'academics:update'","","JwtAuthGuard, RolesPermissionsGuard, EntitlementGuard","","'module.exams'","","","assessmentComponentsService.update","Decorator inventory only; downstream review in baseline report"
"apps/api/src/academics/academics.controller.ts","232","AcademicsController","deleteComponent","DELETE","'academics'","'assessment-components/:id'","'assessment-components:manage', 'academics:delete'","","JwtAuthGuard, RolesPermissionsGuard, EntitlementGuard","","'module.exams'","","","assessmentComponentsService.delete","Decorator inventory only; downstream review in baseline report"
"apps/api/src/academics/academics.controller.ts","241","AcademicsController","listExamTimetable","GET","'academics'","'exams/timetable'","'academics:read'","","JwtAuthGuard, RolesPermissionsGuard, EntitlementGuard","","'module.exams'","","","academicsService.listExamTimetable","Decorator inventory only; downstream review in baseline report"
"apps/api/src/academics/academics.controller.ts","247","AcademicsController","createExamTimetableSlot","POST","'academics'","'exams/timetable'","'academics:create'","","JwtAuthGuard, RolesPermissionsGuard, EntitlementGuard","","'module.exams'","","","academicsService.createExamTimetableSlot","Decorator inventory only; downstream review in baseline report"
"apps/api/src/academics/academics.controller.ts","256","AcademicsController","publishExamTimetable","POST","'academics'","'exams/:id/timetable/publish'","'academics:update'","","JwtAuthGuard, RolesPermissionsGuard, EntitlementGuard","","'module.exams'","","","academicsService.publishExamTimetable","Decorator inventory only; downstream review in baseline report"
"apps/api/src/academics/academics.controller.ts","265","AcademicsController","listMarks","GET","'academics'","'marks'","'marks:read', 'academics:read'","","JwtAuthGuard, RolesPermissionsGuard, EntitlementGuard","","'module.exams'","","'ACADEMICS'","marksService.listMarks","Decorator inventory only; downstream review in baseline report"
"apps/api/src/academics/academics.controller.ts","272","AcademicsController","listAssessmentRetakes","GET","'academics'","'assessment-retakes'","'academics:read', 'marks:read'","","JwtAuthGuard, RolesPermissionsGuard, EntitlementGuard","","'module.exams'","","","assessmentRetakesService.list","Decorator inventory only; downstream review in baseline report"
"apps/api/src/academics/academics.controller.ts","281","AcademicsController","getAssessmentRetake","GET","'academics'","'assessment-retakes/:assessmentRetakeId'","'academics:read', 'marks:read'","","JwtAuthGuard, RolesPermissionsGuard, EntitlementGuard","","'module.exams'","","","assessmentRetakesService.getById","Decorator inventory only; downstream review in baseline report"
"apps/api/src/academics/academics.controller.ts","290","AcademicsController","createAssessmentRetake","POST","'academics'","'assessment-retakes'","'academics:enter_marks'","","JwtAuthGuard, RolesPermissionsGuard, EntitlementGuard","","'module.exams'","","","assessmentRetakesService.create","Decorator inventory only; downstream review in baseline report"
"apps/api/src/academics/academics.controller.ts","299","AcademicsController","approveAssessmentRetake","POST","'academics'","'assessment-retakes/:assessmentRetakeId/approve'","'academics:update'","","JwtAuthGuard, RolesPermissionsGuard, EntitlementGuard","","'module.exams'","","","assessmentRetakesService.approve","Decorator inventory only; downstream review in baseline report"
"apps/api/src/academics/academics.controller.ts","309","AcademicsController","rejectAssessmentRetake","POST","'academics'","'assessment-retakes/:assessmentRetakeId/reject'","'academics:update'","","JwtAuthGuard, RolesPermissionsGuard, EntitlementGuard","","'module.exams'","","","assessmentRetakesService.reject","Decorator inventory only; downstream review in baseline report"
"apps/api/src/academics/academics.controller.ts","319","AcademicsController","scheduleAssessmentRetake","POST","'academics'","'assessment-retakes/:assessmentRetakeId/schedule'","'academics:update'","","JwtAuthGuard, RolesPermissionsGuard, EntitlementGuard","","'module.exams'","","","assessmentRetakesService.schedule","Decorator inventory only; downstream review in baseline report"
"apps/api/src/academics/academics.controller.ts","333","AcademicsController","completeAssessmentRetake","POST","'academics'","'assessment-retakes/:assessmentRetakeId/complete'","'academics:update'","","JwtAuthGuard, RolesPermissionsGuard, EntitlementGuard","","'module.exams'","","","assessmentRetakesService.complete","Decorator inventory only; downstream review in baseline report"
"apps/api/src/academics/academics.controller.ts","347","AcademicsController","applyAssessmentRetakeResult","POST","'academics'","'assessment-retakes/:assessmentRetakeId/apply-result'","'academics:update'","","JwtAuthGuard, RolesPermissionsGuard, EntitlementGuard","","'module.exams'","","","assessmentRetakesService.applyResult","Decorator inventory only; downstream review in baseline report"
"apps/api/src/academics/academics.controller.ts","361","AcademicsController","cancelAssessmentRetake","POST","'academics'","'assessment-retakes/:assessmentRetakeId/cancel'","'academics:update'","","JwtAuthGuard, RolesPermissionsGuard, EntitlementGuard","","'module.exams'","","","assessmentRetakesService.cancel","Decorator inventory only; downstream review in baseline report"
"apps/api/src/academics/academics.controller.ts","371","AcademicsController","getStudentHistory","GET","'academics'","'marks/student/:studentId'","'marks:read', 'academics:read'","","JwtAuthGuard, RolesPermissionsGuard, EntitlementGuard","","'module.exams'","","","marksService.getStudentHistory","Decorator inventory only; downstream review in baseline report"
"apps/api/src/academics/academics.controller.ts","391","AcademicsController","bulkUpsertMarks","POST","'academics'","'marks/bulk-upsert'","'academics:enter_marks'","","JwtAuthGuard, RolesPermissionsGuard, EntitlementGuard","","'module.exams'","","","marksService.bulkUpsert","Decorator inventory only; downstream review in baseline report"
"apps/api/src/academics/academics.controller.ts","400","AcademicsController","updateMark","PATCH","'academics'","'marks/:id'","'academics:enter_marks'","","JwtAuthGuard, RolesPermissionsGuard, EntitlementGuard","","'module.exams'","","","marksService.updateMark","Decorator inventory only; downstream review in baseline report"
"apps/api/src/academics/academics.controller.ts","410","AcademicsController","listMarkLockRequests","GET","'academics'","'marks/lock-requests'","'academics:read'","","JwtAuthGuard, RolesPermissionsGuard, EntitlementGuard","","'module.exams'","","","markLockWorkflowService.list","Decorator inventory only; downstream review in baseline report"
"apps/api/src/academics/academics.controller.ts","425","AcademicsController","requestMarkLock","POST","'academics'","'marks/lock-requests'","'academics:enter_marks'","","JwtAuthGuard, RolesPermissionsGuard, EntitlementGuard","","'module.exams'","","","markLockWorkflowService.request","Decorator inventory only; downstream review in baseline report"
"apps/api/src/academics/academics.controller.ts","434","AcademicsController","reviewMarkLockRequest","PATCH","'academics'","'marks/lock-requests/:id/review'","'marks:review_lock'","","JwtAuthGuard, RolesPermissionsGuard, EntitlementGuard","","'module.exams'","","","markLockWorkflowService.review","Decorator inventory only; downstream review in baseline report"
"apps/api/src/academics/academics.controller.ts","444","AcademicsController","listCas","GET","'academics'","'cas-records'","'cas-records:read', 'academics:read'","","JwtAuthGuard, RolesPermissionsGuard, EntitlementGuard","","'module.exams'","","","casRecordsService.list","Decorator inventory only; downstream review in baseline report"
"apps/api/src/academics/academics.controller.ts","450","AcademicsController","getCasDetail","GET","'academics'","'cas-records/:id'","'cas-records:read', 'academics:read'","","JwtAuthGuard, RolesPermissionsGuard, EntitlementGuard","","'module.exams'","","","casRecordsService.findOne","Decorator inventory only; downstream review in baseline report"
"apps/api/src/academics/academics.controller.ts","456","AcademicsController","createCas","POST","'academics'","'cas-records'","'cas-records:manage', 'academics:enter_marks'","","JwtAuthGuard, RolesPermissionsGuard, EntitlementGuard","","'module.exams'","","","casRecordsService.create","Decorator inventory only; downstream review in baseline report"
"apps/api/src/academics/academics.controller.ts","462","AcademicsController","bulkUpsertCas","POST","'academics'","'cas-records/bulk-upsert'","'cas-records:manage', 'academics:enter_marks'","","JwtAuthGuard, RolesPermissionsGuard, EntitlementGuard","","'module.exams'","","","casRecordsService.bulkUpsert","Decorator inventory only; downstream review in baseline report"
"apps/api/src/academics/academics.controller.ts","471","AcademicsController","updateCas","PATCH","'academics'","'cas-records/:id'","'cas-records:manage', 'academics:update'","","JwtAuthGuard, RolesPermissionsGuard, EntitlementGuard","","'module.exams'","","","casRecordsService.update","Decorator inventory only; downstream review in baseline report"
"apps/api/src/academics/academics.controller.ts","481","AcademicsController","deleteCas","DELETE","'academics'","'cas-records/:id'","'cas-records:manage', 'academics:delete'","","JwtAuthGuard, RolesPermissionsGuard, EntitlementGuard","","'module.exams'","","","casRecordsService.delete","Decorator inventory only; downstream review in baseline report"
"apps/api/src/academics/academics.controller.ts","490","AcademicsController","listReportCards","GET","'academics'","'report-cards'","'academics:read'","","JwtAuthGuard, RolesPermissionsGuard, EntitlementGuard","","'module.exams'","","'ACADEMICS'","academicsService.listReportCards","Decorator inventory only; downstream review in baseline report"
"apps/api/src/academics/academics.controller.ts","510","AcademicsController","generateReportCard","POST","'academics'","'report-cards'","'academics:manage_report_cards'","","JwtAuthGuard, RolesPermissionsGuard, EntitlementGuard","","'module.exams'","","","reportCardsService.generateReportCard","Decorator inventory only; downstream review in baseline report"
"apps/api/src/academics/academics.controller.ts","519","AcademicsController","batchGenerateReportCards","POST","'academics'","'report-cards/batch'","'academics:manage_report_cards'","","JwtAuthGuard, RolesPermissionsGuard, EntitlementGuard","","'module.exams'","","","reportCardsService.batchGenerateReportCards","Decorator inventory only; downstream review in baseline report"
"apps/api/src/academics/academics.controller.ts","528","AcademicsController","requestReportCardCorrection","POST","'academics'","'report-cards/:id/corrections'","'academics:manage_report_cards'","","JwtAuthGuard, RolesPermissionsGuard, EntitlementGuard","","'module.exams'","","","reportCardsService.requestCorrection","Decorator inventory only; downstream review in baseline report"
"apps/api/src/academics/academics.controller.ts","538","AcademicsController","regenerateCorrectedReportCard","POST","'academics'","'report-cards/:id/regenerate'","'academics:manage_report_cards'","","JwtAuthGuard, RolesPermissionsGuard, EntitlementGuard","","'module.exams'","","","reportCardsService.applyCorrectionAndRegenerate","Decorator inventory only; downstream review in baseline report"
"apps/api/src/academics/academics.controller.ts","552","AcademicsController","listReportCardHistory","GET","'academics'","'report-cards/:id/history'","'academics:read'","","JwtAuthGuard, RolesPermissionsGuard, EntitlementGuard","","'module.exams'","","","reportCardsService.listHistory","Decorator inventory only; downstream review in baseline report"
"apps/api/src/academics/academics.controller.ts","561","AcademicsController","listReportCardCorrections","GET","'academics'","'report-cards/corrections'","'academics:read'","","JwtAuthGuard, RolesPermissionsGuard, EntitlementGuard","","'module.exams'","","","reportCardsService.listCorrections","Decorator inventory only; downstream review in baseline report"
"apps/api/src/academics/academics.controller.ts","574","AcademicsController","reviewReportCardCorrection","PATCH","'academics'","'report-cards/corrections/:id/review'","'academics:report_cards:review'","","JwtAuthGuard, RolesPermissionsGuard, EntitlementGuard","","'module.exams'","","","reportCardsService.reviewCorrection","Decorator inventory only; downstream review in baseline report"
"apps/api/src/academics/academics.controller.ts","584","AcademicsController","listSyllabusTopics","GET","'academics'","'subjects/:id/syllabus'","'academics:read'","","JwtAuthGuard, RolesPermissionsGuard, EntitlementGuard","","'module.exams'","","","academicsService.listSyllabusTopics","Decorator inventory only; downstream review in baseline report"
"apps/api/src/academics/academics.controller.ts","593","AcademicsController","createSyllabusTopic","POST","'academics'","'subjects/:id/syllabus'","'academics:create'","","JwtAuthGuard, RolesPermissionsGuard, EntitlementGuard","","'module.exams'","","","academicsService.createSyllabusTopic","Decorator inventory only; downstream review in baseline report"
"apps/api/src/academics/academics.controller.ts","603","AcademicsController","markTopicComplete","PATCH","'academics'","'syllabus/:id/complete'","'academics:update'","","JwtAuthGuard, RolesPermissionsGuard, EntitlementGuard","","'module.exams'","","","academicsService.markTopicComplete","Decorator inventory only; downstream review in baseline report"
"apps/api/src/academics/academics.controller.ts","612","AcademicsController","getSyllabusProgress","GET","'academics'","'subjects/:id/syllabus/progress'","'academics:read'","","JwtAuthGuard, RolesPermissionsGuard, EntitlementGuard","","'module.exams'","","","academicsService.getSyllabusProgress","Decorator inventory only; downstream review in baseline report"
"apps/api/src/academics/academics.controller.ts","621","AcademicsController","getReportCardPdf","GET","'academics'","'report-cards/:id.pdf'","'academics:read'","","JwtAuthGuard, RolesPermissionsGuard, EntitlementGuard","","'module.exams'","","","reportCardPdfService.getReportCardPdf","Decorator inventory only; downstream review in baseline report"
"apps/api/src/academics/academics.controller.ts","638","AcademicsController","listRemedialStudents","GET","'academics'","'remedial'","'academics:read'","","JwtAuthGuard, RolesPermissionsGuard, EntitlementGuard","","'module.exams'","","","academicsService.listRemedialStudents","Decorator inventory only; downstream review in baseline report"
"apps/api/src/academics/academics.controller.ts","647","AcademicsController","listPromotions","GET","'academics'","'promotions'","'academics:read'","","JwtAuthGuard, RolesPermissionsGuard, EntitlementGuard","","'module.exams'","","","promotionReadinessService.listPromotionReadiness","Decorator inventory only; downstream review in baseline report"
"apps/api/src/academics/academics.controller.ts","670","AcademicsController","promoteStudent","POST","'academics'","'promotions'","'academics:update'","","JwtAuthGuard, RolesPermissionsGuard, EntitlementGuard","","'module.exams'","","","promotionReadinessService.promoteStudent","Decorator inventory only; downstream review in baseline report"
"apps/api/src/academics/academics.controller.ts","679","AcademicsController","batchPromote","POST","'academics'","'promotions/batch'","'academics:update'","","JwtAuthGuard, RolesPermissionsGuard, EntitlementGuard","","'module.exams'","","","promotionReadinessService.batchPromote","Decorator inventory only; downstream review in baseline report"
"apps/api/src/academics/academics.controller.ts","685","AcademicsController","listPublishingReadiness","GET","'academics'","'results/publishing'","'academics:read'","","JwtAuthGuard, RolesPermissionsGuard, EntitlementGuard","","'module.exams'","","","resultPublishingService.listPublishingReadiness","Decorator inventory only; downstream review in baseline report"
"apps/api/src/academics/academics.controller.ts","704","AcademicsController","publishResults","POST","'academics'","'results/publishing/publish'","'results:publish'","","JwtAuthGuard, RolesPermissionsGuard, EntitlementGuard","","'module.exams'","","","resultPublishingService.publishResults","Decorator inventory only; downstream review in baseline report"
"apps/api/src/academics/academics.controller.ts","713","AcademicsController","unpublishResults","POST","'academics'","'results/publishing/unpublish'","'results:unpublish'","","JwtAuthGuard, RolesPermissionsGuard, EntitlementGuard","","'module.exams'","","","resultPublishingService.unpublishResults","Decorator inventory only; downstream review in baseline report"
"apps/api/src/academics/academics.controller.ts","722","AcademicsController","notifyResults","POST","'academics'","'results/publishing/notify'","'academics:manage_report_cards'","","JwtAuthGuard, RolesPermissionsGuard, EntitlementGuard","","'module.exams'","","","resultPublishingService.notifyResults","Decorator inventory only; downstream review in baseline report"
"apps/api/src/academics/academics.controller.ts","731","AcademicsController","getGradingScale","GET","'academics'","'grading-scale'","'academics:read'","","JwtAuthGuard, RolesPermissionsGuard, EntitlementGuard","","'module.exams'","","","gradeCalculatorService.getGradingScale","Decorator inventory only; downstream review in baseline report"
"apps/api/src/academics/academics.controller.ts","737","AcademicsController","getGradingPolicy","GET","'academics'","'grading-policy'","'academics:read'","","JwtAuthGuard, RolesPermissionsGuard, EntitlementGuard","","'module.exams'","","","gradeCalculatorService.getTenantGradingPolicy","Decorator inventory only; downstream review in baseline report"
"apps/api/src/academics/academics.controller.ts","743","AcademicsController","previewStudentResult","GET","'academics'","'results/preview/student/:studentId'","'results:read', 'academics:read'","","JwtAuthGuard, RolesPermissionsGuard, EntitlementGuard","","'module.exams'","","","resultsService.previewStudentResult","Decorator inventory only; downstream review in baseline report"
"apps/api/src/academics/academics.controller.ts","758","AcademicsController","previewClassResults","GET","'academics'","'results/preview'","'results:read', 'academics:read'","","JwtAuthGuard, RolesPermissionsGuard, EntitlementGuard","","'module.exams'","","","resultsService.previewClassResults","Decorator inventory only; downstream review in baseline report"
"apps/api/src/academics/subjects.controller.ts","33","SubjectsController","listSubjects","GET","'subjects'","","'academics:read'","","JwtAuthGuard, RolesPermissionsGuard, EntitlementGuard","","'module.exams'","","","academicsFoundationService.listSubjects","Decorator inventory only; downstream review in baseline report"
"apps/api/src/academics/subjects.controller.ts","42","SubjectsController","listSubjectsByClass","GET","'subjects'","'class/:classId'","'academics:read'","","JwtAuthGuard, RolesPermissionsGuard, EntitlementGuard","","'module.exams'","","","academicsFoundationService.listSubjects","Decorator inventory only; downstream review in baseline report"
"apps/api/src/academics/subjects.controller.ts","51","SubjectsController","createSubject","POST","'subjects'","","'academics:create'","","JwtAuthGuard, RolesPermissionsGuard, EntitlementGuard","","'module.exams'","","","academicsFoundationService.createSubject","Decorator inventory only; downstream review in baseline report"
"apps/api/src/academics/subjects.controller.ts","60","SubjectsController","updateSubject","PATCH","'subjects'","':id'","'academics:update'","","JwtAuthGuard, RolesPermissionsGuard, EntitlementGuard","","'module.exams'","","","academicsFoundationService.updateSubject","Decorator inventory only; downstream review in baseline report"
"apps/api/src/academics/subjects.controller.ts","70","SubjectsController","deleteSubject","DELETE","'subjects'","':id'","'academics:delete'","","JwtAuthGuard, RolesPermissionsGuard, EntitlementGuard","","'module.exams'","","","academicsFoundationService.deleteSubject","Decorator inventory only; downstream review in baseline report"
"apps/api/src/academics/subjects.controller.ts","86","TeacherAssignmentsController","listTeacherAssignments","GET","'teacher-assignments'","","'academics:read'","","JwtAuthGuard, RolesPermissionsGuard, EntitlementGuard","","'module.exams'","","","academicsService.listTeacherAssignments","Decorator inventory only; downstream review in baseline report"
"apps/api/src/academics/subjects.controller.ts","92","TeacherAssignmentsController","assignTeacher","POST","'teacher-assignments'","","'academics:update'","","JwtAuthGuard, RolesPermissionsGuard, EntitlementGuard","","'module.exams'","","","academicsService.assignTeacher","Decorator inventory only; downstream review in baseline report"
"apps/api/src/accounting/accounting-budget.controller.ts","38","AccountingBudgetController","listBudgets","GET","'accounting/budgets'","","'accounting:budgets:read', 'accounting:read'","","JwtAuthGuard, RolesPermissionsGuard, EntitlementGuard","","'module.accounting'","","","budgetService.listBudgets","Decorator inventory only; downstream review in baseline report"
"apps/api/src/accounting/accounting-budget.controller.ts","48","AccountingBudgetController","createBudget","POST","'accounting/budgets'","","'accounting:budgets:write', 'accounting:read'","","JwtAuthGuard, RolesPermissionsGuard, EntitlementGuard","","'module.accounting'","","","budgetService.createBudget","Decorator inventory only; downstream review in baseline report"
"apps/api/src/accounting/accounting-budget.controller.ts","58","AccountingBudgetController","upsertLines","PUT","'accounting/budgets'","':id/lines'","'accounting:budgets:write', 'accounting:read'","","JwtAuthGuard, RolesPermissionsGuard, EntitlementGuard","","'module.accounting'","","","budgetService.upsertBudgetLines","Decorator inventory only; downstream review in baseline report"
"apps/api/src/accounting/accounting-budget.controller.ts","74","AccountingBudgetController","approveBudget","POST","'accounting/budgets'","':id/approve'","'accounting:budgets:write', 'accounting:read'","","JwtAuthGuard, RolesPermissionsGuard, EntitlementGuard","","'module.accounting'","","","budgetService.approveBudget","Decorator inventory only; downstream review in baseline report"
"apps/api/src/accounting/accounting-m9.controller.ts","24","AccountingM9Controller","health","GET","'accounting/m9'","'health'","'accounting:reports:read'","","JwtAuthGuard, RolesPermissionsGuard, EntitlementGuard","","'module.accounting'","","","m9.health","Decorator inventory only; downstream review in baseline report"
"apps/api/src/accounting/accounting-m9.controller.ts","30","AccountingM9Controller","listSourceMappings","GET","'accounting/m9'","'source-mappings'","'accounting:reports:read'","","JwtAuthGuard, RolesPermissionsGuard, EntitlementGuard","","'module.accounting'","","","sources.listMappings","Decorator inventory only; downstream review in baseline report"
"apps/api/src/accounting/accounting-m9.controller.ts","36","AccountingM9Controller","getSourceMappingHealth","GET","'accounting/m9'","'source-mappings/health'","'accounting:reports:read'","","JwtAuthGuard, RolesPermissionsGuard, EntitlementGuard","","'module.accounting'","","","sources.getSourceMappingHealth","Decorator inventory only; downstream review in baseline report"
"apps/api/src/accounting/accounting-m9.controller.ts","42","AccountingM9Controller","previewNepalChartTemplate","GET","'accounting/m9'","'chart-templates/nepal/preview'","'accounting:accounts:read'","","JwtAuthGuard, RolesPermissionsGuard, EntitlementGuard","","'module.accounting'","","","","Decorator inventory only; downstream review in baseline report"
"apps/api/src/accounting/accounting-m9.controller.ts","53","AccountingM9Controller","importNepalChartTemplate","POST","'accounting/m9'","'chart-templates/nepal/import'","'accounting:accounts:write'","","JwtAuthGuard, RolesPermissionsGuard, EntitlementGuard","","'module.accounting'","","","templates.importNepalChartTemplate","Decorator inventory only; downstream review in baseline report"
"apps/api/src/accounting/accounting-m9.controller.ts","59","AccountingM9Controller","principalSnapshot","GET","'accounting/m9'","'principal/snapshot'","'accounting:reports:read'","","JwtAuthGuard, RolesPermissionsGuard, EntitlementGuard","","'module.accounting'","","","m9.principalSnapshot","Decorator inventory only; downstream review in baseline report"
"apps/api/src/accounting/accounting-reports.controller.ts","56","AccountingReportsController","getTrialBalance","GET","'accounting/reports'","'trial-balance'","'accounting:reports:trial-balance', 'accounting:read', 'accounting:reports:read'","","JwtAuthGuard, RolesPermissionsGuard, EntitlementGuard","","'module.accounting'","","","reportsService.getTrialBalance","Decorator inventory only; downstream review in baseline report"
"apps/api/src/accounting/accounting-reports.controller.ts","70","AccountingReportsController","getGeneralLedger","GET","'accounting/reports'","'general-ledger'","'accounting:reports:general-ledger', 'accounting:read', 'accounting:reports:read'","","JwtAuthGuard, RolesPermissionsGuard, EntitlementGuard","","'module.accounting'","","","reportsService.getGeneralLedger","Decorator inventory only; downstream review in baseline report"
"apps/api/src/accounting/accounting-reports.controller.ts","84","AccountingReportsController","getCashBook","GET","'accounting/reports'","'cash-book'","'accounting:reports:cash-book', 'accounting:read', 'accounting:reports:read'","","JwtAuthGuard, RolesPermissionsGuard, EntitlementGuard","","'module.accounting'","","","reportsService.getCashBook","Decorator inventory only; downstream review in baseline report"
"apps/api/src/accounting/accounting-reports.controller.ts","98","AccountingReportsController","getBankBook","GET","'accounting/reports'","'bank-book'","'accounting:reports:cash-book', 'accounting:read', 'accounting:reports:read'","","JwtAuthGuard, RolesPermissionsGuard, EntitlementGuard","","'module.accounting'","","","reportsService.getBankBook","Decorator inventory only; downstream review in baseline report"
"apps/api/src/accounting/accounting-reports.controller.ts","112","AccountingReportsController","getJournalRegister","GET","'accounting/reports'","'journal-register'","'accounting:reports:general-ledger', 'accounting:read', 'accounting:reports:read'","","JwtAuthGuard, RolesPermissionsGuard, EntitlementGuard","","'module.accounting'","","","reportsService.getJournalRegister","Decorator inventory only; downstream review in baseline report"
"apps/api/src/accounting/accounting-reports.controller.ts","126","AccountingReportsController","getVoucherRegister","GET","'accounting/reports'","'voucher-register'","'accounting:reports:general-ledger', 'accounting:read', 'accounting:reports:read'","","JwtAuthGuard, RolesPermissionsGuard, EntitlementGuard","","'module.accounting'","","","reportsService.getVoucherRegister","Decorator inventory only; downstream review in baseline report"
"apps/api/src/accounting/accounting-reports.controller.ts","140","AccountingReportsController","getFailedUnpostedTransactions","GET","'accounting/reports'","'failed-unposted'","'accounting:reports:read', 'accounting:read'","","JwtAuthGuard, RolesPermissionsGuard, EntitlementGuard","","'module.accounting'","","","reportsService.getFailedUnpostedTransactions","Decorator inventory only; downstream review in baseline report"
"apps/api/src/accounting/accounting-reports.controller.ts","147","AccountingReportsController","exportBankBook","GET","'accounting/reports'","'bank-book/export'","'accounting:exports:create', 'accounting:reports:cash-book'","","JwtAuthGuard, RolesPermissionsGuard, EntitlementGuard","","'module.accounting'","","","exportsService.exportBankBookCsv","Decorator inventory only; downstream review in baseline report"
"apps/api/src/accounting/accounting-reports.controller.ts","163","AccountingReportsController","exportBankBookPdf","GET","'accounting/reports'","'bank-book/export.pdf'","'accounting:exports:create', 'accounting:reports:cash-book'","","JwtAuthGuard, RolesPermissionsGuard, EntitlementGuard","","'module.accounting'","","","exportsService.exportBankBookPdf","Decorator inventory only; downstream review in baseline report"
"apps/api/src/accounting/accounting-reports.controller.ts","179","AccountingReportsController","exportJournalRegister","GET","'accounting/reports'","'journal-register/export'","'accounting:exports:create', 'accounting:reports:general-ledger'","","JwtAuthGuard, RolesPermissionsGuard, EntitlementGuard","","'module.accounting'","","","exportsService.exportJournalRegisterCsv","Decorator inventory only; downstream review in baseline report"
"apps/api/src/accounting/accounting-reports.controller.ts","195","AccountingReportsController","exportJournalRegisterPdf","GET","'accounting/reports'","'journal-register/export.pdf'","'accounting:exports:create', 'accounting:reports:general-ledger'","","JwtAuthGuard, RolesPermissionsGuard, EntitlementGuard","","'module.accounting'","","","exportsService.exportJournalRegisterPdf","Decorator inventory only; downstream review in baseline report"
"apps/api/src/accounting/accounting-reports.controller.ts","211","AccountingReportsController","exportFailedUnposted","GET","'accounting/reports'","'failed-unposted/export'","'accounting:exports:create', 'accounting:reports:read'","","JwtAuthGuard, RolesPermissionsGuard, EntitlementGuard","","'module.accounting'","","","exportsService.exportFailedUnpostedCsv","Decorator inventory only; downstream review in baseline report"
"apps/api/src/accounting/accounting-reports.controller.ts","225","AccountingReportsController","exportFailedUnpostedPdf","GET","'accounting/reports'","'failed-unposted/export.pdf'","'accounting:exports:create', 'accounting:reports:read'","","JwtAuthGuard, RolesPermissionsGuard, EntitlementGuard","","'module.accounting'","","","exportsService.exportFailedUnpostedPdf","Decorator inventory only; downstream review in baseline report"
"apps/api/src/accounting/accounting-reports.controller.ts","239","AccountingReportsController","getCashFlowStatement","GET","'accounting/reports'","'cash-flow-statement'","'accounting:reports:cash-flow-statement', 'accounting:read', 'accounting:reports:read'","","JwtAuthGuard, RolesPermissionsGuard, EntitlementGuard","","'module.accounting'","","","reportsService.getCashFlowStatement","Decorator inventory only; downstream review in baseline report"
"apps/api/src/accounting/accounting-reports.controller.ts","253","AccountingReportsController","getBudgetVsActual","GET","'accounting/reports'","'budget-vs-actual'","'accounting:reports:budget-vs-actual', 'accounting:read', 'accounting:reports:read'","","JwtAuthGuard, RolesPermissionsGuard, EntitlementGuard","","'module.accounting'","","","reportsService.getBudgetVsActual","Decorator inventory only; downstream review in baseline report"
"apps/api/src/accounting/accounting-reports.controller.ts","267","AccountingReportsController","getIncomeStatement","GET","'accounting/reports'","'income-statement'","'accounting:reports:income-statement', 'accounting:read', 'accounting:reports:read'","","JwtAuthGuard, RolesPermissionsGuard, EntitlementGuard","","'module.accounting'","","","reportsService.getIncomeStatement","Decorator inventory only; downstream review in baseline report"
"apps/api/src/accounting/accounting-reports.controller.ts","281","AccountingReportsController","getBalanceSheet","GET","'accounting/reports'","'balance-sheet'","'accounting:reports:balance-sheet', 'accounting:read', 'accounting:reports:read'","","JwtAuthGuard, RolesPermissionsGuard, EntitlementGuard","","'module.accounting'","","","reportsService.getBalanceSheet","Decorator inventory only; downstream review in baseline report"
"apps/api/src/accounting/accounting-reports.controller.ts","295","AccountingReportsController","getTaxSummary","GET","'accounting/reports'","'tax-summary'","'accounting:reports:tax-summary', 'accounting:read', 'accounting:reports:read'","","JwtAuthGuard, RolesPermissionsGuard, EntitlementGuard","","'module.accounting'","","","reportsService.getTaxSummary","Decorator inventory only; downstream review in baseline report"
"apps/api/src/accounting/accounting-reports.controller.ts","309","AccountingReportsController","exportTrialBalance","GET","'accounting/reports'","'trial-balance/export'","'accounting:exports:create', 'accounting:reports:trial-balance'","","JwtAuthGuard, RolesPermissionsGuard, EntitlementGuard","","'module.accounting'","","","exportsService.exportTrialBalanceCsv","Decorator inventory only; downstream review in baseline report"
"apps/api/src/accounting/accounting-reports.controller.ts","325","AccountingReportsController","exportTrialBalancePdf","GET","'accounting/reports'","'trial-balance/export.pdf'","'accounting:exports:create', 'accounting:reports:trial-balance'","","JwtAuthGuard, RolesPermissionsGuard, EntitlementGuard","","'module.accounting'","","","exportsService.exportTrialBalancePdf","Decorator inventory only; downstream review in baseline report"
"apps/api/src/accounting/accounting-reports.controller.ts","341","AccountingReportsController","exportGeneralLedger","GET","'accounting/reports'","'general-ledger/export'","'accounting:exports:create', 'accounting:reports:general-ledger'","","JwtAuthGuard, RolesPermissionsGuard, EntitlementGuard","","'module.accounting'","","","exportsService.exportGeneralLedgerCsv","Decorator inventory only; downstream review in baseline report"
"apps/api/src/accounting/accounting-reports.controller.ts","357","AccountingReportsController","exportGeneralLedgerPdf","GET","'accounting/reports'","'general-ledger/export.pdf'","'accounting:exports:create', 'accounting:reports:general-ledger'","","JwtAuthGuard, RolesPermissionsGuard, EntitlementGuard","","'module.accounting'","","","exportsService.exportGeneralLedgerPdf","Decorator inventory only; downstream review in baseline report"
"apps/api/src/accounting/accounting-reports.controller.ts","373","AccountingReportsController","queueGeneralLedgerExport","POST","'accounting/reports'","'general-ledger/export/queue'","'accounting:exports:create', 'accounting:reports:general-ledger'","","JwtAuthGuard, RolesPermissionsGuard, EntitlementGuard","","'module.accounting'","","","exportsService.queueLargeReportExport","Decorator inventory only; downstream review in baseline report"
"apps/api/src/accounting/accounting-reports.controller.ts","389","AccountingReportsController","exportCashBook","GET","'accounting/reports'","'cash-book/export'","'accounting:exports:create', 'accounting:reports:cash-book'","","JwtAuthGuard, RolesPermissionsGuard, EntitlementGuard","","'module.accounting'","","","exportsService.exportCashBookCsv","Decorator inventory only; downstream review in baseline report"
"apps/api/src/accounting/accounting-reports.controller.ts","405","AccountingReportsController","exportCashBookPdf","GET","'accounting/reports'","'cash-book/export.pdf'","'accounting:exports:create', 'accounting:reports:cash-book'","","JwtAuthGuard, RolesPermissionsGuard, EntitlementGuard","","'module.accounting'","","","exportsService.exportCashBookPdf","Decorator inventory only; downstream review in baseline report"
"apps/api/src/accounting/accounting-reports.controller.ts","421","AccountingReportsController","queueCashBookExport","POST","'accounting/reports'","'cash-book/export/queue'","'accounting:exports:create', 'accounting:reports:cash-book'","","JwtAuthGuard, RolesPermissionsGuard, EntitlementGuard","","'module.accounting'","","","exportsService.queueLargeReportExport","Decorator inventory only; downstream review in baseline report"
"apps/api/src/accounting/accounting-reports.controller.ts","437","AccountingReportsController","exportIncomeStatement","GET","'accounting/reports'","'income-statement/export'","'accounting:exports:create', 'accounting:reports:income-statement'","","JwtAuthGuard, RolesPermissionsGuard, EntitlementGuard","","'module.accounting'","","","exportsService.exportIncomeStatementCsv","Decorator inventory only; downstream review in baseline report"
"apps/api/src/accounting/accounting-reports.controller.ts","456","AccountingReportsController","exportIncomeStatementPdf","GET","'accounting/reports'","'income-statement/export.pdf'","'accounting:exports:create', 'accounting:reports:income-statement'","","JwtAuthGuard, RolesPermissionsGuard, EntitlementGuard","","'module.accounting'","","","exportsService.exportIncomeStatementPdf","Decorator inventory only; downstream review in baseline report"
"apps/api/src/accounting/accounting-reports.controller.ts","475","AccountingReportsController","exportBalanceSheet","GET","'accounting/reports'","'balance-sheet/export'","'accounting:exports:create', 'accounting:reports:balance-sheet'","","JwtAuthGuard, RolesPermissionsGuard, EntitlementGuard","","'module.accounting'","","","exportsService.exportBalanceSheetCsv","Decorator inventory only; downstream review in baseline report"
"apps/api/src/accounting/accounting-reports.controller.ts","491","AccountingReportsController","exportBalanceSheetPdf","GET","'accounting/reports'","'balance-sheet/export.pdf'","'accounting:exports:create', 'accounting:reports:balance-sheet'","","JwtAuthGuard, RolesPermissionsGuard, EntitlementGuard","","'module.accounting'","","","exportsService.exportBalanceSheetPdf","Decorator inventory only; downstream review in baseline report"
"apps/api/src/accounting/accounting-reports.controller.ts","507","AccountingReportsController","exportTaxSummary","GET","'accounting/reports'","'tax-summary/export'","'accounting:exports:create', 'accounting:reports:tax-summary'","","JwtAuthGuard, RolesPermissionsGuard, EntitlementGuard","","'module.accounting'","","","exportsService.exportTaxSummaryCsv","Decorator inventory only; downstream review in baseline report"
"apps/api/src/accounting/accounting-reports.controller.ts","523","AccountingReportsController","exportTaxSummaryPdf","GET","'accounting/reports'","'tax-summary/export.pdf'","'accounting:exports:create', 'accounting:reports:tax-summary'","","JwtAuthGuard, RolesPermissionsGuard, EntitlementGuard","","'module.accounting'","","","exportsService.exportTaxSummaryPdf","Decorator inventory only; downstream review in baseline report"
"apps/api/src/accounting/accounting-reports.controller.ts","539","AccountingReportsController","exportCashFlowStatement","GET","'accounting/reports'","'cash-flow-statement/export'","'accounting:exports:create', 'accounting:reports:cash-flow-statement'","","JwtAuthGuard, RolesPermissionsGuard, EntitlementGuard","","'module.accounting'","","","exportsService.exportCashFlowStatementCsv","Decorator inventory only; downstream review in baseline report"
"apps/api/src/accounting/accounting-reports.controller.ts","558","AccountingReportsController","exportCashFlowStatementPdf","GET","'accounting/reports'","'cash-flow-statement/export.pdf'","'accounting:exports:create', 'accounting:reports:cash-flow-statement'","","JwtAuthGuard, RolesPermissionsGuard, EntitlementGuard","","'module.accounting'","","","exportsService.exportCashFlowStatementPdf","Decorator inventory only; downstream review in baseline report"
"apps/api/src/accounting/accounting-reports.controller.ts","577","AccountingReportsController","exportBudgetVsActual","GET","'accounting/reports'","'budget-vs-actual/export'","'accounting:exports:create', 'accounting:reports:budget-vs-actual'","","JwtAuthGuard, RolesPermissionsGuard, EntitlementGuard","","'module.accounting'","","","exportsService.exportBudgetVsActualCsv","Decorator inventory only; downstream review in baseline report"
"apps/api/src/accounting/accounting-reports.controller.ts","596","AccountingReportsController","exportBudgetVsActualPdf","GET","'accounting/reports'","'budget-vs-actual/export.pdf'","'accounting:exports:create', 'accounting:reports:budget-vs-actual'","","JwtAuthGuard, RolesPermissionsGuard, EntitlementGuard","","'module.accounting'","","","exportsService.exportBudgetVsActualPdf","Decorator inventory only; downstream review in baseline report"
"apps/api/src/accounting/accounting-reports.controller.ts","666","AccountingReportsController","exportBankReconciliationCsv","GET","'accounting/reports'","'bank-reconciliation/:accountId/export'","'accounting:exports:create', 'accounting:reports:read'","","JwtAuthGuard, RolesPermissionsGuard, EntitlementGuard","","'module.accounting'","","","exportsService.exportBankReconciliationCsv","Decorator inventory only; downstream review in baseline report"
"apps/api/src/accounting/accounting-reports.controller.ts","683","AccountingReportsController","exportBankReconciliationPdf","GET","'accounting/reports'","'bank-reconciliation/:accountId/export.pdf'","'accounting:exports:create', 'accounting:reports:read'","","JwtAuthGuard, RolesPermissionsGuard, EntitlementGuard","","'module.accounting'","","","exportsService.exportBankReconciliationPdf","Decorator inventory only; downstream review in baseline report"
"apps/api/src/accounting/accounting-reports.controller.ts","699","AccountingReportsController","getAccountingAuditTrail","GET","'accounting/reports'","'audit-trail'","'accounting:reports:read'","","JwtAuthGuard, RolesPermissionsGuard, EntitlementGuard","","'module.accounting'","","","auditService.queryAccountingAuditTrail","Decorator inventory only; downstream review in baseline report"
"apps/api/src/accounting/accounting-reports.controller.ts","722","AccountingReportsController","getFinancialAuditTrail","GET","'accounting/reports'","'financial-audit-trail'","'accounting:reports:read'","","JwtAuthGuard, RolesPermissionsGuard, EntitlementGuard","","'module.accounting'","","","auditService.queryFinancialAuditTrail","Decorator inventory only; downstream review in baseline report"
"apps/api/src/accounting/accounting-reports.controller.ts","747","AccountingReportsController","getReportMappings","GET","'accounting/reports'","'mappings'","'accounting:settings:read', 'accounting:reports:read'","","JwtAuthGuard, RolesPermissionsGuard, EntitlementGuard","","'module.accounting'","","","reportsService.getReportMappings","Decorator inventory only; downstream review in baseline report"
"apps/api/src/accounting/accounting-reports.controller.ts","754","AccountingReportsController","updateReportMappings","PUT","'accounting/reports'","'mappings'","'accounting:settings:update'","","JwtAuthGuard, RolesPermissionsGuard, EntitlementGuard","","'module.accounting'","","","reportsService.updateReportMappings","Decorator inventory only; downstream review in baseline report"
"apps/api/src/accounting/accounting.controller.ts","74","AccountingController","dashboardSummary","GET","'accounting'","'dashboard-summary'","'accounting:reports:read'","","JwtAuthGuard, RolesPermissionsGuard, EntitlementGuard","","'module.accounting'","","","accountingService.getDashboardSummary","Decorator inventory only; downstream review in baseline report"
"apps/api/src/accounting/accounting.controller.ts","80","AccountingController","listPostingBatches","GET","'accounting'","'posting-batches'","'accounting:posting-batches:read'","","JwtAuthGuard, RolesPermissionsGuard, EntitlementGuard","","'module.accounting'","","","accountingService.listPostingBatches","Decorator inventory only; downstream review in baseline report"
"apps/api/src/accounting/accounting.controller.ts","89","AccountingController","retryPostingBatch","POST","'accounting'","'posting-batches/:id/retry'","'accounting:posting-batches:retry'","","JwtAuthGuard, RolesPermissionsGuard, EntitlementGuard","","'module.accounting'","","","accountingService.retryPostingBatch","Decorator inventory only; downstream review in baseline report"
"apps/api/src/accounting/accounting.controller.ts","95","AccountingController","listSourceMappings","GET","'accounting'","'source-mappings'","'accounting:reports:read'","","JwtAuthGuard, RolesPermissionsGuard, EntitlementGuard","","'module.accounting'","","","sourceMappings.listMappings","Decorator inventory only; downstream review in baseline report"
"apps/api/src/accounting/accounting.controller.ts","104","AccountingController","sourceMappingHealth","GET","'accounting'","'source-mappings/health'","'accounting:reports:read'","","JwtAuthGuard, RolesPermissionsGuard, EntitlementGuard","","'module.accounting'","","","sourceMappings.getSourceMappingHealth","Decorator inventory only; downstream review in baseline report"
"apps/api/src/accounting/accounting.controller.ts","110","AccountingController","createSourceMapping","POST","'accounting'","'source-mappings'","'accounting:settings:update'","","JwtAuthGuard, RolesPermissionsGuard, EntitlementGuard","","'module.accounting'","","","sourceMappings.createMapping","Decorator inventory only; downstream review in baseline report"
"apps/api/src/accounting/accounting.controller.ts","119","AccountingController","archiveSourceMapping","POST","'accounting'","'source-mappings/:id/archive'","'accounting:settings:update'","","JwtAuthGuard, RolesPermissionsGuard, EntitlementGuard","","'module.accounting'","","","sourceMappings.archiveMapping","Decorator inventory only; downstream review in baseline report"
"apps/api/src/accounting/accounting.controller.ts","129","AccountingController","listChartAccounts","GET","'accounting'","'accounts'","'accounting:accounts:read'","","JwtAuthGuard, RolesPermissionsGuard, EntitlementGuard","","'module.accounting'","","","accountingService.listChartAccounts","Decorator inventory only; downstream review in baseline report"
"apps/api/src/accounting/accounting.controller.ts","135","AccountingController","listChartAccountsLegacy","GET","'accounting'","'chart-accounts'","'accounting:accounts:read'","","JwtAuthGuard, RolesPermissionsGuard, EntitlementGuard","","'module.accounting'","","","accountingService.listChartAccounts","Decorator inventory only; downstream review in baseline report"
"apps/api/src/accounting/accounting.controller.ts","141","AccountingController","listChartAccountTree","GET","'accounting'","'accounts/tree'","'accounting:accounts:read'","","JwtAuthGuard, RolesPermissionsGuard, EntitlementGuard","","'module.accounting'","","","accountingService.listChartAccountTree","Decorator inventory only; downstream review in baseline report"
"apps/api/src/accounting/accounting.controller.ts","147","AccountingController","seedDefaultChart","POST","'accounting'","'accounts/seed-defaults'","'accounting:accounts:write'","","JwtAuthGuard, RolesPermissionsGuard, EntitlementGuard","","'module.accounting'","","","accountingService.seedDefaultChart","Decorator inventory only; downstream review in baseline report"
"apps/api/src/accounting/accounting.controller.ts","153","AccountingController","createChartAccount","POST","'accounting'","'accounts'","'accounting:accounts:write'","","JwtAuthGuard, RolesPermissionsGuard, EntitlementGuard","","'module.accounting'","","","accountingService.createChartAccount","Decorator inventory only; downstream review in baseline report"
"apps/api/src/accounting/accounting.controller.ts","162","AccountingController","createChartAccountLegacy","POST","'accounting'","'chart-accounts'","'accounting:accounts:write'","","JwtAuthGuard, RolesPermissionsGuard, EntitlementGuard","","'module.accounting'","","","accountingService.createChartAccount","Decorator inventory only; downstream review in baseline report"
"apps/api/src/accounting/accounting.controller.ts","171","AccountingController","updateChartAccount","PATCH","'accounting'","'accounts/:id'","'accounting:accounts:write'","","JwtAuthGuard, RolesPermissionsGuard, EntitlementGuard","","'module.accounting'","","","accountingService.updateChartAccount","Decorator inventory only; downstream review in baseline report"
"apps/api/src/accounting/accounting.controller.ts","181","AccountingController","archiveChartAccount","POST","'accounting'","'accounts/:id/archive'","'accounting:accounts:write'","","JwtAuthGuard, RolesPermissionsGuard, EntitlementGuard","","'module.accounting'","","","accountingService.archiveChartAccount","Decorator inventory only; downstream review in baseline report"
"apps/api/src/accounting/accounting.controller.ts","190","AccountingController","listPeriods","GET","'accounting'","'periods'","'accounting:reports:read'","","JwtAuthGuard, RolesPermissionsGuard, EntitlementGuard","","'module.accounting'","","","accountingService.listPeriods","Decorator inventory only; downstream review in baseline report"
"apps/api/src/accounting/accounting.controller.ts","196","AccountingController","createPeriod","POST","'accounting'","'periods'","'accounting:fiscal:manage'","","JwtAuthGuard, RolesPermissionsGuard, EntitlementGuard","","'module.accounting'","","","accountingService.createPeriod","Decorator inventory only; downstream review in baseline report"
"apps/api/src/accounting/accounting.controller.ts","205","AccountingController","createFiscalYear","POST","'accounting'","'fiscal-years'","'accounting:fiscal:manage'","","JwtAuthGuard, RolesPermissionsGuard, EntitlementGuard","","'module.accounting'","","","accountingService.createFiscalYear","Decorator inventory only; downstream review in baseline report"
"apps/api/src/accounting/accounting.controller.ts","214","AccountingController","listFiscalYears","GET","'accounting'","'fiscal-years'","'accounting:reports:read'","","JwtAuthGuard, RolesPermissionsGuard, EntitlementGuard","","'module.accounting'","","","accountingService.listFiscalYears","Decorator inventory only; downstream review in baseline report"
"apps/api/src/accounting/accounting.controller.ts","220","AccountingController","listFiscalPeriods","GET","'accounting'","'fiscal-years/:id/periods'","'accounting:reports:read'","","JwtAuthGuard, RolesPermissionsGuard, EntitlementGuard","","'module.accounting'","","","accountingService.listFiscalPeriods","Decorator inventory only; downstream review in baseline report"
"apps/api/src/accounting/accounting.controller.ts","226","AccountingController","lockFiscalPeriod","POST","'accounting'","'fiscal-periods/:id/lock'","'accounting:fiscal:manage'","","JwtAuthGuard, RolesPermissionsGuard, EntitlementGuard","","'module.accounting'","","","accountingService.lockFiscalPeriod","Decorator inventory only; downstream review in baseline report"
"apps/api/src/accounting/accounting.controller.ts","236","AccountingController","unlockFiscalPeriod","POST","'accounting'","'fiscal-periods/:id/unlock'","'accounting:fiscal:manage'","","JwtAuthGuard, RolesPermissionsGuard, EntitlementGuard","","'module.accounting'","","","accountingService.unlockFiscalPeriod","Decorator inventory only; downstream review in baseline report"
"apps/api/src/accounting/accounting.controller.ts","246","AccountingController","closeFiscalPeriod","POST","'accounting'","'fiscal-periods/:id/close'","'accounting:fiscal:manage'","","JwtAuthGuard, RolesPermissionsGuard, EntitlementGuard","","'module.accounting'","","","accountingService.closeFiscalPeriod","Decorator inventory only; downstream review in baseline report"
"apps/api/src/accounting/accounting.controller.ts","256","AccountingController","getFiscalPeriodCloseReadiness","GET","'accounting'","'fiscal-periods/:id/close-readiness'","'accounting:reports:read'","","JwtAuthGuard, RolesPermissionsGuard, EntitlementGuard","","'module.accounting'","","","accountingService.getFiscalPeriodCloseReadiness","Decorator inventory only; downstream review in baseline report"
"apps/api/src/accounting/accounting.controller.ts","265","AccountingController","reopenFiscalPeriod","POST","'accounting'","'fiscal-periods/:id/reopen'","'accounting:fiscal:reopen'","","JwtAuthGuard, RolesPermissionsGuard, EntitlementGuard","","'module.accounting'","","","accountingService.reopenFiscalPeriod","Decorator inventory only; downstream review in baseline report"
"apps/api/src/accounting/accounting.controller.ts","275","AccountingController","reports","GET","'accounting'","'reports'","'accounting:reports:read'","","JwtAuthGuard, RolesPermissionsGuard, EntitlementGuard","","'module.accounting'","","","accountingService.buildReports","Decorator inventory only; downstream review in baseline report"
"apps/api/src/accounting/accounting.controller.ts","281","AccountingController","accountLedger","GET","'accounting'","'accounts/:accountId/ledger'","'accounting:reports:read'","","JwtAuthGuard, RolesPermissionsGuard, EntitlementGuard","","'module.accounting'","","","accountingService.getAccountLedger","Decorator inventory only; downstream review in baseline report"
"apps/api/src/accounting/accounting.controller.ts","290","AccountingController","incomeStatement","GET","'accounting'","'reports/income-statement'","'accounting:reports:read'","","JwtAuthGuard, RolesPermissionsGuard, EntitlementGuard","","'module.accounting'","","","accountingService.getIncomeStatement","Decorator inventory only; downstream review in baseline report"
"apps/api/src/accounting/accounting.controller.ts","299","AccountingController","balanceSheet","GET","'accounting'","'reports/balance-sheet'","'accounting:reports:read'","","JwtAuthGuard, RolesPermissionsGuard, EntitlementGuard","","'module.accounting'","","","accountingService.getBalanceSheet","Decorator inventory only; downstream review in baseline report"
"apps/api/src/accounting/accounting.controller.ts","308","AccountingController","cashBook","GET","'accounting'","'reports/cash-book'","'accounting:reports:read'","","JwtAuthGuard, RolesPermissionsGuard, EntitlementGuard","","'module.accounting'","","","accountingService.getCashBook","Decorator inventory only; downstream review in baseline report"
"apps/api/src/accounting/accounting.controller.ts","314","AccountingController","vatSummary","GET","'accounting'","'reports/vat-summary'","'accounting:reports:read'","","JwtAuthGuard, RolesPermissionsGuard, EntitlementGuard","","'module.accounting'","","","accountingService.getVatSummary","Decorator inventory only; downstream review in baseline report"
"apps/api/src/accounting/accounting.controller.ts","320","AccountingController","tdsSummary","GET","'accounting'","'reports/tds-summary'","'accounting:reports:read'","","JwtAuthGuard, RolesPermissionsGuard, EntitlementGuard","","'module.accounting'","","","accountingService.getTdsSummary","Decorator inventory only; downstream review in baseline report"
"apps/api/src/accounting/accounting.controller.ts","326","AccountingController","pfSummary","GET","'accounting'","'reports/pf-summary'","'accounting:reports:read'","","JwtAuthGuard, RolesPermissionsGuard, EntitlementGuard","","'module.accounting'","","","accountingService.getPfSummary","Decorator inventory only; downstream review in baseline report"
"apps/api/src/accounting/accounting.controller.ts","332","AccountingController","reconciliationSummary","GET","'accounting'","'reports/reconciliation'","'accounting:read'","","JwtAuthGuard, RolesPermissionsGuard, EntitlementGuard","","'module.accounting'","","","financeService.getReconciliationSummary","Decorator inventory only; downstream review in baseline report"
"apps/api/src/accounting/accounting.controller.ts","341","AccountingController","reconciliationExport","GET","'accounting'","'reports/reconciliation/export'","'accounting:read'","","JwtAuthGuard, RolesPermissionsGuard, EntitlementGuard","","'module.accounting'","","","financeService.exportReconciliation","Decorator inventory only; downstream review in baseline report"
"apps/api/src/accounting/accounting.controller.ts","350","AccountingController","sourceLedgerReconciliation","GET","'accounting'","'reports/source-ledger/reconciliation'","'accounting:reports:read'","","JwtAuthGuard, RolesPermissionsGuard, EntitlementGuard","","'module.accounting'","","","accountingService.getSourceLedgerReconciliation","Decorator inventory only; downstream review in baseline report"
"apps/api/src/accounting/accounting.controller.ts","356","AccountingController","listJournalEntries","GET","'accounting'","'journals'","'accounting:journals:read'","","JwtAuthGuard, RolesPermissionsGuard, EntitlementGuard","","'module.accounting'","","","accountingService.listJournalEntries","Decorator inventory only; downstream review in baseline report"
"apps/api/src/accounting/accounting.controller.ts","362","AccountingController","createManualJournal","POST","'accounting'","'journals'","'accounting:journals:create'","","JwtAuthGuard, RolesPermissionsGuard, EntitlementGuard","","'module.accounting'","","","accountingService.createManualJournal","Decorator inventory only; downstream review in baseline report"
"apps/api/src/accounting/accounting.controller.ts","371","AccountingController","createManualJournalCanonical","POST","'accounting'","'journals/manual'","'accounting:journals:create'","","JwtAuthGuard, RolesPermissionsGuard, EntitlementGuard","","'module.accounting'","","","accountingService.createManualJournal","Decorator inventory only; downstream review in baseline report"
"apps/api/src/accounting/accounting.controller.ts","380","AccountingController","submitManualJournal","POST","'accounting'","'journals/:id/submit'","'accounting:journals:submit'","","JwtAuthGuard, RolesPermissionsGuard, EntitlementGuard","","'module.accounting'","","","accountingService.submitManualJournal","Decorator inventory only; downstream review in baseline report"
"apps/api/src/accounting/accounting.controller.ts","390","AccountingController","approveManualJournal","POST","'accounting'","'journals/:id/approve'","'accounting:journals:approve'","","JwtAuthGuard, RolesPermissionsGuard, EntitlementGuard","","'module.accounting'","","","accountingService.approveManualJournal","Decorator inventory only; downstream review in baseline report"
"apps/api/src/accounting/accounting.controller.ts","400","AccountingController","rejectManualJournal","POST","'accounting'","'journals/:id/reject'","'accounting:journals:reject'","","JwtAuthGuard, RolesPermissionsGuard, EntitlementGuard","","'module.accounting'","","","accountingService.rejectManualJournal","Decorator inventory only; downstream review in baseline report"
"apps/api/src/accounting/accounting.controller.ts","410","AccountingController","postApprovedManualJournal","POST","'accounting'","'journals/:id/post'","'accounting:journals:post'","","JwtAuthGuard, RolesPermissionsGuard, EntitlementGuard","","'module.accounting'","","","accountingService.postApprovedManualJournal","Decorator inventory only; downstream review in baseline report"
"apps/api/src/accounting/accounting.controller.ts","420","AccountingController","cancelManualJournal","POST","'accounting'","'journals/:id/cancel'","'accounting:journals:cancel'","","JwtAuthGuard, RolesPermissionsGuard, EntitlementGuard","","'module.accounting'","","","accountingService.cancelManualJournal","Decorator inventory only; downstream review in baseline report"
"apps/api/src/accounting/accounting.controller.ts","430","AccountingController","getJournalEntry","GET","'accounting'","'journals/:id'","'accounting:journals:read'","","JwtAuthGuard, RolesPermissionsGuard, EntitlementGuard","","'module.accounting'","","","accountingService.getJournalEntry","Decorator inventory only; downstream review in baseline report"
"apps/api/src/accounting/accounting.controller.ts","436","AccountingController","reverseJournalEntry","POST","'accounting'","'journals/:id/reverse'","'accounting:journals:reverse'","","JwtAuthGuard, RolesPermissionsGuard, EntitlementGuard","","'module.accounting'","","","accountingService.reverseJournalEntry","Decorator inventory only; downstream review in baseline report"
"apps/api/src/accounting/accounting.controller.ts","446","AccountingController","correctJournalEntry","POST","'accounting'","'journals/:id/correct'","'accounting:journals:reverse'","","JwtAuthGuard, RolesPermissionsGuard, EntitlementGuard","","'module.accounting'","","","accountingService.correctJournalEntry","Decorator inventory only; downstream review in baseline report"
"apps/api/src/accounting/accounting.controller.ts","456","AccountingController","exportAccountingReport","GET","'accounting'","'exports/:report.csv'","'accounting:exports:create'","","JwtAuthGuard, RolesPermissionsGuard, EntitlementGuard","","'module.accounting'","","","accountingService.exportCsv","Decorator inventory only; downstream review in baseline report"
"apps/api/src/accounting/accounting.controller.ts","466","AccountingController","createExpense","POST","'accounting'","'expenses'","'accounting:close'","","JwtAuthGuard, RolesPermissionsGuard, EntitlementGuard","","'module.accounting'","","","accountingService.createExpense","Decorator inventory only; downstream review in baseline report"
"apps/api/src/accounting/accounting.controller.ts","475","AccountingController","closePeriod","POST","'accounting'","'closing/:id'","'accounting:close'","","JwtAuthGuard, RolesPermissionsGuard, EntitlementGuard","","'module.accounting'","","","accountingService.closePeriod","Decorator inventory only; downstream review in baseline report"
"apps/api/src/accounting/accounting.controller.ts","483","AccountingController","createOpeningBalance","POST","'accounting'","'opening-balance'","'accounting:journals:create'","","JwtAuthGuard, RolesPermissionsGuard, EntitlementGuard","","'module.accounting'","","","accountingService.createOpeningBalance","Decorator inventory only; downstream review in baseline report"
"apps/api/src/accounting/accounting.controller.ts","492","AccountingController","getOpeningBalance","GET","'accounting'","'opening-balance/:fiscalYearId'","'accounting:reports:read'","","JwtAuthGuard, RolesPermissionsGuard, EntitlementGuard","","'module.accounting'","","","accountingService.getOpeningBalance","Decorator inventory only; downstream review in baseline report"
"apps/api/src/accounting/accounting.controller.ts","503","AccountingController","createExpenseVoucher","POST","'accounting'","'vouchers/expense'","'accounting:journals:create'","","JwtAuthGuard, RolesPermissionsGuard, EntitlementGuard","","'module.accounting'","","","accountingService.createExpenseVoucher","Decorator inventory only; downstream review in baseline report"
"apps/api/src/accounting/accounting.controller.ts","512","AccountingController","createPaymentVoucher","POST","'accounting'","'vouchers/payment'","'accounting:journals:create'","","JwtAuthGuard, RolesPermissionsGuard, EntitlementGuard","","'module.accounting'","","","accountingService.createPaymentVoucher","Decorator inventory only; downstream review in baseline report"
"apps/api/src/accounting/accounting.controller.ts","521","AccountingController","createReceiptVoucher","POST","'accounting'","'vouchers/receipt'","'accounting:journals:create'","","JwtAuthGuard, RolesPermissionsGuard, EntitlementGuard","","'module.accounting'","","","accountingService.createReceiptVoucher","Decorator inventory only; downstream review in baseline report"
"apps/api/src/accounting/accounting.controller.ts","530","AccountingController","createContraVoucher","POST","'accounting'","'vouchers/contra'","'accounting:journals:create'","","JwtAuthGuard, RolesPermissionsGuard, EntitlementGuard","","'module.accounting'","","","accountingService.createContraVoucher","Decorator inventory only; downstream review in baseline report"
"apps/api/src/accounting/accounting.controller.ts","541","AccountingController","getFiscalYearCloseReadiness","GET","'accounting'","'fiscal-years/:id/close-readiness'","'accounting:reports:read'","","JwtAuthGuard, RolesPermissionsGuard, EntitlementGuard","","'module.accounting'","","","accountingService.getFiscalYearCloseReadiness","Decorator inventory only; downstream review in baseline report"
"apps/api/src/accounting/accounting.controller.ts","550","AccountingController","closeFiscalYear","POST","'accounting'","'fiscal-years/:id/close-year'","'accounting:fiscal:manage'","","JwtAuthGuard, RolesPermissionsGuard, EntitlementGuard","","'module.accounting'","","","accountingService.closeFiscalYear","Decorator inventory only; downstream review in baseline report"
"apps/api/src/accounting/accounting.controller.ts","560","AccountingController","reopenFiscalYear","POST","'accounting'","'fiscal-years/:id/reopen-year'","'accounting:fiscal:reopen'","","JwtAuthGuard, RolesPermissionsGuard, EntitlementGuard","","'module.accounting'","","","accountingService.reopenFiscalYear","Decorator inventory only; downstream review in baseline report"
"apps/api/src/accounting/accounting.controller.ts","572","AccountingController","previewBankStatementImport","POST","'accounting'","'bank-reconciliation/:accountId/import-preview'","'accounting:settings:update'","","JwtAuthGuard, RolesPermissionsGuard, EntitlementGuard","","'module.accounting'","","","accountingService.previewBankStatementImport","Decorator inventory only; downstream review in baseline report"
"apps/api/src/accounting/accounting.controller.ts","586","AccountingController","importBankStatement","POST","'accounting'","'bank-reconciliation/:accountId/import'","'accounting:settings:update'","","JwtAuthGuard, RolesPermissionsGuard, EntitlementGuard","","'module.accounting'","","","accountingService.importBankStatement","Decorator inventory only; downstream review in baseline report"
"apps/api/src/accounting/accounting.controller.ts","601","AccountingController","queueBankStatementImport","POST","'accounting'","'bank-reconciliation/:accountId/import-queue'","'accounting:settings:update'","","JwtAuthGuard, RolesPermissionsGuard, EntitlementGuard","","'module.accounting'","","","bankImportJobsService.queueBankStatementImport","Decorator inventory only; downstream review in baseline report"
"apps/api/src/accounting/accounting.controller.ts","615","AccountingController","listBankImportJobs","GET","'accounting'","'bank-reconciliation/:accountId/import-jobs'","'accounting:reports:read'","","JwtAuthGuard, RolesPermissionsGuard, EntitlementGuard","","'module.accounting'","","","bankImportJobsService.listBankImportJobs","Decorator inventory only; downstream review in baseline report"
"apps/api/src/accounting/accounting.controller.ts","624","AccountingController","getBankImportJob","GET","'accounting'","'bank-reconciliation/import-jobs/:jobId'","'accounting:reports:read'","","JwtAuthGuard, RolesPermissionsGuard, EntitlementGuard","","'module.accounting'","","","bankImportJobsService.getBankImportJob","Decorator inventory only; downstream review in baseline report"
"apps/api/src/accounting/accounting.controller.ts","633","AccountingController","getUnreconciledStatements","GET","'accounting'","'bank-reconciliation/:accountId/unreconciled'","'accounting:reports:read'","","JwtAuthGuard, RolesPermissionsGuard, EntitlementGuard","","'module.accounting'","","","accountingService.getUnreconciledStatements","Decorator inventory only; downstream review in baseline report"
"apps/api/src/accounting/accounting.controller.ts","642","AccountingController","suggestReconciliationMatches","GET","'accounting'","'bank-reconciliation/:accountId/auto-match'","'accounting:reports:read'","","JwtAuthGuard, RolesPermissionsGuard, EntitlementGuard","","'module.accounting'","","","accountingService.suggestBankReconciliationMatches","Decorator inventory only; downstream review in baseline report"
"apps/api/src/accounting/accounting.controller.ts","654","AccountingController","reconcileStatement","POST","'accounting'","'bank-reconciliation/reconcile'","'accounting:settings:update'","","JwtAuthGuard, RolesPermissionsGuard, EntitlementGuard","","'module.accounting'","","","accountingService.reconcileStatement","Decorator inventory only; downstream review in baseline report"
"apps/api/src/accounting/accounting.controller.ts","667","AccountingController","unreconcileStatement","POST","'accounting'","'bank-reconciliation/unreconcile'","'accounting:settings:update'","","JwtAuthGuard, RolesPermissionsGuard, EntitlementGuard","","'module.accounting'","","","accountingService.unreconcileStatement","Decorator inventory only; downstream review in baseline report"
"apps/api/src/accounting/accounting.controller.ts","680","AccountingController","getReconciliationSummary","GET","'accounting'","'bank-reconciliation/:accountId/summary'","'accounting:reports:read'","","JwtAuthGuard, RolesPermissionsGuard, EntitlementGuard","","'module.accounting'","","","accountingService.getReconciliationSummary","Decorator inventory only; downstream review in baseline report"
"apps/api/src/activity-feed/activity-feed.controller.ts","78","ActivityFeedController","listPosts","GET","'activity-feed'","'posts'","'activity_feed:read'","","JwtAuthGuard, RolesPermissionsGuard, EntitlementGuard","'activity'","","","","activityFeedService.listPosts","Decorator inventory only; downstream review in baseline report"
"apps/api/src/activity-feed/activity-feed.controller.ts","103","ActivityFeedController","listParentPosts","GET","'activity-feed'","'parent'","'activity_feed:read'","","JwtAuthGuard, RolesPermissionsGuard, EntitlementGuard","'activity'","","","","activityFeedService.listPosts","Decorator inventory only; downstream review in baseline report"
"apps/api/src/activity-feed/activity-feed.controller.ts","122","ActivityFeedController","getReactionAnalytics","GET","'activity-feed'","'reactions/analytics'","'activity_feed:read'","","JwtAuthGuard, RolesPermissionsGuard, EntitlementGuard","'activity'","","","","activityFeedService.getReactionAnalytics","Decorator inventory only; downstream review in baseline report"
"apps/api/src/activity-feed/activity-feed.controller.ts","128","ActivityFeedController","previewAudience","GET","'activity-feed'","'audience-preview'","'activity_feed:read'","","JwtAuthGuard, RolesPermissionsGuard, EntitlementGuard","'activity'","","","","activityFeedService.previewAudience","Decorator inventory only; downstream review in baseline report"
"apps/api/src/activity-feed/activity-feed.controller.ts","143","ActivityFeedController","getPostDetail","GET","'activity-feed'","'posts/:id'","'activity_feed:read'","","JwtAuthGuard, RolesPermissionsGuard, EntitlementGuard","'activity'","","","","activityFeedService.getPostDetail","Decorator inventory only; downstream review in baseline report"
"apps/api/src/activity-feed/activity-feed.controller.ts","149","ActivityFeedController","listGallery","GET","'activity-feed'","'gallery'","'activity_feed:read'","","JwtAuthGuard, RolesPermissionsGuard, EntitlementGuard","'activity'","","","","activityFeedService.listGallery","Decorator inventory only; downstream review in baseline report"
"apps/api/src/activity-feed/activity-feed.controller.ts","170","ActivityFeedController","createPost","POST","'activity-feed'","'posts'","'activity_feed:create'","","JwtAuthGuard, RolesPermissionsGuard, EntitlementGuard","'activity'","","","","activityFeedService.createPost","Decorator inventory only; downstream review in baseline report"
"apps/api/src/activity-feed/activity-feed.controller.ts","179","ActivityFeedController","updatePost","PATCH","'activity-feed'","'posts/:id'","'activity_feed:create'","","JwtAuthGuard, RolesPermissionsGuard, EntitlementGuard","'activity'","","","","activityPostLifecycleService.updatePost","Decorator inventory only; downstream review in baseline report"
"apps/api/src/activity-feed/activity-feed.controller.ts","189","ActivityFeedController","softDeletePost","DELETE","'activity-feed'","'posts/:id'","'activity_feed:create'","","JwtAuthGuard, RolesPermissionsGuard, EntitlementGuard","'activity'","","","","activityPostLifecycleService.softDeletePost","Decorator inventory only; downstream review in baseline report"
"apps/api/src/activity-feed/activity-feed.controller.ts","199","ActivityFeedController","restorePost","PATCH","'activity-feed'","'posts/:id/restore'","'activity_feed:moderate'","","JwtAuthGuard, RolesPermissionsGuard, EntitlementGuard","'activity'","","","","activityPostLifecycleService.restorePost","Decorator inventory only; downstream review in baseline report"
"apps/api/src/activity-feed/activity-feed.controller.ts","205","ActivityFeedController","moderatePost","PATCH","'activity-feed'","'posts/:id/moderation'","'activity_feed:moderate'","","JwtAuthGuard, RolesPermissionsGuard, EntitlementGuard","'activity'","","","","activityPostLifecycleService.moderatePost","Decorator inventory only; downstream review in baseline report"
"apps/api/src/activity-feed/activity-feed.controller.ts","215","ActivityFeedController","createReaction","POST","'activity-feed'","'posts/:id/reactions'","'activity_feed:read'","","JwtAuthGuard, RolesPermissionsGuard, EntitlementGuard","'activity'","","","","activityFeedService.createReaction","Decorator inventory only; downstream review in baseline report"
"apps/api/src/activity-feed/activity-feed.controller.ts","225","ActivityFeedController","listMoodLogs","GET","'activity-feed'","'mood-logs'","'activity_feed:read'","","JwtAuthGuard, RolesPermissionsGuard, EntitlementGuard","'activity'","","","","activityFeedService.listMoodLogs","Decorator inventory only; downstream review in baseline report"
"apps/api/src/activity-feed/activity-feed.controller.ts","231","ActivityFeedController","createMoodLog","POST","'activity-feed'","'mood-logs'","'activity_feed:create'","","JwtAuthGuard, RolesPermissionsGuard, EntitlementGuard","'activity'","","","","activityFeedService.createMoodLog","Decorator inventory only; downstream review in baseline report"
"apps/api/src/activity-feed/activity-feed.controller.ts","240","ActivityFeedController","listMilestones","GET","'activity-feed'","'milestones'","'activity_feed:read'","","JwtAuthGuard, RolesPermissionsGuard, EntitlementGuard","'activity'","","","","activityFeedService.listMilestones","Decorator inventory only; downstream review in baseline report"
"apps/api/src/activity-feed/activity-feed.controller.ts","250","ActivityFeedController","listMilestoneTemplates","GET","'activity-feed'","'milestone-templates'","'activity_feed:read'","","JwtAuthGuard, RolesPermissionsGuard, EntitlementGuard","'activity'","","","","activityFeedService.listMilestoneTemplates","Decorator inventory only; downstream review in baseline report"
"apps/api/src/activity-feed/activity-feed.controller.ts","259","ActivityFeedController","createMilestone","POST","'activity-feed'","'milestones'","'activity_feed:create'","","JwtAuthGuard, RolesPermissionsGuard, EntitlementGuard","'activity'","","","","activityFeedService.createMilestone","Decorator inventory only; downstream review in baseline report"
"apps/api/src/activity-feed/activity-feed.controller.ts","268","ActivityFeedController","getMediaPreviewUrl","GET","'activity-feed'","'media/:id/preview-url'","'activity_feed:read'","","JwtAuthGuard, RolesPermissionsGuard, EntitlementGuard","'activity'","","","","activityMediaService.getAttachmentAccessUrl","Decorator inventory only; downstream review in baseline report"
"apps/api/src/activity-feed/activity-feed.controller.ts","281","ActivityFeedController","getMediaDownloadUrl","GET","'activity-feed'","'media/:id/download-url'","'activity_feed:read'","","JwtAuthGuard, RolesPermissionsGuard, EntitlementGuard","'activity'","","","","activityMediaService.getAttachmentAccessUrl","Decorator inventory only; downstream review in baseline report"
"apps/api/src/activity-feed/activity-feed.controller.ts","294","ActivityFeedController","getParentMediaPreviewUrl","GET","'activity-feed'","'parent/media/:id/preview-url'","'activity_feed:read'","","JwtAuthGuard, RolesPermissionsGuard, EntitlementGuard","'activity'","","","","activityMediaService.getAttachmentAccessUrl","Decorator inventory only; downstream review in baseline report"
"apps/api/src/activity-feed/activity-feed.controller.ts","307","ActivityFeedController","getParentMediaDownloadUrl","GET","'activity-feed'","'parent/media/:id/download-url'","'activity_feed:read'","","JwtAuthGuard, RolesPermissionsGuard, EntitlementGuard","'activity'","","","","activityMediaService.getAttachmentAccessUrl","Decorator inventory only; downstream review in baseline report"
"apps/api/src/activity-feed/activity-feed.controller.ts","320","ActivityFeedController","getAttachmentPreview","GET","'activity-feed'","'attachments/:id/preview'","'activity_feed:read'","","JwtAuthGuard, RolesPermissionsGuard, EntitlementGuard","'activity'","","","","activityMediaService.getAttachmentMedia","Decorator inventory only; downstream review in baseline report"
"apps/api/src/activity-feed/activity-feed.controller.ts","350","ActivityFeedController","getAttachmentThumbnail","GET","'activity-feed'","'attachments/:id/thumbnail'","'activity_feed:read'","","JwtAuthGuard, RolesPermissionsGuard, EntitlementGuard","'activity'","","","","activityMediaService.getAttachmentMedia","Decorator inventory only; downstream review in baseline report"
"apps/api/src/activity-feed/activity-feed.controller.ts","375","ActivityFeedController","downloadAttachment","GET","'activity-feed'","'attachments/:id/download'","'activity_feed:read'","","JwtAuthGuard, RolesPermissionsGuard, EntitlementGuard","'activity'","","","","activityMediaService.getAttachmentMedia","Decorator inventory only; downstream review in baseline report"
"apps/api/src/activity-feed/media-access.controller.ts","17","MediaAccessController","getPreviewUrl","GET","'media'","':mediaId/preview-url'","'activity_feed:read'","","JwtAuthGuard, RolesPermissionsGuard, EntitlementGuard","'activity'","","","","activityMediaService.getAttachmentAccessUrl","Decorator inventory only; downstream review in baseline report"
"apps/api/src/activity-feed/media-access.controller.ts","30","MediaAccessController","getDownloadUrl","GET","'media'","':mediaId/download-url'","'activity_feed:read'","","JwtAuthGuard, RolesPermissionsGuard, EntitlementGuard","'activity'","","","","activityMediaService.getAttachmentAccessUrl","Decorator inventory only; downstream review in baseline report"
"apps/api/src/admissions/admission-case-follow-ups.controller.ts","19","AdmissionCaseFollowUpsController","getForStudent","GET","'admissions/students'","':studentId/follow-ups'","'students:manage_lifecycle'","","JwtAuthGuard, RolesPermissionsGuard, EntitlementGuard","","'module.students'","","","followUpsService.getForStudent","Decorator inventory only; downstream review in baseline report"
"apps/api/src/admissions/admission-case-queues.controller.ts","48","AdmissionCaseQueuesController","list","GET","'admissions/cases'","","'enrollments:read', 'students:read', 'guardians:read'","","JwtAuthGuard, RolesPermissionsGuard, EntitlementGuard","","'module.students'","","","admissionCaseQueuesService.list","Decorator inventory only; downstream review in baseline report"
"apps/api/src/admissions/admission-cases.controller.ts","45","AdmissionCasesController","listDocumentRequests","GET","'admissions'","'document-requests'","'enrollments:read', 'students:read', 'guardians:read'","","JwtAuthGuard, RolesPermissionsGuard, EntitlementGuard","","'module.students'","","","admissionCasesService.listDocumentRequests","Decorator inventory only; downstream review in baseline report"
"apps/api/src/admissions/admission-cases.controller.ts","54","AdmissionCasesController","requestDocumentReminders","POST","'admissions'","'document-requests/reminders'","'students:manage_lifecycle', 'guardians:read'","","JwtAuthGuard, RolesPermissionsGuard, EntitlementGuard","","'module.students'","","","admissionDocumentReminderService.requestReminders","Decorator inventory only; downstream review in baseline report"
"apps/api/src/admissions/admission-cases.controller.ts","101","AdmissionCasesController","listAssessmentSessions","GET","'admissions'","'assessment-sessions'","'enrollments:read', 'students:read', 'guardians:read'","","JwtAuthGuard, RolesPermissionsGuard, EntitlementGuard","","'module.students'","","","admissionCasesService.listAssessmentSessions","Decorator inventory only; downstream review in baseline report"
"apps/api/src/admissions/admission-cases.controller.ts","110","AdmissionCasesController","listAssessmentCandidates","GET","'admissions'","'assessment-candidates'","'enrollments:read', 'students:read', 'guardians:read'","","JwtAuthGuard, RolesPermissionsGuard, EntitlementGuard","","'module.students'","","","admissionCasesService.listAssessmentCandidates","Decorator inventory only; downstream review in baseline report"
"apps/api/src/admissions/admission-cases.controller.ts","119","AdmissionCasesController","recordAssessmentResult","POST","'admissions'","'assessment-sessions/:assessmentSessionId/result'","'students:manage_lifecycle'","","JwtAuthGuard, RolesPermissionsGuard, EntitlementGuard","","'module.students'","","","admissionCasesService.recordAssessmentResult","Decorator inventory only; downstream review in baseline report"
"apps/api/src/admissions/admission-cases.controller.ts","133","AdmissionCasesController","createCase","POST","'admissions'","'cases'","'enrollments:create', 'students:create', 'guardians:create'","","JwtAuthGuard, RolesPermissionsGuard, EntitlementGuard","","'module.students'","","","admissionCasesService.createCase","Decorator inventory only; downstream review in baseline report"
"apps/api/src/admissions/admission-cases.controller.ts","142","AdmissionCasesController","getCase","GET","'admissions'","'cases/:admissionCaseId'","'enrollments:read', 'students:read', 'guardians:read'","","JwtAuthGuard, RolesPermissionsGuard, EntitlementGuard","","'module.students'","","","admissionCasesService.getCase","Decorator inventory only; downstream review in baseline report"
"apps/api/src/admissions/admission-cases.controller.ts","151","AdmissionCasesController","evaluateCase","GET","'admissions'","'cases/:admissionCaseId/eligibility'","'enrollments:read', 'students:read', 'guardians:read'","","JwtAuthGuard, RolesPermissionsGuard, EntitlementGuard","","'module.students'","","","admissionCasesService.evaluateCase","Decorator inventory only; downstream review in baseline report"
"apps/api/src/admissions/admission-cases.controller.ts","160","AdmissionCasesController","updateCase","PATCH","'admissions'","'cases/:admissionCaseId'","'enrollments:create', 'students:create', 'guardians:create'","","JwtAuthGuard, RolesPermissionsGuard, EntitlementGuard","","'module.students'","","","admissionCasesService.updateCase","Decorator inventory only; downstream review in baseline report"
"apps/api/src/admissions/admission-cases.controller.ts","170","AdmissionCasesController","scheduleAssessmentSession","POST","'admissions'","'cases/:admissionCaseId/assessment-session'","'students:manage_lifecycle'","","JwtAuthGuard, RolesPermissionsGuard, EntitlementGuard","","'module.students'","","","admissionCasesService.scheduleAssessmentSession","Decorator inventory only; downstream review in baseline report"
"apps/api/src/admissions/admission-cases.controller.ts","184","AdmissionCasesController","waiveCaseDocument","POST","'admissions'","'cases/:admissionCaseId/documents/waive'","'students:manage_lifecycle'","","JwtAuthGuard, RolesPermissionsGuard, EntitlementGuard","","'module.students'","","","admissionCasesService.waiveCaseDocument","Decorator inventory only; downstream review in baseline report"
"apps/api/src/admissions/admission-cases.controller.ts","198","AdmissionCasesController","removeCaseDocumentWaiver","POST","'admissions'","'cases/:admissionCaseId/documents/unwaive'","'students:manage_lifecycle'","","JwtAuthGuard, RolesPermissionsGuard, EntitlementGuard","","'module.students'","","","admissionCasesService.removeCaseDocumentWaiver","Decorator inventory only; downstream review in baseline report"
"apps/api/src/admissions/admission-cases.controller.ts","212","AdmissionCasesController","reviewCase","POST","'admissions'","'cases/:admissionCaseId/review'","'students:manage_lifecycle'","","JwtAuthGuard, RolesPermissionsGuard, EntitlementGuard","","'module.students'","","","admissionCasesService.reviewCase","Decorator inventory only; downstream review in baseline report"
"apps/api/src/admissions/admission-cases.controller.ts","222","AdmissionCasesController","directAdmit","POST","'admissions'","'cases/:admissionCaseId/direct-admit'","'enrollments:create', 'students:create', 'guardians:create'","","JwtAuthGuard, RolesPermissionsGuard, EntitlementGuard","","'module.students'","","","admissionCasesService.directAdmit","Decorator inventory only; downstream review in baseline report"
"apps/api/src/admissions/admission-cases.controller.ts","232","AdmissionCasesController","finalizeApprovedCase","POST","'admissions'","'cases/:admissionCaseId/finalize'","'enrollments:create', 'students:create', 'guardians:create'","","JwtAuthGuard, RolesPermissionsGuard, EntitlementGuard","","'module.students'","","","admissionCasesService.finalizeApprovedCase","Decorator inventory only; downstream review in baseline report"
"apps/api/src/admissions/admission-policy.controller.ts","39","AdmissionPolicyController","list","GET","'admissions/policies'","","'admission_policy:read'","","JwtAuthGuard, RolesPermissionsGuard, EntitlementGuard","","'module.students'","","","admissionPolicyService.list","Decorator inventory only; downstream review in baseline report"
"apps/api/src/admissions/admission-policy.controller.ts","45","AdmissionPolicyController","listTemplates","GET","'admissions/policies'","'templates'","'admission_policy:read'","","JwtAuthGuard, RolesPermissionsGuard, EntitlementGuard","","'module.students'","","","admissionPolicyService.listTemplates","Decorator inventory only; downstream review in baseline report"
"apps/api/src/admissions/admission-policy.controller.ts","51","AdmissionPolicyController","get","GET","'admissions/policies'","':policyId'","'admission_policy:read'","","JwtAuthGuard, RolesPermissionsGuard, EntitlementGuard","","'module.students'","","","admissionPolicyService.get","Decorator inventory only; downstream review in baseline report"
"apps/api/src/admissions/admission-policy.controller.ts","57","AdmissionPolicyController","listVersions","GET","'admissions/policies'","':policyId/versions'","'admission_policy:read'","","JwtAuthGuard, RolesPermissionsGuard, EntitlementGuard","","'module.students'","","","admissionPolicyService.listVersions","Decorator inventory only; downstream review in baseline report"
"apps/api/src/admissions/admission-policy.controller.ts","66","AdmissionPolicyController","listAuditTrail","GET","'admissions/policies'","':policyId/audit'","'admission_policy:read'","","JwtAuthGuard, RolesPermissionsGuard, EntitlementGuard","","'module.students'","","","admissionPolicyService.listAuditTrail","Decorator inventory only; downstream review in baseline report"
"apps/api/src/admissions/admission-policy.controller.ts","75","AdmissionPolicyController","create","POST","'admissions/policies'","","'admission_policy:manage'","","JwtAuthGuard, RolesPermissionsGuard, EntitlementGuard","","'module.students'","","","admissionPolicyService.create","Decorator inventory only; downstream review in baseline report"
"apps/api/src/admissions/admission-policy.controller.ts","84","AdmissionPolicyController","updateIdentity","PATCH","'admissions/policies'","':policyId'","'admission_policy:manage'","","JwtAuthGuard, RolesPermissionsGuard, EntitlementGuard","","'module.students'","","","admissionPolicyService.updateIdentity","Decorator inventory only; downstream review in baseline report"
"apps/api/src/admissions/admission-policy.controller.ts","94","AdmissionPolicyController","updateDraftVersion","PATCH","'admissions/policies'","':policyId/draft-version'","'admission_policy:manage'","","JwtAuthGuard, RolesPermissionsGuard, EntitlementGuard","","'module.students'","","","admissionPolicyService.updateDraftVersion","Decorator inventory only; downstream review in baseline report"
"apps/api/src/admissions/admission-policy.controller.ts","104","AdmissionPolicyController","startDraftVersion","POST","'admissions/policies'","':policyId/draft-version'","'admission_policy:manage'","","JwtAuthGuard, RolesPermissionsGuard, EntitlementGuard","","'module.students'","","","admissionPolicyService.startDraftVersion","Decorator inventory only; downstream review in baseline report"
"apps/api/src/admissions/admission-policy.controller.ts","113","AdmissionPolicyController","upsertDocumentRequirement","POST","'admissions/policies'","':policyId/versions/:versionId/document-requirements'","'admission_policy:manage'","","JwtAuthGuard, RolesPermissionsGuard, EntitlementGuard","","'module.students'","","","admissionPolicyService.upsertDocumentRequirement","Decorator inventory only; downstream review in baseline report"
"apps/api/src/admissions/admission-policy.controller.ts","129","AdmissionPolicyController","deleteDocumentRequirement","DELETE","'admissions/policies'","':policyId/versions/:versionId/document-requirements/:requirementId'","'admission_policy:manage'","","JwtAuthGuard, RolesPermissionsGuard, EntitlementGuard","","'module.students'","","","admissionPolicyService.deleteDocumentRequirement","Decorator inventory only; downstream review in baseline report"
"apps/api/src/admissions/admission-policy.controller.ts","145","AdmissionPolicyController","replaceApprovalChain","PUT","'admissions/policies'","':policyId/versions/:versionId/approval-chain'","'admission_policy:manage'","","JwtAuthGuard, RolesPermissionsGuard, EntitlementGuard","","'module.students'","","","admissionPolicyService.replaceApprovalChain","Decorator inventory only; downstream review in baseline report"
"apps/api/src/admissions/admission-policy.controller.ts","161","AdmissionPolicyController","deleteApprovalChain","DELETE","'admissions/policies'","':policyId/versions/:versionId/approval-chain'","'admission_policy:manage'","","JwtAuthGuard, RolesPermissionsGuard, EntitlementGuard","","'module.students'","","","admissionPolicyService.deleteApprovalChain","Decorator inventory only; downstream review in baseline report"
"apps/api/src/admissions/admission-policy.controller.ts","175","AdmissionPolicyController","activate","POST","'admissions/policies'","':policyId/activate'","'admission_policy:manage'","","JwtAuthGuard, RolesPermissionsGuard, EntitlementGuard","","'module.students'","","","admissionPolicyService.activate","Decorator inventory only; downstream review in baseline report"
"apps/api/src/admissions/admission-policy.controller.ts","185","AdmissionPolicyController","archive","POST","'admissions/policies'","':policyId/archive'","'admission_policy:manage'","","JwtAuthGuard, RolesPermissionsGuard, EntitlementGuard","","'module.students'","","","admissionPolicyService.archive","Decorator inventory only; downstream review in baseline report"
"apps/api/src/admissions/admission-policy.controller.ts","195","AdmissionPolicyController","duplicate","POST","'admissions/policies'","':policyId/duplicate'","'admission_policy:manage'","","JwtAuthGuard, RolesPermissionsGuard, EntitlementGuard","","'module.students'","","","admissionPolicyService.duplicate","Decorator inventory only; downstream review in baseline report"
"apps/api/src/admissions/admissions.controller.ts","39","AdmissionsController","listAdmissions","GET","'admissions'","","'enrollments:read', 'students:read', 'guardians:read'","","JwtAuthGuard, RolesPermissionsGuard, EntitlementGuard","","'module.students'","","","admissionsService.listAdmissions","Decorator inventory only; downstream review in baseline report"
"apps/api/src/admissions/admissions.controller.ts","48","AdmissionsController","createAdmission","POST","'admissions'","","'enrollments:create', 'students:create', 'guardians:create'","","JwtAuthGuard, RolesPermissionsGuard, EntitlementGuard","","'module.students'","","","admissionsService.createAdmission","Decorator inventory only; downstream review in baseline report"
"apps/api/src/admissions/admissions.controller.ts","57","AdmissionsController","listApplications","GET","'admissions'","'applications'","'enrollments:read', 'students:read', 'guardians:read'","","JwtAuthGuard, RolesPermissionsGuard, EntitlementGuard","","'module.students'","","","admissionsService.listApplications","Decorator inventory only; downstream review in baseline report"
"apps/api/src/admissions/admissions.controller.ts","66","AdmissionsController","createApplication","POST","'admissions'","'applications'","'enrollments:create', 'students:create', 'guardians:create'","","JwtAuthGuard, RolesPermissionsGuard, EntitlementGuard","","'module.students'","","","admissionsService.createApplication","Decorator inventory only; downstream review in baseline report"
"apps/api/src/admissions/admissions.controller.ts","75","AdmissionsController","updateApplicationStatus","POST","'admissions'","'applications/:id/status'","'enrollments:create', 'students:create', 'guardians:create'","","JwtAuthGuard, RolesPermissionsGuard, EntitlementGuard","","'module.students'","","","admissionsService.updateApplicationStatus","Decorator inventory only; downstream review in baseline report"
"apps/api/src/admissions/admissions.controller.ts","89","AdmissionsController","enrollApplication","POST","'admissions'","'applications/:id/enroll'","'enrollments:create', 'students:create', 'guardians:create'","","JwtAuthGuard, RolesPermissionsGuard, EntitlementGuard","","'module.students'","","","admissionsService.enrollApplication","Decorator inventory only; downstream review in baseline report"
"apps/api/src/admissions/admissions.controller.ts","99","AdmissionsController","checkDuplicates","POST","'admissions'","'duplicates'","'students:read'","","JwtAuthGuard, RolesPermissionsGuard, EntitlementGuard","","'module.students'","","","admissionsService.checkDuplicateAdmissions","Decorator inventory only; downstream review in baseline report"
"apps/api/src/admissions/admissions.controller.ts","108","AdmissionsController","getBulkImportTemplate","GET","'admissions'","'bulk-import/template'","'enrollments:create', 'students:create', 'guardians:create'","","JwtAuthGuard, RolesPermissionsGuard, EntitlementGuard","","'module.students'","","","admissionsService.getBulkImportTemplate","Decorator inventory only; downstream review in baseline report"
"apps/api/src/admissions/admissions.controller.ts","119","AdmissionsController","bulkImport","POST","'admissions'","'bulk-import'","'enrollments:create', 'students:create', 'guardians:create'","","JwtAuthGuard, RolesPermissionsGuard, EntitlementGuard","","'module.students'","","","admissionsService.bulkImport","Decorator inventory only; downstream review in baseline report"
"apps/api/src/admissions/admissions.controller.ts","128","AdmissionsController","listImportBatches","GET","'admissions'","'bulk-import/batches'","'enrollments:read', 'students:read'","","JwtAuthGuard, RolesPermissionsGuard, EntitlementGuard","","'module.students'","","","admissionsService.listImportBatches","Decorator inventory only; downstream review in baseline report"
"apps/api/src/admissions/admissions.controller.ts","137","AdmissionsController","getImportBatch","GET","'admissions'","'bulk-import/batches/:id'","'enrollments:read', 'students:read'","","JwtAuthGuard, RolesPermissionsGuard, EntitlementGuard","","'module.students'","","","admissionsService.getImportBatch","Decorator inventory only; downstream review in baseline report"
"apps/api/src/admissions/admissions.controller.ts","146","AdmissionsController","transferStudent","POST","'admissions'","'students/:id/transfer'","'students:manage_lifecycle'","","JwtAuthGuard, RolesPermissionsGuard, EntitlementGuard","","'module.students'","","","admissionsService.transferStudent","Decorator inventory only; downstream review in baseline report"
"apps/api/src/admissions/admissions.controller.ts","156","AdmissionsController","deleteStudent","DELETE","'admissions'","'students/:id'","'students:delete'","","JwtAuthGuard, RolesPermissionsGuard, EntitlementGuard","","'module.students'","","","admissionsService.deleteStudent","Decorator inventory only; downstream review in baseline report"
"apps/api/src/admissions/admissions.controller.ts","165","AdmissionsController","archiveAlumni","POST","'admissions'","'students/:id/archive-alumni'","'students:manage_lifecycle'","","JwtAuthGuard, RolesPermissionsGuard, EntitlementGuard","","'module.students'","","","admissionsService.archiveAlumni","Decorator inventory only; downstream review in baseline report"
"apps/api/src/admissions/admissions.controller.ts","174","AdmissionsController","inviteGuardian","POST","'admissions'","'guardians/:id/invite'","'guardians:create'","","JwtAuthGuard, RolesPermissionsGuard, EntitlementGuard","","'module.students'","","","admissionsService.inviteGuardian","Decorator inventory only; downstream review in baseline report"
"apps/api/src/admissions/admissions.controller.ts","183","AdmissionsController","exportIemis","GET","'admissions'","'iemis-export'","'students:manage_lifecycle', 'reports:export'","","JwtAuthGuard, RolesPermissionsGuard, EntitlementGuard","","'module.students'","","","admissionsService.exportIemis","Decorator inventory only; downstream review in baseline report"
"apps/api/src/admissions/m1-admissions-hardening.controller.ts","42","M1AdmissionsHardeningController","getOwnershipAudit","GET","'admissions/m1'","'students/:id/ownership-audit'","'students:read', 'student_documents:manage'","","JwtAuthGuard, RolesPermissionsGuard, EntitlementGuard","","'module.students'","","","service.getOwnershipAudit","Decorator inventory only; downstream review in baseline report"
"apps/api/src/admissions/m1-admissions-hardening.controller.ts","51","M1AdmissionsHardeningController","autosaveAdmissionDraft","POST","'admissions/m1'","'drafts/autosave'","'enrollments:create', 'students:create', 'guardians:create'","","JwtAuthGuard, RolesPermissionsGuard, EntitlementGuard","","'module.students'","","","service.autosaveAdmissionDraft","Decorator inventory only; downstream review in baseline report"
"apps/api/src/admissions/m1-admissions-hardening.controller.ts","60","M1AdmissionsHardeningController","recoverAdmissionDrafts","GET","'admissions/m1'","'drafts/recover'","'enrollments:read', 'students:read', 'guardians:read'","","JwtAuthGuard, RolesPermissionsGuard, EntitlementGuard","","'module.students'","","","service.recoverAdmissionDrafts","Decorator inventory only; downstream review in baseline report"
"apps/api/src/admissions/m1-admissions-hardening.controller.ts","69","M1AdmissionsHardeningController","enhancedDuplicateReview","POST","'admissions/m1'","'duplicates/review'","'students:read'","","JwtAuthGuard, RolesPermissionsGuard, EntitlementGuard","","'module.students'","","","service.enhancedDuplicateReview","Decorator inventory only; downstream review in baseline report"
"apps/api/src/admissions/m1-admissions-hardening.controller.ts","78","M1AdmissionsHardeningController","resolveRelationships","POST","'admissions/m1'","'relationships/resolve'","'students:read', 'guardians:read'","","JwtAuthGuard, RolesPermissionsGuard, EntitlementGuard","","'module.students'","","","service.resolveRelationships","Decorator inventory only; downstream review in baseline report"
"apps/api/src/admissions/m1-admissions-hardening.controller.ts","87","M1AdmissionsHardeningController","removeGuardianAccess","DELETE","'admissions/m1'","'students/:studentId/guardians/:guardianId'","'guardians:update', 'guardians:verify', 'users:reset_password', 'student_documents:manage'","","JwtAuthGuard, RolesPermissionsGuard, EntitlementGuard","","'module.students'","","","service.removeGuardianAccess","Decorator inventory only; downstream review in baseline report"
"apps/api/src/admissions/m1-admissions-hardening.controller.ts","109","M1AdmissionsHardeningController","generateIdCard","POST","'admissions/m1'","'students/:id/id-card'","'student_documents:manage'","","JwtAuthGuard, RolesPermissionsGuard, EntitlementGuard","","'module.students'","","","service.generateIdCard","Decorator inventory only; downstream review in baseline report"
"apps/api/src/admissions/m1-admissions-hardening.controller.ts","118","M1AdmissionsHardeningController","generateTransferCertificate","POST","'admissions/m1'","'students/:id/transfer-certificate'","'students:manage_lifecycle', 'student_documents:manage'","","JwtAuthGuard, RolesPermissionsGuard, EntitlementGuard","","'module.students'","","","service.generateTransferCertificate","Decorator inventory only; downstream review in baseline report"
"apps/api/src/admissions/m1-admissions-hardening.controller.ts","128","M1AdmissionsHardeningController","graduateStudent","POST","'admissions/m1'","'students/:id/graduate'","'students:manage_lifecycle'","","JwtAuthGuard, RolesPermissionsGuard, EntitlementGuard","","'module.students'","","","service.graduateStudent","Decorator inventory only; downstream review in baseline report"
"apps/api/src/admissions/m1-admissions-hardening.controller.ts","138","M1AdmissionsHardeningController","listImportReviewQueue","GET","'admissions/m1'","'import-review/queue'","'enrollments:read', 'students:read'","","JwtAuthGuard, RolesPermissionsGuard, EntitlementGuard","","'module.students'","","","service.listImportReviewQueue","Decorator inventory only; downstream review in baseline report"
"apps/api/src/admissions/m1-admissions-hardening.controller.ts","147","M1AdmissionsHardeningController","getIemisReadinessSummary","GET","'admissions/m1'","'iemis/readiness-summary'","'students:read'","","JwtAuthGuard, RolesPermissionsGuard, EntitlementGuard","","'module.students'","","","service.getIemisReadinessSummary","Decorator inventory only; downstream review in baseline report"
"apps/api/src/admissions/m1-admissions-hardening.controller.ts","156","M1AdmissionsHardeningController","getWorkflowLabels","GET","'admissions/m1'","'workflow-labels'","'students:read'","","JwtAuthGuard, RolesPermissionsGuard, EntitlementGuard","","'module.students'","","","service.getWorkflowLabels","Decorator inventory only; downstream review in baseline report"
"apps/api/src/admissions/mobile-admissions-summary.controller.ts","22","MobileAdmissionsSummaryController","getAdmissionsSummary","GET","'mobile/principal'","'admissions-summary'","'students:read', 'enrollments:read'","'principal', 'admin', 'platform_super_admin'","JwtAuthGuard, RolesPermissionsGuard, EntitlementGuard","","FEATURE_KEYS.MOBILE_FULL_ROLE","","","mobileAdmissionsSummaryService.getPrincipalSummary","Decorator inventory only; downstream review in baseline report"
"apps/api/src/advanced-operations/approval-workflow.controller.ts","35","ApprovalWorkflowController","getCatalog","GET","'advanced/approvals'","'catalog'","'advanced:approvals:read'","","JwtAuthGuard, TenantActiveGuard, RolesPermissionsGuard, EntitlementGuard","","","'Cross-cutting approval workflows; RBAC via advanced:approvals permissions'","","service.getWorkflowCatalog","Decorator inventory only; downstream review in baseline report"
"apps/api/src/advanced-operations/approval-workflow.controller.ts","41","ApprovalWorkflowController","listPolicies","GET","'advanced/approvals'","'policies'","'advanced:approvals:read'","","JwtAuthGuard, TenantActiveGuard, RolesPermissionsGuard, EntitlementGuard","","","'Cross-cutting approval workflows; RBAC via advanced:approvals permissions'","","service.listPolicies","Decorator inventory only; downstream review in baseline report"
"apps/api/src/advanced-operations/approval-workflow.controller.ts","47","ApprovalWorkflowController","createPolicy","POST","'advanced/approvals'","'policies'","'advanced:approvals:manage'","","JwtAuthGuard, TenantActiveGuard, RolesPermissionsGuard, EntitlementGuard","","","'Cross-cutting approval workflows; RBAC via advanced:approvals permissions'","","service.createPolicy","Decorator inventory only; downstream review in baseline report"
"apps/api/src/advanced-operations/approval-workflow.controller.ts","56","ApprovalWorkflowController","listRequests","GET","'advanced/approvals'","","'advanced:approvals:read'","","JwtAuthGuard, TenantActiveGuard, RolesPermissionsGuard, EntitlementGuard","","","'Cross-cutting approval workflows; RBAC via advanced:approvals permissions'","","service.listRequests","Decorator inventory only; downstream review in baseline report"
"apps/api/src/advanced-operations/approval-workflow.controller.ts","62","ApprovalWorkflowController","createRequest","POST","'advanced/approvals'","","'advanced:approvals:manage'","","JwtAuthGuard, TenantActiveGuard, RolesPermissionsGuard, EntitlementGuard","","","'Cross-cutting approval workflows; RBAC via advanced:approvals permissions'","","service.createRequest","Decorator inventory only; downstream review in baseline report"
"apps/api/src/advanced-operations/approval-workflow.controller.ts","71","ApprovalWorkflowController","decide","POST","'advanced/approvals'","':id/decisions'","'advanced:approvals:decide'","","JwtAuthGuard, TenantActiveGuard, RolesPermissionsGuard, EntitlementGuard","","","'Cross-cutting approval workflows; RBAC via advanced:approvals permissions'","","service.decide","Decorator inventory only; downstream review in baseline report"
"apps/api/src/advanced-operations/approval-workflow.controller.ts","81","ApprovalWorkflowController","apply","POST","'advanced/approvals'","':id/apply'","'advanced:approvals:decide'","","JwtAuthGuard, TenantActiveGuard, RolesPermissionsGuard, EntitlementGuard","","","'Cross-cutting approval workflows; RBAC via advanced:approvals permissions'","","service.applyFinalAction","Decorator inventory only; downstream review in baseline report"
"apps/api/src/advanced-operations/approval-workflow.controller.ts","87","ApprovalWorkflowController","delegate","POST","'advanced/approvals'","':id/delegation'","'advanced:approvals:manage'","","JwtAuthGuard, TenantActiveGuard, RolesPermissionsGuard, EntitlementGuard","","","'Cross-cutting approval workflows; RBAC via advanced:approvals permissions'","","service.delegate","Decorator inventory only; downstream review in baseline report"
"apps/api/src/advanced-operations/approval-workflow.controller.ts","97","ApprovalWorkflowController","addComment","POST","'advanced/approvals'","':id/comments'","'advanced:approvals:manage'","","JwtAuthGuard, TenantActiveGuard, RolesPermissionsGuard, EntitlementGuard","","","'Cross-cutting approval workflows; RBAC via advanced:approvals permissions'","","service.addComment","Decorator inventory only; downstream review in baseline report"
"apps/api/src/advanced-operations/approval-workflow.controller.ts","107","ApprovalWorkflowController","attachFile","POST","'advanced/approvals'","':id/attachments'","'advanced:approvals:manage'","","JwtAuthGuard, TenantActiveGuard, RolesPermissionsGuard, EntitlementGuard","","","'Cross-cutting approval workflows; RBAC via advanced:approvals permissions'","","service.attachFile","Decorator inventory only; downstream review in baseline report"
"apps/api/src/advanced-operations/automation-engine.controller.ts","31","AutomationEngineController","getCatalog","GET","'advanced/automation'","'catalog'","'advanced:automation:read'","","JwtAuthGuard, TenantActiveGuard, RolesPermissionsGuard, EntitlementGuard","","","'Cross-cutting automation rules; RBAC via advanced:automation permissions'","","service.getInitialRuleCatalog","Decorator inventory only; downstream review in baseline report"
"apps/api/src/advanced-operations/automation-engine.controller.ts","37","AutomationEngineController","listRules","GET","'advanced/automation'","'rules'","'advanced:automation:read'","","JwtAuthGuard, TenantActiveGuard, RolesPermissionsGuard, EntitlementGuard","","","'Cross-cutting automation rules; RBAC via advanced:automation permissions'","","service.listRules","Decorator inventory only; downstream review in baseline report"
"apps/api/src/advanced-operations/automation-engine.controller.ts","43","AutomationEngineController","createRule","POST","'advanced/automation'","'rules'","'advanced:automation:manage'","","JwtAuthGuard, TenantActiveGuard, RolesPermissionsGuard, EntitlementGuard","","","'Cross-cutting automation rules; RBAC via advanced:automation permissions'","","service.createRule","Decorator inventory only; downstream review in baseline report"
"apps/api/src/advanced-operations/automation-engine.controller.ts","52","AutomationEngineController","execute","POST","'advanced/automation'","'execute'","'advanced:automation:execute'","","JwtAuthGuard, TenantActiveGuard, RolesPermissionsGuard, EntitlementGuard","","","'Cross-cutting automation rules; RBAC via advanced:automation permissions'","","service.executeTrigger","Decorator inventory only; downstream review in baseline report"
"apps/api/src/advanced-operations/automation-engine.controller.ts","61","AutomationEngineController","listLogs","GET","'advanced/automation'","'execution-logs'","'advanced:automation:read'","","JwtAuthGuard, TenantActiveGuard, RolesPermissionsGuard, EntitlementGuard","","","'Cross-cutting automation rules; RBAC via advanced:automation permissions'","","service.listExecutionLogs","Decorator inventory only; downstream review in baseline report"
"apps/api/src/advanced-operations/data-export-center.controller.ts","28","DataExportCenterController","list","GET","'advanced/exports'","","'advanced:exports:read'","","JwtAuthGuard, TenantActiveGuard, RolesPermissionsGuard, EntitlementGuard","","","'Cross-cutting export jobs; RBAC via advanced:exports permissions'","","service.listJobs","Decorator inventory only; downstream review in baseline report"
"apps/api/src/advanced-operations/data-export-center.controller.ts","34","DataExportCenterController","create","POST","'advanced/exports'","","'advanced:exports:create'","","JwtAuthGuard, TenantActiveGuard, RolesPermissionsGuard, EntitlementGuard","","","'Cross-cutting export jobs; RBAC via advanced:exports permissions'","","service.createJob","Decorator inventory only; downstream review in baseline report"
"apps/api/src/advanced-operations/data-export-center.controller.ts","43","DataExportCenterController","retry","POST","'advanced/exports'","':id/retry'","'advanced:exports:create'","","JwtAuthGuard, TenantActiveGuard, RolesPermissionsGuard, EntitlementGuard","","","'Cross-cutting export jobs; RBAC via advanced:exports permissions'","","service.retryJob","Decorator inventory only; downstream review in baseline report"
"apps/api/src/advanced-operations/descriptive-analytics.controller.ts","31","DescriptiveAnalyticsController","listSummaries","GET","'advanced/analytics'","'summaries'","'advanced:analytics:read'","","JwtAuthGuard, TenantActiveGuard, RolesPermissionsGuard, EntitlementGuard","","","'Cross-cutting descriptive analytics; RBAC via advanced:analytics permissions'","","service.listSummaries","Decorator inventory only; downstream review in baseline report"
"apps/api/src/advanced-operations/descriptive-analytics.controller.ts","40","DescriptiveAnalyticsController","refresh","POST","'advanced/analytics'","'refresh'","'advanced:analytics:refresh'","","JwtAuthGuard, TenantActiveGuard, RolesPermissionsGuard, EntitlementGuard","","","'Cross-cutting descriptive analytics; RBAC via advanced:analytics permissions'","","service.refresh","Decorator inventory only; downstream review in baseline report"
"apps/api/src/advanced-operations/document-template.controller.ts","31","DocumentTemplateController","listTemplates","GET","'advanced/document-templates'","","'advanced:documents:read'","","JwtAuthGuard, TenantActiveGuard, RolesPermissionsGuard, EntitlementGuard","","","'Cross-cutting document templates; RBAC via advanced:documents permissions'","","service.listTemplates","Decorator inventory only; downstream review in baseline report"
"apps/api/src/advanced-operations/document-template.controller.ts","37","DocumentTemplateController","createTemplate","POST","'advanced/document-templates'","","'advanced:documents:manage'","","JwtAuthGuard, TenantActiveGuard, RolesPermissionsGuard, EntitlementGuard","","","'Cross-cutting document templates; RBAC via advanced:documents permissions'","","service.createTemplate","Decorator inventory only; downstream review in baseline report"
"apps/api/src/advanced-operations/document-template.controller.ts","46","DocumentTemplateController","generate","POST","'advanced/document-templates'","':id/generate'","'advanced:documents:manage'","","JwtAuthGuard, TenantActiveGuard, RolesPermissionsGuard, EntitlementGuard","","","'Cross-cutting document templates; RBAC via advanced:documents permissions'","","service.generateDocument","Decorator inventory only; downstream review in baseline report"
"apps/api/src/advanced-operations/document-template.controller.ts","56","DocumentTemplateController","recordPrint","POST","'advanced/document-templates'","'generated/:id/print-history'","'advanced:documents:manage'","","JwtAuthGuard, TenantActiveGuard, RolesPermissionsGuard, EntitlementGuard","","","'Cross-cutting document templates; RBAC via advanced:documents permissions'","","service.recordPrint","Decorator inventory only; downstream review in baseline report"
"apps/api/src/advanced-operations/principal-approval-queue.controller.ts","35","PrincipalApprovalQueueController","list","GET","'advanced/approvals/principal'","'queue'","'advanced:approvals:read'","'principal'","JwtAuthGuard, TenantActiveGuard, RolesPermissionsGuard, EntitlementGuard","","","'Cross-module Principal approval queue; request eligibility and advanced approval RBAC are enforced by the service and guards'","","service.list","Decorator inventory only; downstream review in baseline report"
"apps/api/src/app.controller.ts","9","AppController","getInfo","GET","","","","","","","","","","appService.getInfo","Decorator inventory only; downstream review in baseline report"
"apps/api/src/app.controller.ts","14","AppController","getHealth","GET","","'health'","","","","","","","","appService.getHealth","Decorator inventory only; downstream review in baseline report"
"apps/api/src/app.controller.ts","19","AppController","getReadiness","GET","","'ready'","","","","","","","","appService.getReadiness","Decorator inventory only; downstream review in baseline report"
"apps/api/src/attendance/attendance.controller.ts","59","AttendanceController","listAttendance","GET","'attendance'","","'attendance:read'","","JwtAuthGuard, RolesPermissionsGuard, EntitlementGuard","","'module.attendance'","","","attendanceService.listAttendance","Decorator inventory only; downstream review in baseline report"
"apps/api/src/attendance/attendance.controller.ts","65","AttendanceController","getScopeVersion","GET","'attendance'","'scope-version'","'attendance:read'","","JwtAuthGuard, RolesPermissionsGuard, EntitlementGuard","","'module.attendance'","","","attendanceService.getScopeVersion","Decorator inventory only; downstream review in baseline report"
"apps/api/src/attendance/attendance.controller.ts","71","AttendanceController","getRoster","GET","'attendance'","'rosters'","'attendance:read'","","JwtAuthGuard, RolesPermissionsGuard, EntitlementGuard","","'module.attendance'","","","attendanceService.getRoster","Decorator inventory only; downstream review in baseline report"
"apps/api/src/attendance/attendance.controller.ts","91","AttendanceController","getAnalytics","GET","'attendance'","'analytics'","'attendance:read'","","JwtAuthGuard, RolesPermissionsGuard, EntitlementGuard","","'module.attendance'","","'ATTENDANCE'","attendanceService.getAnalytics","Decorator inventory only; downstream review in baseline report"
"apps/api/src/attendance/attendance.controller.ts","98","AttendanceController","getAnomalies","GET","'attendance'","'anomalies'","'attendance:read'","","JwtAuthGuard, RolesPermissionsGuard, EntitlementGuard","","'module.attendance'","","","attendanceService.getAttendanceAnomalies","Decorator inventory only; downstream review in baseline report"
"apps/api/src/attendance/attendance.controller.ts","104","AttendanceController","getFollowUpQueue","GET","'attendance'","'follow-ups'","'attendance:read'","","JwtAuthGuard, RolesPermissionsGuard, EntitlementGuard","","'module.attendance'","","","attendanceService.getFollowUpQueue","Decorator inventory only; downstream review in baseline report"
"apps/api/src/attendance/attendance.controller.ts","110","AttendanceController","getSummary","GET","'attendance'","'summary'","'attendance:read'","","JwtAuthGuard, RolesPermissionsGuard, EntitlementGuard","","'module.attendance'","","","attendanceService.getSummary","Decorator inventory only; downstream review in baseline report"
"apps/api/src/attendance/attendance.controller.ts","119","AttendanceController","getMonthlyRegister","GET","'attendance'","'register'","'attendance:read'","","JwtAuthGuard, RolesPermissionsGuard, EntitlementGuard","","'module.attendance'","","","attendanceService.getMonthlyRegister","Decorator inventory only; downstream review in baseline report"
"apps/api/src/attendance/attendance.controller.ts","128","AttendanceController","exportMonthlyRegister","GET","'attendance'","'register/export'","'attendance:read', 'reports:export'","","JwtAuthGuard, RolesPermissionsGuard, EntitlementGuard","","'module.attendance'","","","attendanceService.exportMonthlyRegister","Decorator inventory only; downstream review in baseline report"
"apps/api/src/attendance/attendance.controller.ts","148","AttendanceController","listMonthlyRegisterExports","GET","'attendance'","'register/exports'","'attendance:read'","","JwtAuthGuard, RolesPermissionsGuard, EntitlementGuard","","'module.attendance'","","","attendanceService.listMonthlyRegisterExports","Decorator inventory only; downstream review in baseline report"
"apps/api/src/attendance/attendance.controller.ts","161","AttendanceController","listConflicts","GET","'attendance'","'conflicts'","'attendance:read'","","JwtAuthGuard, RolesPermissionsGuard, EntitlementGuard","","'module.attendance'","","'ATTENDANCE'","attendanceService.listConflicts","Decorator inventory only; downstream review in baseline report"
"apps/api/src/attendance/attendance.controller.ts","168","AttendanceController","listCalendarDays","GET","'attendance'","'calendar'","'attendance:read'","","JwtAuthGuard, RolesPermissionsGuard, EntitlementGuard","","'module.attendance'","","","attendanceService.listCalendarDays","Decorator inventory only; downstream review in baseline report"
"apps/api/src/attendance/attendance.controller.ts","174","AttendanceController","upsertCalendarDay","POST","'attendance'","'calendar'","'attendance:mark'","","JwtAuthGuard, RolesPermissionsGuard, EntitlementGuard","","'module.attendance'","","","attendanceService.upsertCalendarDay","Decorator inventory only; downstream review in baseline report"
"apps/api/src/attendance/attendance.controller.ts","183","AttendanceController","listStaffAttendance","GET","'attendance'","'staff'","'attendance:read'","","JwtAuthGuard, RolesPermissionsGuard, EntitlementGuard","","'module.attendance'","","","attendanceService.listStaffAttendance","Decorator inventory only; downstream review in baseline report"
"apps/api/src/attendance/attendance.controller.ts","189","AttendanceController","listStaffAttendanceSummary","GET","'attendance'","'staff/summary'","'attendance:read', 'payroll:read'","","JwtAuthGuard, RolesPermissionsGuard, EntitlementGuard","","'module.attendance'","","","attendanceService.listStaffAttendanceSummary","Decorator inventory only; downstream review in baseline report"
"apps/api/src/attendance/attendance.controller.ts","198","AttendanceController","listMyAttendance","GET","'attendance'","'me/attendance'","'staff:read'","","JwtAuthGuard, RolesPermissionsGuard, EntitlementGuard","","'module.attendance'","","","attendanceService.listMyAttendance","Decorator inventory only; downstream review in baseline report"
"apps/api/src/attendance/attendance.controller.ts","204","AttendanceController","listMyLeaveRequests","GET","'attendance'","'me/leave-requests'","'staff:read'","","JwtAuthGuard, RolesPermissionsGuard, EntitlementGuard","","'module.attendance'","","","attendanceService.listMyLeaveRequests","Decorator inventory only; downstream review in baseline report"
"apps/api/src/attendance/attendance.controller.ts","210","AttendanceController","submitStaffAttendance","POST","'attendance'","'staff'","'attendance:mark'","","JwtAuthGuard, RolesPermissionsGuard, EntitlementGuard","","'module.attendance'","","","attendanceService.submitStaffAttendance","Decorator inventory only; downstream review in baseline report"
"apps/api/src/attendance/attendance.controller.ts","219","AttendanceController","listLeaveBalances","GET","'attendance'","'staff/leave-balances'","'hr:read'","","JwtAuthGuard, RolesPermissionsGuard, EntitlementGuard","","'module.attendance'","","","attendanceService.listLeaveBalances","Decorator inventory only; downstream review in baseline report"
"apps/api/src/attendance/attendance.controller.ts","225","AttendanceController","listLeaveRequests","GET","'attendance'","'staff/leave-requests'","'hr:read'","","JwtAuthGuard, RolesPermissionsGuard, EntitlementGuard","","'module.attendance'","","","attendanceService.listLeaveRequests","Decorator inventory only; downstream review in baseline report"
"apps/api/src/attendance/attendance.controller.ts","231","AttendanceController","createLeaveRequest","POST","'attendance'","'staff/leave-requests'","'hr:manage'","","JwtAuthGuard, RolesPermissionsGuard, EntitlementGuard","","'module.attendance'","","","attendanceService.createLeaveRequest","Decorator inventory only; downstream review in baseline report"
"apps/api/src/attendance/attendance.controller.ts","240","AttendanceController","cancelLeaveRequest","POST","'attendance'","'staff/leave/:id/cancel'","'attendance:staff:update'","","JwtAuthGuard, RolesPermissionsGuard, EntitlementGuard","","'module.attendance'","","","attendanceService.cancelLeaveRequest","Decorator inventory only; downstream review in baseline report"
"apps/api/src/attendance/attendance.controller.ts","249","AttendanceController","reviewLeaveRequest","PATCH","'attendance'","'staff/leave-requests/:id/review'","'hr:manage'","","JwtAuthGuard, RolesPermissionsGuard, EntitlementGuard","","'module.attendance'","","","attendanceService.reviewLeaveRequest","Decorator inventory only; downstream review in baseline report"
"apps/api/src/attendance/attendance.controller.ts","259","AttendanceController","submitAttendance","POST","'attendance'","'sessions'","'attendance:mark'","","JwtAuthGuard, RolesPermissionsGuard, EntitlementGuard","","'module.attendance'","","","attendanceService.submitAttendance","Decorator inventory only; downstream review in baseline report"
"apps/api/src/attendance/attendance.controller.ts","268","AttendanceController","syncAttendance","POST","'attendance'","'sync'","'attendance:mark'","","JwtAuthGuard, RolesPermissionsGuard, EntitlementGuard","","'module.attendance'","","","attendanceService.syncAttendance","Decorator inventory only; downstream review in baseline report"
"apps/api/src/attendance/attendance.controller.ts","278","AttendanceController","upsertDraft","POST","'attendance'","'drafts'","'attendance:mark'","","JwtAuthGuard, RolesPermissionsGuard, EntitlementGuard","","'module.attendance'","","","attendanceService.upsertDraft","Decorator inventory only; downstream review in baseline report"
"apps/api/src/attendance/attendance.controller.ts","287","AttendanceController","listDrafts","GET","'attendance'","'drafts'","'attendance:mark'","","JwtAuthGuard, RolesPermissionsGuard, EntitlementGuard","","'module.attendance'","","","attendanceService.listDrafts","Decorator inventory only; downstream review in baseline report"
"apps/api/src/attendance/attendance.controller.ts","293","AttendanceController","cleanupDrafts","POST","'attendance'","'drafts/cleanup'","'attendance:manage_all'","","JwtAuthGuard, RolesPermissionsGuard, EntitlementGuard","","'module.attendance'","","","attendanceService.cleanupOldDrafts","Decorator inventory only; downstream review in baseline report"
"apps/api/src/attendance/attendance.controller.ts","299","AttendanceController","submitDraft","POST","'attendance'","'drafts/:id/submit'","'attendance:mark'","","JwtAuthGuard, RolesPermissionsGuard, EntitlementGuard","","'module.attendance'","","","attendanceService.submitDraft","Decorator inventory only; downstream review in baseline report"
"apps/api/src/attendance/attendance.controller.ts","305","AttendanceController","overrideLockedSession","PATCH","'attendance'","'sessions/:id/override'","'attendance:review_conflicts'","","JwtAuthGuard, RolesPermissionsGuard, EntitlementGuard","","'module.attendance'","","","attendanceService.overrideLockedSession","Decorator inventory only; downstream review in baseline report"
"apps/api/src/attendance/attendance.controller.ts","315","AttendanceController","reviewConflict","PATCH","'attendance'","'conflicts/:id/review'","'attendance:review_conflicts'","","JwtAuthGuard, RolesPermissionsGuard, EntitlementGuard","","'module.attendance'","","","attendanceService.reviewConflict","Decorator inventory only; downstream review in baseline report"
"apps/api/src/attendance/attendance.controller.ts","325","AttendanceController","createCorrectionRequest","POST","'attendance'","'corrections'","'attendance:mark'","","JwtAuthGuard, RolesPermissionsGuard, EntitlementGuard","","'module.attendance'","","","attendanceService.createCorrectionRequest","Decorator inventory only; downstream review in baseline report"
"apps/api/src/attendance/attendance.controller.ts","334","AttendanceController","listCorrectionRequests","GET","'attendance'","'corrections'","'attendance:read'","","JwtAuthGuard, RolesPermissionsGuard, EntitlementGuard","","'module.attendance'","","","attendanceService.listCorrectionRequests","Decorator inventory only; downstream review in baseline report"
"apps/api/src/attendance/attendance.controller.ts","343","AttendanceController","getCorrectionSummary","GET","'attendance'","'corrections/summary'","'attendance:read'","","JwtAuthGuard, RolesPermissionsGuard, EntitlementGuard","","'module.attendance'","","'ATTENDANCE'","attendanceService.getCorrectionSummary","Decorator inventory only; downstream review in baseline report"
"apps/api/src/attendance/attendance.controller.ts","350","AttendanceController","getCorrectionRequest","GET","'attendance'","'corrections/:id'","'attendance:read'","","JwtAuthGuard, RolesPermissionsGuard, EntitlementGuard","","'module.attendance'","","","attendanceService.getCorrectionRequest","Decorator inventory only; downstream review in baseline report"
"apps/api/src/attendance/attendance.controller.ts","359","AttendanceController","approveCorrectionRequest","PATCH","'attendance'","'corrections/:id/approve'","'attendance:review_conflicts'","","JwtAuthGuard, RolesPermissionsGuard, EntitlementGuard","","'module.attendance'","","","attendanceService.approveCorrectionRequest","Decorator inventory only; downstream review in baseline report"
"apps/api/src/attendance/attendance.controller.ts","373","AttendanceController","rejectCorrectionRequest","PATCH","'attendance'","'corrections/:id/reject'","'attendance:review_conflicts'","","JwtAuthGuard, RolesPermissionsGuard, EntitlementGuard","","'module.attendance'","","","attendanceService.approveCorrectionRequest","Decorator inventory only; downstream review in baseline report"
"apps/api/src/attendance/attendance.controller.ts","387","AttendanceController","reviewCorrectionRequest","PATCH","'attendance'","'corrections/:id/review'","'attendance:review_conflicts'","","JwtAuthGuard, RolesPermissionsGuard, EntitlementGuard","","'module.attendance'","","","attendanceService.approveCorrectionRequest","Decorator inventory only; downstream review in baseline report"
"apps/api/src/attendance/attendance.controller.ts","397","AttendanceController","listStudentLeaveRequests","GET","'attendance'","'student-leave-requests'","'attendance:read'","","JwtAuthGuard, RolesPermissionsGuard, EntitlementGuard","","'module.attendance'","","","attendanceService.listStudentLeaveRequests","Decorator inventory only; downstream review in baseline report"
"apps/api/src/attendance/attendance.controller.ts","410","AttendanceController","createStudentLeaveRequest","POST","'attendance'","'student-leave-requests'","'attendance:mark'","","JwtAuthGuard, RolesPermissionsGuard, EntitlementGuard","","'module.attendance'","","","attendanceService.createStudentLeaveRequest","Decorator inventory only; downstream review in baseline report"
"apps/api/src/attendance/attendance.controller.ts","419","AttendanceController","reviewStudentLeaveRequest","PATCH","'attendance'","'student-leave-requests/:id/review'","'attendance:review_conflicts'","","JwtAuthGuard, RolesPermissionsGuard, EntitlementGuard","","'module.attendance'","","","attendanceService.reviewStudentLeaveRequest","Decorator inventory only; downstream review in baseline report"
"apps/api/src/attendance/attendance.controller.ts","429","AttendanceController","getStudentHistory","GET","'attendance'","'students/:id/history'","'attendance:read'","","JwtAuthGuard, RolesPermissionsGuard, EntitlementGuard","","'module.attendance'","","","attendanceService.getStudentHistory","Decorator inventory only; downstream review in baseline report"
"apps/api/src/attendance/attendance.controller.ts","439","AttendanceController","getStudentMonthlyRegister","GET","'attendance'","'students/:studentId/monthly-register'","'attendance:read'","","JwtAuthGuard, RolesPermissionsGuard, EntitlementGuard","","'module.attendance'","","","attendanceService.getStudentMonthlyRegister","Decorator inventory only; downstream review in baseline report"
"apps/api/src/attendance/attendance.controller.ts","458","AttendanceController","getParentSummary","GET","'attendance'","'students/:id/summary'","'attendance:read'","","JwtAuthGuard, RolesPermissionsGuard, EntitlementGuard","","'module.attendance'","","","attendanceService.getParentSummary","Decorator inventory only; downstream review in baseline report"
"apps/api/src/attendance/hr-attendance.controller.ts","38","HrAttendanceController","listStaffAttendanceRoster","GET","'hr'","'staff-attendance/roster'","'hr:attendance:write'","","JwtAuthGuard, RolesPermissionsGuard, EntitlementGuard","","'module.hr'","","","attendanceService.listStaffAttendanceRoster","Decorator inventory only; downstream review in baseline report"
"apps/api/src/attendance/hr-attendance.controller.ts","51","HrAttendanceController","listStaffAttendance","GET","'hr'","'staff-attendance'","'hr:attendance:read'","","JwtAuthGuard, RolesPermissionsGuard, EntitlementGuard","","'module.hr'","","","attendanceService.listStaffAttendance","Decorator inventory only; downstream review in baseline report"
"apps/api/src/attendance/hr-attendance.controller.ts","57","HrAttendanceController","submitStaffAttendance","POST","'hr'","'staff-attendance'","'hr:attendance:write'","","JwtAuthGuard, RolesPermissionsGuard, EntitlementGuard","","'module.hr'","","","attendanceService.submitStaffAttendance","Decorator inventory only; downstream review in baseline report"
"apps/api/src/attendance/hr-attendance.controller.ts","66","HrAttendanceController","markStaffAttendance","POST","'hr'","'staff-attendance/mark'","'hr:attendance:write'","","JwtAuthGuard, RolesPermissionsGuard, EntitlementGuard","","'module.hr'","","","attendanceService.submitStaffAttendance","Decorator inventory only; downstream review in baseline report"
"apps/api/src/attendance/hr-attendance.controller.ts","75","HrAttendanceController","updateStaffAttendance","PATCH","'hr'","'staff-attendance/:id'","'hr:attendance:correct'","","JwtAuthGuard, RolesPermissionsGuard, EntitlementGuard","","'module.hr'","","","attendanceService.correctStaffAttendance","Decorator inventory only; downstream review in baseline report"
"apps/api/src/attendance/hr-attendance.controller.ts","85","HrAttendanceController","correctStaffAttendance","PATCH","'hr'","'staff-attendance/:id/correct'","'hr:attendance:correct'","","JwtAuthGuard, RolesPermissionsGuard, EntitlementGuard","","'module.hr'","","","attendanceService.correctStaffAttendance","Decorator inventory only; downstream review in baseline report"
"apps/api/src/attendance/hr-attendance.controller.ts","95","HrAttendanceController","staffAttendance","GET","'hr'","'staff/:staffId/attendance'","'hr:attendance:read'","","JwtAuthGuard, RolesPermissionsGuard, EntitlementGuard","","'module.hr'","","","attendanceService.getStaffAttendanceHistory","Decorator inventory only; downstream review in baseline report"
"apps/api/src/attendance/hr-attendance.controller.ts","104","HrAttendanceController","staffAttendanceHistory","GET","'hr'","'staff/:staffId/attendance-history'","'hr:attendance:read'","","JwtAuthGuard, RolesPermissionsGuard, EntitlementGuard","","'module.hr'","","","attendanceService.getStaffAttendanceHistory","Decorator inventory only; downstream review in baseline report"
"apps/api/src/attendance/hr-attendance.controller.ts","113","HrAttendanceController","listStaffAttendanceSummary","GET","'hr'","'staff-attendance/summary'","'hr:attendance:read'","","JwtAuthGuard, RolesPermissionsGuard, EntitlementGuard","","'module.hr'","","","attendanceService.listStaffAttendanceSummary","Decorator inventory only; downstream review in baseline report"
"apps/api/src/attendance/hr-attendance.controller.ts","122","HrAttendanceController","createLeave","POST","'hr'","'leaves'","'hr:leave:request'","","JwtAuthGuard, RolesPermissionsGuard, EntitlementGuard","","'module.hr'","","","attendanceService.createLeaveRequest","Decorator inventory only; downstream review in baseline report"
"apps/api/src/attendance/hr-attendance.controller.ts","131","HrAttendanceController","createLeaveRequest","POST","'hr'","'leave-requests'","'hr:leave:request'","","JwtAuthGuard, RolesPermissionsGuard, EntitlementGuard","","'module.hr'","","","attendanceService.createLeaveRequest","Decorator inventory only; downstream review in baseline report"
"apps/api/src/attendance/hr-attendance.controller.ts","140","HrAttendanceController","listLeaves","GET","'hr'","'leaves'","'hr:leave:read'","","JwtAuthGuard, RolesPermissionsGuard, EntitlementGuard","","'module.hr'","","","attendanceService.listLeaveRequests","Decorator inventory only; downstream review in baseline report"
"apps/api/src/attendance/hr-attendance.controller.ts","146","HrAttendanceController","listLeaveRequests","GET","'hr'","'leave-requests'","'hr:leave:read'","","JwtAuthGuard, RolesPermissionsGuard, EntitlementGuard","","'module.hr'","","","attendanceService.listLeaveRequests","Decorator inventory only; downstream review in baseline report"
"apps/api/src/attendance/hr-attendance.controller.ts","152","HrAttendanceController","getLeave","GET","'hr'","'leaves/:id'","'hr:leave:read'","","JwtAuthGuard, RolesPermissionsGuard, EntitlementGuard","","'module.hr'","","","attendanceService.getLeaveRequest","Decorator inventory only; downstream review in baseline report"
"apps/api/src/attendance/hr-attendance.controller.ts","158","HrAttendanceController","getLeaveRequest","GET","'hr'","'leave-requests/:id'","'hr:leave:read'","","JwtAuthGuard, RolesPermissionsGuard, EntitlementGuard","","'module.hr'","","","attendanceService.getLeaveRequest","Decorator inventory only; downstream review in baseline report"
"apps/api/src/attendance/hr-attendance.controller.ts","164","HrAttendanceController","approveLeave","POST","'hr'","'leaves/:id/approve'","'hr:leave:approve'","","JwtAuthGuard, RolesPermissionsGuard, EntitlementGuard","","'module.hr'","","","attendanceService.reviewLeaveRequest","Decorator inventory only; downstream review in baseline report"
"apps/api/src/attendance/hr-attendance.controller.ts","178","HrAttendanceController","rejectLeave","POST","'hr'","'leaves/:id/reject'","'hr:leave:approve'","","JwtAuthGuard, RolesPermissionsGuard, EntitlementGuard","","'module.hr'","","","attendanceService.reviewLeaveRequest","Decorator inventory only; downstream review in baseline report"
"apps/api/src/attendance/hr-attendance.controller.ts","192","HrAttendanceController","reviewLeaveRequest","PATCH","'hr'","'leave-requests/:id/review'","'hr:leave:approve'","","JwtAuthGuard, RolesPermissionsGuard, EntitlementGuard","","'module.hr'","","","attendanceService.reviewLeaveRequest","Decorator inventory only; downstream review in baseline report"
"apps/api/src/attendance/hr-attendance.controller.ts","202","HrAttendanceController","getLeaveBalances","GET","'hr'","'staff/:staffId/leave-balances'","'hr:leave:read'","","JwtAuthGuard, RolesPermissionsGuard, EntitlementGuard","","'module.hr'","","","attendanceService.getStaffLeaveBalances","Decorator inventory only; downstream review in baseline report"
"apps/api/src/attendance/hr-attendance.controller.ts","211","HrAttendanceController","adjustLeaveBalance","POST","'hr'","'leave-balances/adjust'","'hr:leave:adjust'","","JwtAuthGuard, RolesPermissionsGuard, EntitlementGuard","","'module.hr'","","","attendanceService.adjustLeaveBalance","Decorator inventory only; downstream review in baseline report"
"apps/api/src/attendance/hr-leave-queue.controller.ts","17","HrLeaveQueueController","getApprovalQueueDepth","GET","'hr/leave-queue'","'depth'","'hr:leave:approve'","","JwtAuthGuard, RolesPermissionsGuard, EntitlementGuard","","'module.hr'","","","leaveQueueService.getApprovalQueueDepth","Decorator inventory only; downstream review in baseline report"
"apps/api/src/attendance/m2-attendance-hardening.controller.ts","37","M2AttendanceHardeningController","getPolicy","GET","'attendance/m2'","'policy'","'attendance:read'","","JwtAuthGuard, RolesPermissionsGuard, EntitlementGuard","","'module.attendance'","","","service.getPolicy","Decorator inventory only; downstream review in baseline report"
"apps/api/src/attendance/m2-attendance-hardening.controller.ts","44","M2AttendanceHardeningController","updatePolicy","PATCH","'attendance/m2'","'policy'","'attendance:manage_all'","","JwtAuthGuard, RolesPermissionsGuard, EntitlementGuard","","'module.attendance'","","","service.updatePolicy","Decorator inventory only; downstream review in baseline report"
"apps/api/src/attendance/m2-attendance-hardening.controller.ts","54","M2AttendanceHardeningController","getSupportedStates","GET","'attendance/m2'","'states'","'attendance:read'","","JwtAuthGuard, RolesPermissionsGuard, EntitlementGuard","","'module.attendance'","","","service.getSupportedStates","Decorator inventory only; downstream review in baseline report"
"apps/api/src/attendance/m2-attendance-hardening.controller.ts","61","M2AttendanceHardeningController","getHardeningAnomalies","GET","'attendance/m2'","'anomalies/hardened'","'attendance:read'","","JwtAuthGuard, RolesPermissionsGuard, EntitlementGuard","","'module.attendance'","","","service.getHardeningAnomalies","Decorator inventory only; downstream review in baseline report"
"apps/api/src/attendance/m2-attendance-hardening.controller.ts","71","M2AttendanceHardeningController","getConflictAudit","GET","'attendance/m2'","'conflicts/audit'","'attendance:review_conflicts'","","JwtAuthGuard, RolesPermissionsGuard, EntitlementGuard","","'module.attendance'","","","service.getConflictAudit","Decorator inventory only; downstream review in baseline report"
"apps/api/src/attendance/m2-attendance-hardening.controller.ts","81","M2AttendanceHardeningController","getCorrectionAudit","GET","'attendance/m2'","'corrections/audit'","'attendance:review_conflicts'","","JwtAuthGuard, RolesPermissionsGuard, EntitlementGuard","","'module.attendance'","","","service.getCorrectionAudit","Decorator inventory only; downstream review in baseline report"
"apps/api/src/attendance/m2-attendance-hardening.controller.ts","91","M2AttendanceHardeningController","getCalendarPolicy","GET","'attendance/m2'","'calendar-policy'","'attendance:read'","","JwtAuthGuard, RolesPermissionsGuard, EntitlementGuard","","'module.attendance'","","","service.getCalendarPolicy","Decorator inventory only; downstream review in baseline report"
"apps/api/src/attendance/m2-attendance-hardening.controller.ts","101","M2AttendanceHardeningController","upsertCalendarPolicyDay","POST","'attendance/m2'","'calendar-policy/day'","'attendance:manage_all'","","JwtAuthGuard, RolesPermissionsGuard, EntitlementGuard","","'module.attendance'","","","service.upsertCalendarPolicyDay","Decorator inventory only; downstream review in baseline report"
"apps/api/src/attendance/m2-attendance-hardening.controller.ts","111","M2AttendanceHardeningController","runAttendanceCutoff","POST","'attendance/m2'","'cutoff/run'","'attendance:manage_all'","","JwtAuthGuard, RolesPermissionsGuard, EntitlementGuard","","'module.attendance'","","","service.runAttendanceCutoff","Decorator inventory only; downstream review in baseline report"
"apps/api/src/attendance/m2-attendance-hardening.controller.ts","121","M2AttendanceHardeningController","getFollowUpQueue","GET","'attendance/m2'","'follow-ups/queue'","'attendance:read'","","JwtAuthGuard, RolesPermissionsGuard, EntitlementGuard","","'module.attendance'","","'ATTENDANCE'","service.getFollowUpQueue","Decorator inventory only; downstream review in baseline report"
"apps/api/src/attendance/m2-attendance-hardening.controller.ts","132","M2AttendanceHardeningController","runFollowUpAutomation","POST","'attendance/m2'","'follow-ups/run'","'attendance:manage_all'","","JwtAuthGuard, RolesPermissionsGuard, EntitlementGuard","","'module.attendance'","","","service.runFollowUpAutomation","Decorator inventory only; downstream review in baseline report"
"apps/api/src/attendance/m2-attendance-hardening.controller.ts","142","M2AttendanceHardeningController","listOfflineSyncConflicts","GET","'attendance/m2'","'offline-sync/conflicts'","'attendance:review_conflicts'","","JwtAuthGuard, RolesPermissionsGuard, EntitlementGuard","","'module.attendance'","","","service.listOfflineSyncConflicts","Decorator inventory only; downstream review in baseline report"
"apps/api/src/attendance/staff-self-service.controller.ts","25","StaffSelfServiceController","listMyAttendance","GET","'hr/me'","'attendance'","'staff:read'","","JwtAuthGuard, RolesPermissionsGuard, EntitlementGuard","","'module.hr'","","","attendanceService.listMyAttendance","Decorator inventory only; downstream review in baseline report"
"apps/api/src/attendance/staff-self-service.controller.ts","31","StaffSelfServiceController","listMyLeaveRequests","GET","'hr/me'","'leave-requests'","'staff:read'","","JwtAuthGuard, RolesPermissionsGuard, EntitlementGuard","","'module.hr'","","","attendanceService.listMyLeaveRequests","Decorator inventory only; downstream review in baseline report"
"apps/api/src/attendance/staff-self-service.controller.ts","37","StaffSelfServiceController","listMyLeaveBalances","GET","'hr/me'","'leave-balances'","'staff:read'","","JwtAuthGuard, RolesPermissionsGuard, EntitlementGuard","","'module.hr'","","","selfService.listMyLeaveBalances","Decorator inventory only; downstream review in baseline report"
"apps/api/src/attendance/staff-self-service.controller.ts","43","StaffSelfServiceController","createMyLeaveRequest","POST","'hr/me'","'leave-requests'","'hr:leave:request'","","JwtAuthGuard, RolesPermissionsGuard, EntitlementGuard","","'module.hr'","","","selfService.createMyLeaveRequest","Decorator inventory only; downstream review in baseline report"
"apps/api/src/attendance/staff-self-service.controller.ts","52","StaffSelfServiceController","getMyTimeClockStatus","GET","'hr/me'","'time-clock'","'staff:read'","","JwtAuthGuard, RolesPermissionsGuard, EntitlementGuard","","'module.hr'","","","timeClockService.getMyTimeClockStatus","Decorator inventory only; downstream review in baseline report"
"apps/api/src/attendance/staff-self-service.controller.ts","61","StaffSelfServiceController","checkIn","POST","'hr/me'","'time-clock/check-in'","'staff:read'","","JwtAuthGuard, RolesPermissionsGuard, EntitlementGuard","","'module.hr'","","","timeClockService.checkIn","Decorator inventory only; downstream review in baseline report"
"apps/api/src/attendance/staff-self-service.controller.ts","67","StaffSelfServiceController","checkOut","POST","'hr/me'","'time-clock/check-out'","'staff:read'","","JwtAuthGuard, RolesPermissionsGuard, EntitlementGuard","","'module.hr'","","","timeClockService.checkOut","Decorator inventory only; downstream review in baseline report"
"apps/api/src/auth/auth.controller.ts","37","AuthController","login","POST","'auth'","'login'","","","","","","","","authService.login","Decorator inventory only; downstream review in baseline report"
"apps/api/src/auth/auth.controller.ts","56","AuthController","requestOtpLogin","POST","'auth'","'otp/request-login'","","","","","","","","authService.requestOtpLogin","Decorator inventory only; downstream review in baseline report"
"apps/api/src/auth/auth.controller.ts","67","AuthController","verifyOtpLogin","POST","'auth'","'otp/verify'","","","","","","","","authService.verifyOtpLogin","Decorator inventory only; downstream review in baseline report"
"apps/api/src/auth/auth.controller.ts","85","AuthController","requestPasswordRecovery","POST","'auth'","'password-recovery/request'","","","","","","","","authService.requestPasswordRecovery","Decorator inventory only; downstream review in baseline report"
"apps/api/src/auth/auth.controller.ts","96","AuthController","forgotPassword","POST","'auth'","'forgot-password'","","","","","","","","authService.requestPasswordRecovery","Decorator inventory only; downstream review in baseline report"
"apps/api/src/auth/auth.controller.ts","107","AuthController","confirmPasswordRecovery","POST","'auth'","'password-recovery/confirm'","","","","","","","","authService.confirmPasswordRecovery","Decorator inventory only; downstream review in baseline report"
"apps/api/src/auth/auth.controller.ts","118","AuthController","resetPassword","POST","'auth'","'reset-password'","","","","","","","","authService.confirmPasswordRecovery","Decorator inventory only; downstream review in baseline report"
"apps/api/src/auth/auth.controller.ts","129","AuthController","refresh","POST","'auth'","'refresh'","","","","","","","","authService.refresh","Decorator inventory only; downstream review in baseline report"
"apps/api/src/auth/auth.controller.ts","149","AuthController","logout","POST","'auth'","'logout'","","","","","","","","authService.logout","Decorator inventory only; downstream review in baseline report"
"apps/api/src/auth/auth.controller.ts","164","AuthController","me","GET","'auth'","'me'","","","JwtAuthGuard","","","","'SCHOOL_PROFILE', 'STUDENT_RECORDS', 'ATTENDANCE', 'ACADEMICS', 'HOMEWORK_TIMETABLE', 'NOTICES_DELIVERY'","authService.getProfile","Decorator inventory only; downstream review in baseline report"
"apps/api/src/auth/auth.controller.ts","179","AuthController","listSessions","GET","'auth'","'sessions'","","","JwtAuthGuard","","","","","authService.listSessions","Decorator inventory only; downstream review in baseline report"
"apps/api/src/auth/auth.controller.ts","185","AuthController","revokeOtherSessions","POST","'auth'","'sessions/revoke-others'","","","JwtAuthGuard","","","","","authService.revokeOtherSessions","Decorator inventory only; downstream review in baseline report"
"apps/api/src/auth/auth.controller.ts","195","AuthController","revokeSession","POST","'auth'","'sessions/:sessionId/revoke'","","","JwtAuthGuard","","","","","authService.revokeSession","Decorator inventory only; downstream review in baseline report"
"apps/api/src/auth/auth.controller.ts","204","AuthController","verifyPassword","POST","'auth'","'verify-password'","","","JwtAuthGuard","","","","","authService.verifyPassword","Decorator inventory only; downstream review in baseline report"
"apps/api/src/auth/auth.controller.ts","219","AuthController","changePassword","POST","'auth'","'change-password'","","","JwtAuthGuard","","","","","authService.changePassword","Decorator inventory only; downstream review in baseline report"
"apps/api/src/auth/auth.controller.ts","242","AuthController","requestMfaSetup","POST","'auth'","'mfa/setup/request'","","","JwtAuthGuard","","","","","authService.requestMfaSetup","Decorator inventory only; downstream review in baseline report"
"apps/api/src/auth/auth.controller.ts","248","AuthController","confirmMfaSetup","POST","'auth'","'mfa/setup/confirm'","","","JwtAuthGuard","","","","","authService.confirmMfaSetup","Decorator inventory only; downstream review in baseline report"
"apps/api/src/canteen/canteen-operations.controller.ts","32","CanteenOperationsController","closeStockDate","POST","'canteen'","'stock-close'","'canteen:inventory:update'","","JwtAuthGuard, RolesPermissionsGuard, EntitlementGuard","","'module.canteen'","","","canteenOperationsService.closeStockDate","Decorator inventory only; downstream review in baseline report"
"apps/api/src/canteen/canteen-operations.controller.ts","41","CanteenOperationsController","listStockCloses","GET","'canteen'","'stock-close'","'canteen:inventory:read'","","JwtAuthGuard, RolesPermissionsGuard, EntitlementGuard","","'module.canteen'","","","canteenOperationsService.listStockCloses","Decorator inventory only; downstream review in baseline report"
"apps/api/src/canteen/canteen-operations.controller.ts","50","CanteenOperationsController","wastageSummary","GET","'canteen'","'reports/wastage-summary'","'canteen:reports:read'","","JwtAuthGuard, RolesPermissionsGuard, EntitlementGuard","","'module.canteen'","","","canteenOperationsService.wastageSummary","Decorator inventory only; downstream review in baseline report"
"apps/api/src/canteen/canteen-operations.controller.ts","59","CanteenOperationsController","lowStockAlerts","GET","'canteen'","'reports/low-stock-alerts'","'canteen:reports:read'","","JwtAuthGuard, RolesPermissionsGuard, EntitlementGuard","","'module.canteen'","","","canteenOperationsService.lowStockAlerts","Decorator inventory only; downstream review in baseline report"
"apps/api/src/canteen/canteen-operations.controller.ts","65","CanteenOperationsController","supplierPurchaseSummary","GET","'canteen'","'reports/supplier-purchases'","'canteen:reports:read'","","JwtAuthGuard, RolesPermissionsGuard, EntitlementGuard","","'module.canteen'","","","canteenOperationsService.supplierPurchaseSummary","Decorator inventory only; downstream review in baseline report"
"apps/api/src/canteen/canteen-operations.controller.ts","74","CanteenOperationsController","purchaseBillDetail","GET","'canteen'","'purchase-bills/:id/detail'","'canteen:inventory:read'","","JwtAuthGuard, RolesPermissionsGuard, EntitlementGuard","","'module.canteen'","","","canteenOperationsService.purchaseBillDetail","Decorator inventory only; downstream review in baseline report"
"apps/api/src/canteen/canteen-operations.controller.ts","83","CanteenOperationsController","purchaseBillEditLock","GET","'canteen'","'purchase-bills/:id/edit-lock'","'canteen:inventory:read'","","JwtAuthGuard, RolesPermissionsGuard, EntitlementGuard","","'module.canteen'","","","canteenOperationsService.purchaseBillEditLock","Decorator inventory only; downstream review in baseline report"
"apps/api/src/canteen/canteen.controller.ts","62","CanteenController","resolveStudentQr","GET","'canteen'","'qr-resolve/:token'","'canteen:serving:create'","","JwtAuthGuard, RolesPermissionsGuard, EntitlementGuard","","'module.canteen'","","","studentQrService.resolveQr","Decorator inventory only; downstream review in baseline report"
"apps/api/src/canteen/canteen.controller.ts","76","CanteenController","createMenuItem","POST","'canteen'","'menu-items'","'canteen:menu:create'","","JwtAuthGuard, RolesPermissionsGuard, EntitlementGuard","","'module.canteen'","","","canteenService.createMenuItem","Decorator inventory only; downstream review in baseline report"
"apps/api/src/canteen/canteen.controller.ts","85","CanteenController","listMenuItems","GET","'canteen'","'menu-items'","'canteen:menu:read'","","JwtAuthGuard, RolesPermissionsGuard, EntitlementGuard","","'module.canteen'","","","canteenService.listMenuItems","Decorator inventory only; downstream review in baseline report"
"apps/api/src/canteen/canteen.controller.ts","104","CanteenController","updateMenuItem","PATCH","'canteen'","'menu-items/:id'","'canteen:menu:update'","","JwtAuthGuard, RolesPermissionsGuard, EntitlementGuard","","'module.canteen'","","","canteenService.updateMenuItem","Decorator inventory only; downstream review in baseline report"
"apps/api/src/canteen/canteen.controller.ts","114","CanteenController","updateMenuItemStatus","PATCH","'canteen'","'menu-items/:id/status'","'canteen:menu:update'","","JwtAuthGuard, RolesPermissionsGuard, EntitlementGuard","","'module.canteen'","","","canteenService.updateMenuItemStatus","Decorator inventory only; downstream review in baseline report"
"apps/api/src/canteen/canteen.controller.ts","124","CanteenController","archiveMenuItem","POST","'canteen'","'menu-items/:id/archive'","'canteen:menu:update'","","JwtAuthGuard, RolesPermissionsGuard, EntitlementGuard","","'module.canteen'","","","canteenService.archiveMenuItem","Decorator inventory only; downstream review in baseline report"
"apps/api/src/canteen/canteen.controller.ts","134","CanteenController","createMealPlan","POST","'canteen'","'meal-plans'","'canteen:plans:create'","","JwtAuthGuard, RolesPermissionsGuard, EntitlementGuard","","'module.canteen'","","","canteenService.createMealPlan","Decorator inventory only; downstream review in baseline report"
"apps/api/src/canteen/canteen.controller.ts","143","CanteenController","listMealPlans","GET","'canteen'","'meal-plans'","'canteen:plans:read'","","JwtAuthGuard, RolesPermissionsGuard, EntitlementGuard","","'module.canteen'","","","canteenService.listMealPlans","Decorator inventory only; downstream review in baseline report"
"apps/api/src/canteen/canteen.controller.ts","160","CanteenController","updateMealPlan","PATCH","'canteen'","'meal-plans/:id'","'canteen:plans:update'","","JwtAuthGuard, RolesPermissionsGuard, EntitlementGuard","","'module.canteen'","","","canteenService.updateMealPlan","Decorator inventory only; downstream review in baseline report"
"apps/api/src/canteen/canteen.controller.ts","170","CanteenController","updateMealPlanStatus","PATCH","'canteen'","'meal-plans/:id/status'","'canteen:plans:update'","","JwtAuthGuard, RolesPermissionsGuard, EntitlementGuard","","'module.canteen'","","","canteenService.updateMealPlanStatus","Decorator inventory only; downstream review in baseline report"
"apps/api/src/canteen/canteen.controller.ts","180","CanteenController","enrollStudent","POST","'canteen'","'enrollments'","'canteen:enrollments:create'","","JwtAuthGuard, RolesPermissionsGuard, EntitlementGuard","","'module.canteen'","","","canteenService.enrollStudent","Decorator inventory only; downstream review in baseline report"
"apps/api/src/canteen/canteen.controller.ts","189","CanteenController","listEnrollments","GET","'canteen'","'enrollments'","'canteen:enrollments:read'","","JwtAuthGuard, RolesPermissionsGuard, EntitlementGuard","","'module.canteen'","","","canteenService.listEnrollments","Decorator inventory only; downstream review in baseline report"
"apps/api/src/canteen/canteen.controller.ts","208","CanteenController","updateEnrollment","PATCH","'canteen'","'enrollments/:id'","'canteen:enrollments:update'","","JwtAuthGuard, RolesPermissionsGuard, EntitlementGuard","","'module.canteen'","","","canteenService.updateEnrollment","Decorator inventory only; downstream review in baseline report"
"apps/api/src/canteen/canteen.controller.ts","218","CanteenController","cancelEnrollment","PATCH","'canteen'","'enrollments/:id/cancel'","'canteen:enrollments:update'","","JwtAuthGuard, RolesPermissionsGuard, EntitlementGuard","","'module.canteen'","","","canteenService.cancelEnrollment","Decorator inventory only; downstream review in baseline report"
"apps/api/src/canteen/canteen.controller.ts","224","CanteenController","pauseEnrollment","PATCH","'canteen'","'enrollments/:id/pause'","'canteen:enrollments:update'","","JwtAuthGuard, RolesPermissionsGuard, EntitlementGuard","","'module.canteen'","","","canteenHardeningService.pauseEnrollment","Decorator inventory only; downstream review in baseline report"
"apps/api/src/canteen/canteen.controller.ts","234","CanteenController","resumeEnrollment","PATCH","'canteen'","'enrollments/:id/resume'","'canteen:enrollments:update'","","JwtAuthGuard, RolesPermissionsGuard, EntitlementGuard","","'module.canteen'","","","canteenHardeningService.resumeEnrollment","Decorator inventory only; downstream review in baseline report"
"apps/api/src/canteen/canteen.controller.ts","244","CanteenController","endEnrollment","PATCH","'canteen'","'enrollments/:id/end'","'canteen:enrollments:update'","","JwtAuthGuard, RolesPermissionsGuard, EntitlementGuard","","'module.canteen'","","","canteenHardeningService.endEnrollment","Decorator inventory only; downstream review in baseline report"
"apps/api/src/canteen/canteen.controller.ts","254","CanteenController","serveMeal","POST","'canteen'","'servings'","'canteen:serving:create'","","JwtAuthGuard, RolesPermissionsGuard, EntitlementGuard","","'module.canteen'","","","canteenService.serveMeal","Decorator inventory only; downstream review in baseline report"
"apps/api/src/canteen/canteen.controller.ts","263","CanteenController","reverseWalletTransaction","POST","'canteen'","'wallets/transactions/:id/reverse'","'canteen:wallets:update'","","JwtAuthGuard, RolesPermissionsGuard, EntitlementGuard","","'module.canteen'","","","canteenService.reverseWalletTransaction","Decorator inventory only; downstream review in baseline report"
"apps/api/src/canteen/canteen.controller.ts","273","CanteenController","correctWalletTransaction","POST","'canteen'","'wallets/transactions/:id/correct'","'canteen:wallets:update'","","JwtAuthGuard, RolesPermissionsGuard, EntitlementGuard","","'module.canteen'","","","canteenService.correctWalletTransaction","Decorator inventory only; downstream review in baseline report"
"apps/api/src/canteen/canteen.controller.ts","283","CanteenController","createSupplier","POST","'canteen'","'suppliers'","'canteen:inventory:update'","","JwtAuthGuard, RolesPermissionsGuard, EntitlementGuard","","'module.canteen'","","","canteenService.createSupplier","Decorator inventory only; downstream review in baseline report"
"apps/api/src/canteen/canteen.controller.ts","292","CanteenController","listSuppliers","GET","'canteen'","'suppliers'","'canteen:inventory:read'","","JwtAuthGuard, RolesPermissionsGuard, EntitlementGuard","","'module.canteen'","","","canteenService.listSuppliers","Decorator inventory only; downstream review in baseline report"
"apps/api/src/canteen/canteen.controller.ts","303","CanteenController","createInventoryItem","POST","'canteen'","'inventory-items'","'canteen:inventory:update'","","JwtAuthGuard, RolesPermissionsGuard, EntitlementGuard","","'module.canteen'","","","canteenService.createInventoryItem","Decorator inventory only; downstream review in baseline report"
"apps/api/src/canteen/canteen.controller.ts","312","CanteenController","listInventoryItems","GET","'canteen'","'inventory-items'","'canteen:inventory:read'","","JwtAuthGuard, RolesPermissionsGuard, EntitlementGuard","","'module.canteen'","","","canteenService.listInventoryItems","Decorator inventory only; downstream review in baseline report"
"apps/api/src/canteen/canteen.controller.ts","329","CanteenController","createPurchaseBill","POST","'canteen'","'purchase-bills'","'canteen:inventory:update'","","JwtAuthGuard, RolesPermissionsGuard, EntitlementGuard","","'module.canteen'","","","canteenService.createPurchaseBill","Decorator inventory only; downstream review in baseline report"
"apps/api/src/canteen/canteen.controller.ts","338","CanteenController","recordWastage","POST","'canteen'","'wastage'","'canteen:inventory:update'","","JwtAuthGuard, RolesPermissionsGuard, EntitlementGuard","","'module.canteen'","","","canteenService.recordWastage","Decorator inventory only; downstream review in baseline report"
"apps/api/src/canteen/canteen.controller.ts","347","CanteenController","manualStockAdjustment","POST","'canteen'","'stock-adjustment'","'canteen:inventory:update'","","JwtAuthGuard, RolesPermissionsGuard, EntitlementGuard","","'module.canteen'","","","canteenService.manualStockAdjustment","Decorator inventory only; downstream review in baseline report"
"apps/api/src/canteen/canteen.controller.ts","356","CanteenController","listDailyServings","GET","'canteen'","'servings'","'canteen:serving:read'","","JwtAuthGuard, RolesPermissionsGuard, EntitlementGuard","","'module.canteen'","","","canteenService.listDailyServings","Decorator inventory only; downstream review in baseline report"
"apps/api/src/canteen/canteen.controller.ts","373","CanteenController","cancelServing","PATCH","'canteen'","'servings/:id/cancel'","'canteen:serving:update'","","JwtAuthGuard, RolesPermissionsGuard, EntitlementGuard","","'module.canteen'","","","canteenHardeningService.cancelServing","Decorator inventory only; downstream review in baseline report"
"apps/api/src/canteen/canteen.controller.ts","383","CanteenController","markServingNotTaken","PATCH","'canteen'","'servings/:id/not-taken'","'canteen:serving:update'","","JwtAuthGuard, RolesPermissionsGuard, EntitlementGuard","","'module.canteen'","","","canteenHardeningService.markServingNotTaken","Decorator inventory only; downstream review in baseline report"
"apps/api/src/canteen/canteen.controller.ts","393","CanteenController","getOrCreateWallet","POST","'canteen'","'wallets/student/:studentId'","'canteen:wallets:create'","","JwtAuthGuard, RolesPermissionsGuard, EntitlementGuard","","'module.canteen'","","","canteenService.getOrCreateWallet","Decorator inventory only; downstream review in baseline report"
"apps/api/src/canteen/canteen.controller.ts","402","CanteenController","walletBalance","GET","'canteen'","'wallets/student/:studentId/balance'","'canteen:wallets:read'","","JwtAuthGuard, RolesPermissionsGuard, EntitlementGuard","","'module.canteen'","","","canteenService.walletBalance","Decorator inventory only; downstream review in baseline report"
"apps/api/src/canteen/canteen.controller.ts","411","CanteenController","topUpWallet","POST","'canteen'","'wallets/student/:studentId/top-up'","'canteen:wallets:update'","","JwtAuthGuard, RolesPermissionsGuard, EntitlementGuard","","'module.canteen'","","","canteenService.topUpWallet","Decorator inventory only; downstream review in baseline report"
"apps/api/src/canteen/canteen.controller.ts","421","CanteenController","transactionHistory","GET","'canteen'","'wallets/student/:studentId/transactions'","'canteen:wallets:read'","","JwtAuthGuard, RolesPermissionsGuard, EntitlementGuard","","'module.canteen'","","","canteenService.transactionHistory","Decorator inventory only; downstream review in baseline report"
"apps/api/src/canteen/canteen.controller.ts","435","CanteenController","sendLowBalanceAlerts","POST","'canteen'","'wallets/low-balance-alerts'","'canteen:wallets:update'","","JwtAuthGuard, RolesPermissionsGuard, EntitlementGuard","","'module.canteen'","","","canteenHardeningService.sendLowBalanceAlerts","Decorator inventory only; downstream review in baseline report"
"apps/api/src/canteen/canteen.controller.ts","444","CanteenController","createPosSale","POST","'canteen'","'pos-sales'","'canteen:pos:create'","","JwtAuthGuard, RolesPermissionsGuard, EntitlementGuard","","'module.canteen'","","","canteenService.createPosSale","Decorator inventory only; downstream review in baseline report"
"apps/api/src/canteen/canteen.controller.ts","453","CanteenController","completePosSale","PATCH","'canteen'","'pos-sales/:id/complete'","'canteen:pos:update'","","JwtAuthGuard, RolesPermissionsGuard, EntitlementGuard","","'module.canteen'","","","canteenService.completePosSale","Decorator inventory only; downstream review in baseline report"
"apps/api/src/canteen/canteen.controller.ts","463","CanteenController","cancelPosSale","PATCH","'canteen'","'pos-sales/:id/cancel'","'canteen:pos:update'","","JwtAuthGuard, RolesPermissionsGuard, EntitlementGuard","","'module.canteen'","","","canteenService.cancelPosSale","Decorator inventory only; downstream review in baseline report"
"apps/api/src/canteen/canteen.controller.ts","469","CanteenController","getPosReceipt","GET","'canteen'","'pos-sales/:id/receipt'","'canteen:pos:read'","","JwtAuthGuard, RolesPermissionsGuard, EntitlementGuard","","'module.canteen'","","","canteenService.getPosReceipt","Decorator inventory only; downstream review in baseline report"
"apps/api/src/canteen/canteen.controller.ts","475","CanteenController","getPosReceiptPdf","GET","'canteen'","'pos-sales/:id/receipt.pdf'","'canteen:pos:read'","","JwtAuthGuard, RolesPermissionsGuard, EntitlementGuard","","'module.canteen'","","","canteenService.getPosReceiptPdf","Decorator inventory only; downstream review in baseline report"
"apps/api/src/canteen/canteen.controller.ts","489","CanteenController","getPosReceiptPdfFile","POST","'canteen'","'pos-sales/:id/receipt.pdf/file'","'canteen:pos:read'","","JwtAuthGuard, RolesPermissionsGuard, EntitlementGuard","","'module.canteen'","","","canteenService.getPosReceiptPdfFile","Decorator inventory only; downstream review in baseline report"
"apps/api/src/canteen/canteen.controller.ts","498","CanteenController","getPosReceiptJsonFile","POST","'canteen'","'pos-sales/:id/receipt.json/file'","'canteen:pos:read'","","JwtAuthGuard, RolesPermissionsGuard, EntitlementGuard","","'module.canteen'","","","canteenService.getPosReceiptJsonFile","Decorator inventory only; downstream review in baseline report"
"apps/api/src/canteen/canteen.controller.ts","507","CanteenController","listPosSales","GET","'canteen'","'pos-sales'","'canteen:pos:read'","","JwtAuthGuard, RolesPermissionsGuard, EntitlementGuard","","'module.canteen'","","","canteenService.listPosSales","Decorator inventory only; downstream review in baseline report"
"apps/api/src/canteen/canteen.controller.ts","528","CanteenController","upsertSpendingControl","POST","'canteen'","'spending-controls'","'canteen:controls:create'","","JwtAuthGuard, RolesPermissionsGuard, EntitlementGuard","","'module.canteen'","","","canteenService.upsertSpendingControl","Decorator inventory only; downstream review in baseline report"
"apps/api/src/canteen/canteen.controller.ts","537","CanteenController","getSpendingControl","GET","'canteen'","'spending-controls/student/:studentId'","'canteen:controls:read'","","JwtAuthGuard, RolesPermissionsGuard, EntitlementGuard","","'module.canteen'","","","canteenService.getSpendingControl","Decorator inventory only; downstream review in baseline report"
"apps/api/src/canteen/canteen.controller.ts","546","CanteenController","getParentStudentCanteenStatus","GET","'canteen'","'parent/students/:studentId/status'","'canteen:parent:read'","","JwtAuthGuard, RolesPermissionsGuard, EntitlementGuard","","'module.canteen'","","","canteenService.getParentStudentCanteenStatus","Decorator inventory only; downstream review in baseline report"
"apps/api/src/canteen/canteen.controller.ts","555","CanteenController","dailyMealCountReport","GET","'canteen'","'reports/daily-meal-count'","'canteen:reports:read'","","JwtAuthGuard, RolesPermissionsGuard, EntitlementGuard","","'module.canteen'","","","canteenService.dailyMealCountReport","Decorator inventory only; downstream review in baseline report"
"apps/api/src/canteen/canteen.controller.ts","564","CanteenController","exportDailyMealCountCsv","GET","'canteen'","'reports/daily-meal-count.csv'","'canteen:reports:read'","","JwtAuthGuard, RolesPermissionsGuard, EntitlementGuard","","'module.canteen'","","","canteenHardeningService.exportDailyMealCountCsv","Decorator inventory only; downstream review in baseline report"
"apps/api/src/canteen/canteen.controller.ts","578","CanteenController","exportDailyMealCountCsvFile","POST","'canteen'","'reports/daily-meal-count/export'","'canteen:reports:read'","","JwtAuthGuard, RolesPermissionsGuard, EntitlementGuard","","'module.canteen'","","","canteenHardeningService.exportDailyMealCountCsvFile","Decorator inventory only; downstream review in baseline report"
"apps/api/src/canteen/canteen.controller.ts","587","CanteenController","itemWiseSalesReport","GET","'canteen'","'reports/item-wise-sales'","'canteen:reports:read'","","JwtAuthGuard, RolesPermissionsGuard, EntitlementGuard","","'module.canteen'","","","canteenService.itemWiseSalesReport","Decorator inventory only; downstream review in baseline report"
"apps/api/src/canteen/canteen.controller.ts","597","CanteenController","exportItemWiseSalesCsv","GET","'canteen'","'reports/item-wise-sales.csv'","'canteen:reports:read'","","JwtAuthGuard, RolesPermissionsGuard, EntitlementGuard","","'module.canteen'","","","canteenHardeningService.exportItemWiseSalesCsv","Decorator inventory only; downstream review in baseline report"
"apps/api/src/canteen/canteen.controller.ts","615","CanteenController","exportItemWiseSalesCsvFile","POST","'canteen'","'reports/item-wise-sales/export'","'canteen:reports:read'","","JwtAuthGuard, RolesPermissionsGuard, EntitlementGuard","","'module.canteen'","","","canteenHardeningService.exportItemWiseSalesCsvFile","Decorator inventory only; downstream review in baseline report"
"apps/api/src/canteen/canteen.controller.ts","628","CanteenController","lowBalanceWalletList","GET","'canteen'","'reports/low-balance-wallets'","'canteen:reports:read'","","JwtAuthGuard, RolesPermissionsGuard, EntitlementGuard","","'module.canteen'","","","canteenService.lowBalanceWalletList","Decorator inventory only; downstream review in baseline report"
"apps/api/src/canteen/canteen.controller.ts","634","CanteenController","studentSpendingSummary","GET","'canteen'","'reports/student-spending-summary'","'canteen:reports:read'","","JwtAuthGuard, RolesPermissionsGuard, EntitlementGuard","","'module.canteen'","","","canteenService.studentSpendingSummary","Decorator inventory only; downstream review in baseline report"
"apps/api/src/canteen/canteen.controller.ts","649","CanteenController","getStockLedger","GET","'canteen'","'reports/stock-ledger'","'canteen:reports:read'","","JwtAuthGuard, RolesPermissionsGuard, EntitlementGuard","","'module.canteen'","","","canteenService.getStockLedger","Decorator inventory only; downstream review in baseline report"
"apps/api/src/classes/classes.controller.ts","29","ClassesController","listClasses","GET","'classes'","","'classes:read'","","JwtAuthGuard, RolesPermissionsGuard, EntitlementGuard","","'module.students'","","'SCHOOL_PROFILE', 'STUDENT_RECORDS', 'ATTENDANCE', 'ACADEMICS', 'HOMEWORK_TIMETABLE'","classesService.listClasses","Decorator inventory only; downstream review in baseline report"
"apps/api/src/classes/classes.controller.ts","46","ClassesController","createClass","POST","'classes'","","'classes:create'","","JwtAuthGuard, RolesPermissionsGuard, EntitlementGuard","","'module.students'","","","classesService.createClass","Decorator inventory only; downstream review in baseline report"
"apps/api/src/classes/classes.controller.ts","56","ClassesController","assignClassStream","PATCH","'classes'","':id/stream'","'classes:create'","","JwtAuthGuard, RolesPermissionsGuard, EntitlementGuard","","'module.students'","","","classesService.assignClassStream","Decorator inventory only; downstream review in baseline report"
"apps/api/src/classes/streams.controller.ts","18","StreamsController","listStreams","GET","'streams'","","'streams:read'","","JwtAuthGuard, RolesPermissionsGuard, EntitlementGuard","","'module.students'","","","streamsService.listStreams","Decorator inventory only; downstream review in baseline report"
"apps/api/src/classes/streams.controller.ts","24","StreamsController","createStream","POST","'streams'","","'streams:create'","","JwtAuthGuard, RolesPermissionsGuard, EntitlementGuard","","'module.students'","","","streamsService.createStream","Decorator inventory only; downstream review in baseline report"
"apps/api/src/communications/communications-operations.controller.ts","32","CommunicationsOperationsController","getSummary","GET","'communications'","'summary'","'notices:read'","","JwtAuthGuard, RolesPermissionsGuard, EntitlementGuard","","'module.notifications'","","'NOTICES_DELIVERY'","communicationsService.getCommunicationsSummary","Decorator inventory only; downstream review in baseline report"
"apps/api/src/communications/communications-operations.controller.ts","39","CommunicationsOperationsController","getProviderDiagnostics","GET","'communications'","'provider-diagnostics'","'notifications:view_delivery_diagnostics'","","JwtAuthGuard, RolesPermissionsGuard, EntitlementGuard","","'module.notifications'","","'NOTICES_DELIVERY'","communicationsService.getCommunicationProviderDiagnostics","Decorator inventory only; downstream review in baseline report"
"apps/api/src/communications/communications-operations.controller.ts","46","CommunicationsOperationsController","listTemplates","GET","'communications'","'templates'","'notifications:manage_templates'","","JwtAuthGuard, RolesPermissionsGuard, EntitlementGuard","","'module.notifications'","","","communicationsService.listCommunicationTemplates","Decorator inventory only; downstream review in baseline report"
"apps/api/src/communications/communications-operations.controller.ts","55","CommunicationsOperationsController","createTemplate","POST","'communications'","'templates'","'notifications:manage_templates'","","JwtAuthGuard, RolesPermissionsGuard, EntitlementGuard","","'module.notifications'","","","communicationsService.createCommunicationTemplate","Decorator inventory only; downstream review in baseline report"
"apps/api/src/communications/communications-operations.controller.ts","64","CommunicationsOperationsController","updateTemplate","PATCH","'communications'","'templates/:templateId'","'notifications:manage_templates'","","JwtAuthGuard, RolesPermissionsGuard, EntitlementGuard","","'module.notifications'","","","communicationsService.updateCommunicationTemplate","Decorator inventory only; downstream review in baseline report"
"apps/api/src/communications/communications-operations.controller.ts","78","CommunicationsOperationsController","publishTemplate","POST","'communications'","'templates/:templateId/publish'","'notifications:manage_templates'","","JwtAuthGuard, RolesPermissionsGuard, EntitlementGuard","","'module.notifications'","","","communicationsService.publishCommunicationTemplate","Decorator inventory only; downstream review in baseline report"
"apps/api/src/communications/communications-operations.controller.ts","90","CommunicationsOperationsController","archiveTemplate","POST","'communications'","'templates/:templateId/archive'","'notifications:manage_templates'","","JwtAuthGuard, RolesPermissionsGuard, EntitlementGuard","","'module.notifications'","","","communicationsService.archiveCommunicationTemplate","Decorator inventory only; downstream review in baseline report"
"apps/api/src/communications/consents.controller.ts","19","ConsentsController","listConsents","GET","'consents'","","'consents:manage'","","JwtAuthGuard, RolesPermissionsGuard, EntitlementGuard","","'module.notifications'","","","communicationsService.listConsents","Decorator inventory only; downstream review in baseline report"
"apps/api/src/communications/consents.controller.ts","25","ConsentsController","captureConsent","POST","'consents'","","'consents:manage'","","JwtAuthGuard, RolesPermissionsGuard, EntitlementGuard","","'module.notifications'","","","communicationsService.captureConsent","Decorator inventory only; downstream review in baseline report"
"apps/api/src/communications/consents.controller.ts","34","ConsentsController","getGuardianConsentStatus","GET","'consents'","'guardians/:guardianId/status'","'consents:manage'","","JwtAuthGuard, RolesPermissionsGuard, EntitlementGuard","","'module.notifications'","","","communicationsService.getGuardianConsentStatus","Decorator inventory only; downstream review in baseline report"
"apps/api/src/communications/consents.controller.ts","46","ConsentsController","captureGuardianConsent","POST","'consents'","'guardians/:guardianId/capture'","'consents:manage'","","JwtAuthGuard, RolesPermissionsGuard, EntitlementGuard","","'module.notifications'","","","communicationsService.captureConsent","Decorator inventory only; downstream review in baseline report"
"apps/api/src/communications/consents.controller.ts","63","ConsentsController","revokeGuardianConsent","POST","'consents'","'guardians/:guardianId/revoke'","'consents:manage'","","JwtAuthGuard, RolesPermissionsGuard, EntitlementGuard","","'module.notifications'","","","communicationsService.captureConsent","Decorator inventory only; downstream review in baseline report"
"apps/api/src/communications/deliveries.controller.ts","32","DeliveriesController","listDeliveries","GET","'communications/deliveries'","","'notifications:view_delivery_diagnostics'","","JwtAuthGuard, RolesPermissionsGuard, EntitlementGuard","","'module.notifications'","","","communicationsService.listDeliveries","Decorator inventory only; downstream review in baseline report"
"apps/api/src/communications/deliveries.controller.ts","41","DeliveriesController","analytics","GET","'communications/deliveries'","'analytics'","'notifications:view_delivery_diagnostics'","","JwtAuthGuard, RolesPermissionsGuard, EntitlementGuard","","'module.notifications'","","","communicationsService.getDeliveryAnalytics","Decorator inventory only; downstream review in baseline report"
"apps/api/src/communications/deliveries.controller.ts","47","DeliveriesController","operations","GET","'communications/deliveries'","'operations'","'notifications:view_delivery_diagnostics'","","JwtAuthGuard, RolesPermissionsGuard, EntitlementGuard","","'module.notifications'","","'NOTICES_DELIVERY'","communicationsService.listDeliveryOperations","Decorator inventory only; downstream review in baseline report"
"apps/api/src/communications/deliveries.controller.ts","57","DeliveriesController","failures","GET","'communications/deliveries'","'failures'","'notifications:view_delivery_diagnostics'","","JwtAuthGuard, RolesPermissionsGuard, EntitlementGuard","","'module.notifications'","","'NOTICES_DELIVERY'","deliveryRetryService.listFailureDashboard","Decorator inventory only; downstream review in baseline report"
"apps/api/src/communications/deliveries.controller.ts","67","DeliveriesController","retryDelivery","POST","'communications/deliveries'","':deliveryId/retry'","'notifications:retry_deliveries'","","JwtAuthGuard, RolesPermissionsGuard, EntitlementGuard","","'module.notifications'","","","deliveryRetryService.retryDelivery","Decorator inventory only; downstream review in baseline report"
"apps/api/src/communications/deliveries.controller.ts","79","DeliveriesController","retryFailedDeliveries","POST","'communications/deliveries'","'retry-failed'","'notifications:retry_deliveries'","","JwtAuthGuard, RolesPermissionsGuard, EntitlementGuard","","'module.notifications'","","","deliveryRetryService.retryFailedDeliveries","Decorator inventory only; downstream review in baseline report"
"apps/api/src/communications/events.controller.ts","18","EventsController","listEvents","GET","'events'","","'events:read'","","JwtAuthGuard, RolesPermissionsGuard, EntitlementGuard","","'module.notices'","","","communicationsService.listEvents","Decorator inventory only; downstream review in baseline report"
"apps/api/src/communications/events.controller.ts","24","EventsController","createEvent","POST","'events'","","'events:create'","","JwtAuthGuard, RolesPermissionsGuard, EntitlementGuard","","'module.notices'","","","communicationsService.createEvent","Decorator inventory only; downstream review in baseline report"
"apps/api/src/communications/m10-hardening.controller.ts","36","M10HardeningController","listCommunicationNotices","GET","","'communications/notices'","'notices:read'","","JwtAuthGuard, RolesPermissionsGuard, EntitlementGuard","","'module.notices'","","","m10HardeningService.listNoticesWithReadStatus","Decorator inventory only; downstream review in baseline report"
"apps/api/src/communications/m10-hardening.controller.ts","46","M10HardeningController","getCommunicationNotice","GET","","'communications/notices/:noticeId'","'notices:read'","","JwtAuthGuard, RolesPermissionsGuard, EntitlementGuard","","'module.notices'","","","m10HardeningService.getNoticeDetailWithReadStatus","Decorator inventory only; downstream review in baseline report"
"apps/api/src/communications/m10-hardening.controller.ts","59","M10HardeningController","markNoticeRead","POST","","'communications/notices/:noticeId/read'","'notices:read'","","JwtAuthGuard, RolesPermissionsGuard, EntitlementGuard","","'module.notices'","","","m10HardeningService.markNoticeRead","Decorator inventory only; downstream review in baseline report"
"apps/api/src/communications/m10-hardening.controller.ts","69","M10HardeningController","resendFailedNoticeDeliveries","POST","","'communications/notices/:noticeId/resend-failed'","'notifications:retry_deliveries'","","JwtAuthGuard, RolesPermissionsGuard, EntitlementGuard","","'module.notices'","","","m10HardeningService.resendNoticeFailed","Decorator inventory only; downstream review in baseline report"
"apps/api/src/communications/m10-hardening.controller.ts","80","M10HardeningController","getRetentionPolicyStatus","GET","","'communications/retention-policy'","'notifications:view_delivery_diagnostics'","","JwtAuthGuard, RolesPermissionsGuard, EntitlementGuard","","'module.notifications'","","","m10HardeningService.getRetentionPolicyStatus","Decorator inventory only; downstream review in baseline report"
"apps/api/src/communications/m10-hardening.controller.ts","86","M10HardeningController","listCommunicationAuditTrail","GET","","'communications/audit'","'notifications:view_delivery_diagnostics'","","JwtAuthGuard, RolesPermissionsGuard, EntitlementGuard","","'module.notifications'","","","m10HardeningService.listCommunicationAuditTrail","Decorator inventory only; downstream review in baseline report"
"apps/api/src/communications/m10-hardening.controller.ts","95","M10HardeningController","retryDelivery","POST","","'notifications/deliveries/:deliveryId/retry'","'notifications:retry_deliveries'","","JwtAuthGuard, RolesPermissionsGuard, EntitlementGuard","","'module.notifications'","","","m10HardeningService.retryDeliveryWithMetadata","Decorator inventory only; downstream review in baseline report"
"apps/api/src/communications/m10-hardening.controller.ts","109","M10HardeningController","recordProviderDeliveryStatus","PATCH","","'communications/deliveries/provider-status'","'notifications:retry_deliveries'","","JwtAuthGuard, RolesPermissionsGuard, EntitlementGuard","","'module.notifications'","","","m10HardeningService.recordProviderDeliveryStatus","Decorator inventory only; downstream review in baseline report"
"apps/api/src/communications/m10-hardening.controller.ts","118","M10HardeningController","createConsentTemplate","POST","","'communications/consent/templates'","'communications:manage_consent'","","JwtAuthGuard, RolesPermissionsGuard, EntitlementGuard","","'module.notifications'","","","m10HardeningService.createConsentTemplate","Decorator inventory only; downstream review in baseline report"
"apps/api/src/communications/m10-hardening.controller.ts","127","M10HardeningController","listConsentTemplates","GET","","'communications/consent/templates'","'communications:manage_consent'","","JwtAuthGuard, RolesPermissionsGuard, EntitlementGuard","","'module.notifications'","","","m10HardeningService.listConsentTemplates","Decorator inventory only; downstream review in baseline report"
"apps/api/src/communications/m10-hardening.controller.ts","133","M10HardeningController","listActiveConsentTemplates","GET","","'communications/consent/templates/active'","'communications:manage_consent'","","JwtAuthGuard, RolesPermissionsGuard, EntitlementGuard","","'module.notifications'","","","m10HardeningService.listConsentTemplates","Decorator inventory only; downstream review in baseline report"
"apps/api/src/communications/m10-hardening.controller.ts","139","M10HardeningController","updateConsentTemplate","PATCH","","'communications/consent/templates/:templateId'","'communications:manage_consent'","","JwtAuthGuard, RolesPermissionsGuard, EntitlementGuard","","'module.notifications'","","","m10HardeningService.updateConsentTemplate","Decorator inventory only; downstream review in baseline report"
"apps/api/src/communications/m10-hardening.controller.ts","153","M10HardeningController","publishConsentTemplate","POST","","'communications/consent/templates/:templateId/publish'","'communications:manage_consent'","","JwtAuthGuard, RolesPermissionsGuard, EntitlementGuard","","'module.notifications'","","","m10HardeningService.publishConsentTemplate","Decorator inventory only; downstream review in baseline report"
"apps/api/src/communications/m10-hardening.controller.ts","162","M10HardeningController","archiveConsentTemplate","POST","","'communications/consent/templates/:templateId/archive'","'communications:manage_consent'","","JwtAuthGuard, RolesPermissionsGuard, EntitlementGuard","","'module.notifications'","","","m10HardeningService.archiveConsentTemplate","Decorator inventory only; downstream review in baseline report"
"apps/api/src/communications/m10-hardening.controller.ts","171","M10HardeningController","getCommunicationPreference","GET","","'communications/preferences'","'notifications:manage_preferences'","","JwtAuthGuard, RolesPermissionsGuard, EntitlementGuard","","'module.notifications'","","","m10HardeningService.getCommunicationPreference","Decorator inventory only; downstream review in baseline report"
"apps/api/src/communications/m10-hardening.controller.ts","177","M10HardeningController","updateCommunicationPreference","PATCH","","'communications/preferences'","'notifications:manage_preferences'","","JwtAuthGuard, RolesPermissionsGuard, EntitlementGuard","","'module.notifications'","","","m10HardeningService.marketingOptIn; m10HardeningService.marketingOptOut","Decorator inventory only; downstream review in baseline report"
"apps/api/src/communications/m10-hardening.controller.ts","188","M10HardeningController","marketingOptOut","POST","","'communications/marketing-opt-out'","'notifications:manage_preferences'","","JwtAuthGuard, RolesPermissionsGuard, EntitlementGuard","","'module.notifications'","","","m10HardeningService.marketingOptOut","Decorator inventory only; downstream review in baseline report"
"apps/api/src/communications/m10-hardening.controller.ts","197","M10HardeningController","marketingOptIn","POST","","'communications/marketing-opt-in'","'notifications:manage_preferences'","","JwtAuthGuard, RolesPermissionsGuard, EntitlementGuard","","'module.notifications'","","","m10HardeningService.marketingOptIn","Decorator inventory only; downstream review in baseline report"
"apps/api/src/communications/notice-detail.controller.ts","39","NoticeDetailController","getNoticeDetail","GET","'notices'","':noticeId'","'notices:read'","","JwtAuthGuard, RolesPermissionsGuard, EntitlementGuard","","'module.notices'","","'NOTICES_DELIVERY'","noticeDetailService.getNoticeDetail","Decorator inventory only; downstream review in baseline report"
"apps/api/src/communications/notice-detail.controller.ts","49","NoticeDetailController","markNoticeRead","POST","'notices'","':noticeId/read'","'notices:read'","","JwtAuthGuard, RolesPermissionsGuard, EntitlementGuard","","'module.notices'","","","notificationCenterService.markNoticeRead","Decorator inventory only; downstream review in baseline report"
"apps/api/src/communications/notice-detail.controller.ts","58","NoticeDetailController","getUnreadRecipients","GET","'notices'","':noticeId/unread-recipients'","'notices:read', 'notices:read_reports'","","JwtAuthGuard, RolesPermissionsGuard, EntitlementGuard","","'module.notices'","","","noticeUnreadRecipientsService.getUnreadRecipients","Decorator inventory only; downstream review in baseline report"
"apps/api/src/communications/notice-detail.controller.ts","72","NoticeDetailController","acknowledge","POST","'notices'","':noticeId/acknowledge'","'notices:read'","","JwtAuthGuard, RolesPermissionsGuard, EntitlementGuard","","'module.notices'","","","noticeAcknowledgementService.acknowledge","Decorator inventory only; downstream review in baseline report"
"apps/api/src/communications/notice-detail.controller.ts","81","NoticeDetailController","listAcknowledgements","GET","'notices'","':noticeId/acknowledgements'","'notices:read_reports'","","JwtAuthGuard, RolesPermissionsGuard, EntitlementGuard","","'module.notices'","","","noticeAcknowledgementService.listRecipients","Decorator inventory only; downstream review in baseline report"
"apps/api/src/communications/notice-detail.controller.ts","95","NoticeDetailController","requestAcknowledgementFollowUp","POST","'notices'","':noticeId/acknowledgements/follow-up'","'notices:read_reports'","","JwtAuthGuard, RolesPermissionsGuard, EntitlementGuard","","'module.notices'","","","noticeAcknowledgementService.requestFollowUp","Decorator inventory only; downstream review in baseline report"
"apps/api/src/communications/notices.controller.ts","41","NoticesController","listNotices","GET","'notices'","","'notices:read'","","JwtAuthGuard, RolesPermissionsGuard, EntitlementGuard","","'module.notices'","","'NOTICES_DELIVERY'","communicationsService.listNotices","Decorator inventory only; downstream review in baseline report"
"apps/api/src/communications/notices.controller.ts","51","NoticesController","createNotice","POST","'notices'","","'notices:create'","","JwtAuthGuard, RolesPermissionsGuard, EntitlementGuard","","'module.notices'","","","communicationsService.createNotice","Decorator inventory only; downstream review in baseline report"
"apps/api/src/communications/notices.controller.ts","57","NoticesController","createDraft","POST","'notices'","'drafts'","'notices:create'","","JwtAuthGuard, RolesPermissionsGuard, EntitlementGuard","","'module.notices'","","","communicationsService.createNoticeDraft","Decorator inventory only; downstream review in baseline report"
"apps/api/src/communications/notices.controller.ts","73","NoticesController","updateDraft","PATCH","'notices'","':noticeId'","'notices:edit'","","JwtAuthGuard, RolesPermissionsGuard, EntitlementGuard","","'module.notices'","","","communicationsService.updateNoticeDraft","Decorator inventory only; downstream review in baseline report"
"apps/api/src/communications/notices.controller.ts","83","NoticesController","publish","POST","'notices'","':noticeId/publish'","'notices:publish'","","JwtAuthGuard, RolesPermissionsGuard, EntitlementGuard","","'module.notices'","","","communicationsService.publishPreparedNotice","Decorator inventory only; downstream review in baseline report"
"apps/api/src/communications/notices.controller.ts","92","NoticesController","schedule","POST","'notices'","':noticeId/schedule'","'notices:schedule'","","JwtAuthGuard, RolesPermissionsGuard, EntitlementGuard","","'module.notices'","","","communicationsService.scheduleNotice","Decorator inventory only; downstream review in baseline report"
"apps/api/src/communications/notices.controller.ts","106","NoticesController","requestApproval","POST","'notices'","':noticeId/approval'","'notices:create'","","JwtAuthGuard, RolesPermissionsGuard, EntitlementGuard","","'module.notices'","","","noticeApprovalService.requestApproval","Decorator inventory only; downstream review in baseline report"
"apps/api/src/communications/notices.controller.ts","116","NoticesController","cancel","POST","'notices'","':noticeId/cancel'","'notices:cancel'","","JwtAuthGuard, RolesPermissionsGuard, EntitlementGuard","","'module.notices'","","","communicationsService.cancelNotice","Decorator inventory only; downstream review in baseline report"
"apps/api/src/communications/notices.controller.ts","126","NoticesController","archive","POST","'notices'","':noticeId/archive'","'notices:archive'","","JwtAuthGuard, RolesPermissionsGuard, EntitlementGuard","","'module.notices'","","","communicationsService.archiveNotice","Decorator inventory only; downstream review in baseline report"
"apps/api/src/communications/notices.controller.ts","136","NoticesController","restore","POST","'notices'","':noticeId/restore'","'notices:archive'","","JwtAuthGuard, RolesPermissionsGuard, EntitlementGuard","","'module.notices'","","","communicationsService.restoreNotice","Decorator inventory only; downstream review in baseline report"
"apps/api/src/communications/notices.controller.ts","146","NoticesController","previewNoticeRecipients","POST","'notices'","'recipient-preview'","'notices:create'","","JwtAuthGuard, RolesPermissionsGuard, EntitlementGuard","","'module.notices'","","","communicationsService.previewNoticeRecipients","Decorator inventory only; downstream review in baseline report"
"apps/api/src/communications/notices.controller.ts","155","NoticesController","processScheduled","POST","'notices'","'scheduled/process'","'notices:create'","","JwtAuthGuard, RolesPermissionsGuard, EntitlementGuard","","'module.notices'","","","communicationsService.processScheduledNotices","Decorator inventory only; downstream review in baseline report"
"apps/api/src/communications/notification-center-alias.controller.ts","20","NotificationCenterAliasController","getCenter","GET","'notification-center'","","'notifications:view_own'","","JwtAuthGuard, RolesPermissionsGuard, EntitlementGuard","","'module.notifications'","","","notificationCenterService.getCenter","Decorator inventory only; downstream review in baseline report"
"apps/api/src/communications/notification-center-alias.controller.ts","29","NotificationCenterAliasController","getUnreadCount","GET","'notification-center'","'unread-count'","'notifications:view_own'","","JwtAuthGuard, RolesPermissionsGuard, EntitlementGuard","","'module.notifications'","","","notificationCenterService.getUnreadCount","Decorator inventory only; downstream review in baseline report"
"apps/api/src/communications/notification-center-alias.controller.ts","35","NotificationCenterAliasController","markRead","POST","'notification-center'","':id/read'","'notifications:view_own'","","JwtAuthGuard, RolesPermissionsGuard, EntitlementGuard","","'module.notifications'","","","notificationCenterService.markRead","Decorator inventory only; downstream review in baseline report"
"apps/api/src/communications/notification-center-alias.controller.ts","41","NotificationCenterAliasController","markAllRead","POST","'notification-center'","'read-all'","'notifications:view_own'","","JwtAuthGuard, RolesPermissionsGuard, EntitlementGuard","","'module.notifications'","","","notificationCenterService.markAllRead","Decorator inventory only; downstream review in baseline report"
"apps/api/src/communications/notification-center.controller.ts","20","NotificationCenterController","getCenter","GET","'communications/notifications'","","'notifications:view_own'","","JwtAuthGuard, RolesPermissionsGuard, EntitlementGuard","","'module.notifications'","","","notificationCenterService.getCenter","Decorator inventory only; downstream review in baseline report"
"apps/api/src/communications/notification-center.controller.ts","29","NotificationCenterController","getUnreadCount","GET","'communications/notifications'","'unread-count'","'notifications:view_own'","","JwtAuthGuard, RolesPermissionsGuard, EntitlementGuard","","'module.notifications'","","","notificationCenterService.getUnreadCount","Decorator inventory only; downstream review in baseline report"
"apps/api/src/communications/notification-center.controller.ts","35","NotificationCenterController","markRead","POST","'communications/notifications'","':id/read'","'notifications:view_own'","","JwtAuthGuard, RolesPermissionsGuard, EntitlementGuard","","'module.notifications'","","","notificationCenterService.markRead","Decorator inventory only; downstream review in baseline report"
"apps/api/src/communications/notification-center.controller.ts","41","NotificationCenterController","markAllRead","POST","'communications/notifications'","'mark-all-read'","'notifications:view_own'","","JwtAuthGuard, RolesPermissionsGuard, EntitlementGuard","","'module.notifications'","","","notificationCenterService.markAllRead","Decorator inventory only; downstream review in baseline report"
"apps/api/src/communications/notification-deliveries-alias.controller.ts","31","NotificationDeliveriesAliasController","listDeliveries","GET","'notifications/deliveries'","","'notifications:view_delivery_diagnostics'","","JwtAuthGuard, RolesPermissionsGuard, EntitlementGuard","","'module.notifications'","","","communicationsService.listDeliveries","Decorator inventory only; downstream review in baseline report"
"apps/api/src/communications/notification-deliveries-alias.controller.ts","40","NotificationDeliveriesAliasController","analytics","GET","'notifications/deliveries'","'analytics'","'notifications:view_delivery_diagnostics'","","JwtAuthGuard, RolesPermissionsGuard, EntitlementGuard","","'module.notifications'","","","communicationsService.getDeliveryAnalytics","Decorator inventory only; downstream review in baseline report"
"apps/api/src/communications/notification-deliveries-alias.controller.ts","46","NotificationDeliveriesAliasController","operations","GET","'notifications/deliveries'","'operations'","'notifications:view_delivery_diagnostics'","","JwtAuthGuard, RolesPermissionsGuard, EntitlementGuard","","'module.notifications'","","","communicationsService.listDeliveryOperations","Decorator inventory only; downstream review in baseline report"
"apps/api/src/communications/notification-deliveries-alias.controller.ts","55","NotificationDeliveriesAliasController","failures","GET","'notifications/deliveries'","'failures'","'notifications:view_delivery_diagnostics'","","JwtAuthGuard, RolesPermissionsGuard, EntitlementGuard","","'module.notifications'","","","deliveryRetryService.listFailureDashboard","Decorator inventory only; downstream review in baseline report"
"apps/api/src/communications/notification-deliveries-alias.controller.ts","64","NotificationDeliveriesAliasController","retryDelivery","POST","'notifications/deliveries'","':deliveryId/retry'","'notifications:retry_deliveries'","","JwtAuthGuard, RolesPermissionsGuard, EntitlementGuard","","'module.notifications'","","","deliveryRetryService.retryDelivery","Decorator inventory only; downstream review in baseline report"
"apps/api/src/communications/notification-deliveries-alias.controller.ts","76","NotificationDeliveriesAliasController","retryFailedDeliveries","POST","'notifications/deliveries'","'retry-failed'","'notifications:retry_deliveries'","","JwtAuthGuard, RolesPermissionsGuard, EntitlementGuard","","'module.notifications'","","","deliveryRetryService.retryFailedDeliveries","Decorator inventory only; downstream review in baseline report"
"apps/api/src/demo-requests/demo-requests-platform.controller.ts","30","DemoRequestsPlatformController","listPage","GET","'platform/demo-requests'","","'platform:demo-requests:read'","","JwtAuthGuard, PlatformGuard","","","","","demoRequestsService.listPage","Decorator inventory only; downstream review in baseline report"
"apps/api/src/demo-requests/demo-requests-platform.controller.ts","38","DemoRequestsPlatformController","getById","GET","'platform/demo-requests'","':id'","'platform:demo-requests:read'","","JwtAuthGuard, PlatformGuard","","","","","demoRequestsService.getById","Decorator inventory only; downstream review in baseline report"
"apps/api/src/demo-requests/demo-requests-platform.controller.ts","44","DemoRequestsPlatformController","updateStatus","PATCH","'platform/demo-requests'","':id/status'","'platform:demo-requests:manage'","","JwtAuthGuard, PlatformGuard","","","","","demoRequestsService.updateStatus","Decorator inventory only; downstream review in baseline report"
"apps/api/src/demo-requests/demo-requests.controller.ts","14","DemoRequestsController","create","POST","'demo-requests'","","","","","","","","","demoRequestsService.create","Decorator inventory only; downstream review in baseline report"
"apps/api/src/file-registry/file-registry.controller.ts","111","FileRegistryController","uploadFile","POST","'files'","'upload'","","","JwtAuthGuard, TenantActiveGuard, RolesPermissionsGuard","","","","","storageService.saveBase64Object; fileRegistryService.registerFile; fileRegistryService.markUploaded; fileRegistryService.getSignedUrl","Decorator inventory only; downstream review in baseline report"
"apps/api/src/file-registry/file-registry.controller.ts","158","FileRegistryController","createSignedUpload","POST","'files'","'signed-upload'","","","JwtAuthGuard, TenantActiveGuard, RolesPermissionsGuard","","","","","fileRegistryService.createSignedUpload","Decorator inventory only; downstream review in baseline report"
"apps/api/src/file-registry/file-registry.controller.ts","177","FileRegistryController","completeSignedUpload","POST","'files'","':id/complete-upload'","","","JwtAuthGuard, TenantActiveGuard, RolesPermissionsGuard","","","","","fileRegistryService.completeSignedUpload","Decorator inventory only; downstream review in baseline report"
"apps/api/src/file-registry/file-registry.controller.ts","186","FileRegistryController","getFileView","GET","'files'","':id/view'","","","JwtAuthGuard, TenantActiveGuard, RolesPermissionsGuard","","","","","fileRegistryService.getFileMetadata; fileRegistryService.assertFileAccessForAuth; fileRegistryService.getSignedUrl","Decorator inventory only; downstream review in baseline report"
"apps/api/src/file-registry/file-registry.controller.ts","204","FileRegistryController","getSignedPreview","GET","'files'","':id/signed-preview'","","","JwtAuthGuard, TenantActiveGuard, RolesPermissionsGuard","","","","","fileRegistryService.createSignedPreviewUrl","Decorator inventory only; downstream review in baseline report"
"apps/api/src/file-registry/file-registry.controller.ts","212","FileRegistryController","getSignedDownload","GET","'files'","':id/signed-download'","","","JwtAuthGuard, TenantActiveGuard, RolesPermissionsGuard","","","","","fileRegistryService.createSignedDownloadUrl","Decorator inventory only; downstream review in baseline report"
"apps/api/src/file-registry/file-registry.controller.ts","220","FileRegistryController","previewFile","GET","'files'","':id/preview'","","","JwtAuthGuard, TenantActiveGuard, RolesPermissionsGuard","","","","","fileRegistryService.getFileMetadata; fileRegistryService.assertFileAccessForAuth; fileRegistryService.auditAccess; storageService.getObjectBuffer","Decorator inventory only; downstream review in baseline report"
"apps/api/src/file-registry/file-registry.controller.ts","247","FileRegistryController","downloadFile","GET","'files'","':id/download'","","","JwtAuthGuard, TenantActiveGuard, RolesPermissionsGuard","","","","","fileRegistryService.getFileMetadata; fileRegistryService.assertFileAccessForAuth; fileRegistryService.auditAccess; storageService.getObjectBuffer","Decorator inventory only; downstream review in baseline report"
"apps/api/src/finance/fees.controller.ts","47","FeesController","getDashboardSummary","GET","'fees'","'dashboard-summary'","","","JwtAuthGuard, RolesPermissionsGuard, EntitlementGuard","","'module.fees'","","","financeService.getDashboardSummary","Decorator inventory only; downstream review in baseline report"
"apps/api/src/finance/fees.controller.ts","55","FeesController","listFeeHeads","GET","'fees'","'heads'","'fees:manage'","","JwtAuthGuard, RolesPermissionsGuard, EntitlementGuard","","'module.fees'","","","financeService.listFeeHeads","Decorator inventory only; downstream review in baseline report"
"apps/api/src/finance/fees.controller.ts","61","FeesController","createFeeHead","POST","'fees'","'heads'","'fees:manage'","","JwtAuthGuard, RolesPermissionsGuard, EntitlementGuard","","'module.fees'","","","financeService.createFeeHead","Decorator inventory only; downstream review in baseline report"
"apps/api/src/finance/fees.controller.ts","70","FeesController","listFeePlans","GET","'fees'","'plans'","'fees:manage'","","JwtAuthGuard, RolesPermissionsGuard, EntitlementGuard","","'module.fees'","","","financeService.listFeePlans","Decorator inventory only; downstream review in baseline report"
"apps/api/src/finance/fees.controller.ts","76","FeesController","createFeePlan","POST","'fees'","'plans'","'fees:manage'","","JwtAuthGuard, RolesPermissionsGuard, EntitlementGuard","","'module.fees'","","","financeService.createFeePlan","Decorator inventory only; downstream review in baseline report"
"apps/api/src/finance/fees.controller.ts","85","FeesController","listInvoices","GET","'fees'","'invoices'","'payments:collect'","","JwtAuthGuard, RolesPermissionsGuard, EntitlementGuard","","'module.fees'","","","financeService.listInvoices","Decorator inventory only; downstream review in baseline report"
"apps/api/src/finance/fees.controller.ts","94","FeesController","getInvoiceDetail","GET","'fees'","'invoices/:id'","'payments:collect'","","JwtAuthGuard, RolesPermissionsGuard, EntitlementGuard","","'module.fees'","","","financeService.getInvoiceDetail","Decorator inventory only; downstream review in baseline report"
"apps/api/src/finance/fees.controller.ts","103","FeesController","getStudentCollectionContext","GET","'fees'","'students/:studentId/collection-context'","'payments:collect'","","JwtAuthGuard, RolesPermissionsGuard, EntitlementGuard","","'module.fees'","","","financeService.getStudentCollectionContext","Decorator inventory only; downstream review in baseline report"
"apps/api/src/finance/fees.controller.ts","112","FeesController","searchCollectionStudents","GET","'fees'","'collection-students'","'payments:collect'","","JwtAuthGuard, RolesPermissionsGuard, EntitlementGuard","","'module.fees'","","","financeService.searchCollectionStudents","Decorator inventory only; downstream review in baseline report"
"apps/api/src/finance/fees.controller.ts","121","FeesController","searchLedgerStudents","GET","'fees'","'ledger-students'","'ledger:read'","","JwtAuthGuard, RolesPermissionsGuard, EntitlementGuard","","'module.fees'","","","financeService.searchLedgerStudents","Decorator inventory only; downstream review in baseline report"
"apps/api/src/finance/fees.controller.ts","130","FeesController","getStudentFeeLedger","GET","'fees'","'students/:studentId/ledger'","'ledger:read'","","JwtAuthGuard, RolesPermissionsGuard, EntitlementGuard","","'module.fees'","","","financeService.getStudentFeeLedgerPage","Decorator inventory only; downstream review in baseline report"
"apps/api/src/finance/fees.controller.ts","140","FeesController","voidInvoice","POST","'fees'","'invoices/:id/void'","'fees:adjust'","","JwtAuthGuard, RolesPermissionsGuard, EntitlementGuard","","'module.fees'","","","financeService.voidInvoice","Decorator inventory only; downstream review in baseline report"
"apps/api/src/finance/fees.controller.ts","150","FeesController","createInvoiceAdjustment","POST","'fees'","'invoices/:id/adjustments'","'fees:adjust'","","JwtAuthGuard, RolesPermissionsGuard, EntitlementGuard","","'module.fees'","","","financeService.createInvoiceAdjustment","Decorator inventory only; downstream review in baseline report"
"apps/api/src/finance/fees.controller.ts","160","FeesController","listBillingRuns","GET","'fees'","'billing-runs'","'fees:bill'","","JwtAuthGuard, RolesPermissionsGuard, EntitlementGuard","","'module.fees'","","","financeService.listBillingRuns","Decorator inventory only; downstream review in baseline report"
"apps/api/src/finance/fees.controller.ts","169","FeesController","generateBillingRun","POST","'fees'","'billing-runs'","'fees:bill'","","JwtAuthGuard, RolesPermissionsGuard, EntitlementGuard","","'module.fees'","","","financeService.generateBillingRun","Decorator inventory only; downstream review in baseline report"
"apps/api/src/finance/fees.controller.ts","178","FeesController","listDefaulters","GET","'fees'","'defaulters'","'fees:manage'","","JwtAuthGuard, RolesPermissionsGuard, EntitlementGuard","","'module.fees'","","","financeService.listDefaulters","Decorator inventory only; downstream review in baseline report"
"apps/api/src/finance/fees.controller.ts","187","FeesController","listDueSchedules","GET","'fees'","'due-schedules'","'fees:bill'","","JwtAuthGuard, RolesPermissionsGuard, EntitlementGuard","","'module.fees'","","","financeService.listDueSchedules","Decorator inventory only; downstream review in baseline report"
"apps/api/src/finance/fees.controller.ts","193","FeesController","createDueSchedule","POST","'fees'","'due-schedules'","'fees:bill'","","JwtAuthGuard, RolesPermissionsGuard, EntitlementGuard","","'module.fees'","","","financeService.createDueSchedule","Decorator inventory only; downstream review in baseline report"
"apps/api/src/finance/fees.controller.ts","202","FeesController","processDueSchedule","POST","'fees'","'due-schedules/:id/process'","'fees:bill'","","JwtAuthGuard, RolesPermissionsGuard, EntitlementGuard","","'module.fees'","","","financeService.processDueSchedule","Decorator inventory only; downstream review in baseline report"
"apps/api/src/finance/fees.controller.ts","212","FeesController","getCollectionReport","GET","'fees'","'reports/collections'","'fees:manage'","","JwtAuthGuard, RolesPermissionsGuard, EntitlementGuard","","'module.fees'","","","financeService.getCollectionReport","Decorator inventory only; downstream review in baseline report"
"apps/api/src/finance/fees.controller.ts","221","FeesController","getPaymentMethodReport","GET","'fees'","'reports/payment-methods'","'fees:manage'","","JwtAuthGuard, RolesPermissionsGuard, EntitlementGuard","","'module.fees'","","","financeService.getPaymentMethodReport","Decorator inventory only; downstream review in baseline report"
"apps/api/src/finance/fees.controller.ts","230","FeesController","getUnallocatedPaymentReport","GET","'fees'","'reports/unallocated-payments'","'fees:manage', 'ledger:read'","","JwtAuthGuard, RolesPermissionsGuard, EntitlementGuard","","'module.fees'","","","financeService.getUnallocatedPaymentReport","Decorator inventory only; downstream review in baseline report"
"apps/api/src/finance/fees.controller.ts","239","FeesController","getDuesTableReport","GET","'fees'","'reports/dues'","'fees:manage'","","JwtAuthGuard, RolesPermissionsGuard, EntitlementGuard","","'module.fees'","","","financeService.getDuesTableReport","Decorator inventory only; downstream review in baseline report"
"apps/api/src/finance/fees.controller.ts","248","FeesController","getInvoiceRegister","GET","'fees'","'reports/invoices'","'fees:manage', 'ledger:read'","","JwtAuthGuard, RolesPermissionsGuard, EntitlementGuard","","'module.fees'","","","financeService.getInvoiceRegisterRows","Decorator inventory only; downstream review in baseline report"
"apps/api/src/finance/fees.controller.ts","267","FeesController","getReceiptRegister","GET","'fees'","'reports/receipts'","'receipts:read', 'ledger:read'","","JwtAuthGuard, RolesPermissionsGuard, EntitlementGuard","","'module.fees'","","","financeService.getReceiptRegisterRows","Decorator inventory only; downstream review in baseline report"
"apps/api/src/finance/fees.controller.ts","283","FeesController","getReceiptSequenceExceptions","GET","'fees'","'reports/receipt-sequence-exceptions'","'receipts:read', 'ledger:read'","","JwtAuthGuard, RolesPermissionsGuard, EntitlementGuard","","'module.fees'","","","financeService.getReceiptSequenceExceptions","Decorator inventory only; downstream review in baseline report"
"apps/api/src/finance/fees.controller.ts","298","FeesController","getRefundReversalRegister","GET","'fees'","'reports/refund-reversals'","'payments:refund', 'payments:reverse', 'ledger:read'","","JwtAuthGuard, RolesPermissionsGuard, EntitlementGuard","","'module.fees'","","","financeService.getRefundReversalRegisterRows","Decorator inventory only; downstream review in baseline report"
"apps/api/src/finance/fees.controller.ts","313","FeesController","recalculateAutomaticDiscounts","POST","'fees'","'discounts/recalculate'","'fees:discount'","","JwtAuthGuard, RolesPermissionsGuard, EntitlementGuard","","'module.fees'","","","financeService.recalculateAutomaticDiscounts","Decorator inventory only; downstream review in baseline report"
"apps/api/src/finance/fees.controller.ts","319","FeesController","sendDefaulterReminders","POST","'fees'","'defaulters/reminders'","'fees:manage'","","JwtAuthGuard, RolesPermissionsGuard, EntitlementGuard","","'module.fees'","","","financeService.sendDefaulterReminders","Decorator inventory only; downstream review in baseline report"
"apps/api/src/finance/fees.controller.ts","328","FeesController","listDiscounts","GET","'fees'","'discounts'","'fees:discount'","","JwtAuthGuard, RolesPermissionsGuard, EntitlementGuard","","'module.fees'","","","financeService.listDiscountRules","Decorator inventory only; downstream review in baseline report"
"apps/api/src/finance/fees.controller.ts","337","FeesController","createDiscount","POST","'fees'","'discounts'","'fees:discount'","","JwtAuthGuard, RolesPermissionsGuard, EntitlementGuard","","'module.fees'","","","financeService.createDiscountRule","Decorator inventory only; downstream review in baseline report"
"apps/api/src/finance/fees.controller.ts","346","FeesController","listWaivers","GET","'fees'","'waivers'","'fees:discount'","","JwtAuthGuard, RolesPermissionsGuard, EntitlementGuard","","'module.fees'","","","financeService.listWaivers","Decorator inventory only; downstream review in baseline report"
"apps/api/src/finance/fees.controller.ts","355","FeesController","createWaiver","POST","'fees'","'waivers'","'fees:discount'","","JwtAuthGuard, RolesPermissionsGuard, EntitlementGuard","","'module.fees'","","","financeService.createWaiver","Decorator inventory only; downstream review in baseline report"
"apps/api/src/finance/finance-compat.controller.ts","40","FinanceCompatController","listDues","GET","'finance'","'dues'","'fees:manage'","","JwtAuthGuard, RolesPermissionsGuard, EntitlementGuard","","'module.fees'","","","financeService.getDuesTableReport","Decorator inventory only; downstream review in baseline report"
"apps/api/src/finance/finance-compat.controller.ts","46","FinanceCompatController","listDefaulters","GET","'finance'","'defaulters'","'fees:manage'","","JwtAuthGuard, RolesPermissionsGuard, EntitlementGuard","","'module.fees'","","","financeService.listDefaulters","Decorator inventory only; downstream review in baseline report"
"apps/api/src/finance/finance-compat.controller.ts","55","FinanceCompatController","sendDefaulterReminders","POST","'finance'","'defaulters/reminders'","'fees:manage'","","JwtAuthGuard, RolesPermissionsGuard, EntitlementGuard","","'module.fees'","","","financeService.sendDefaulterReminders","Decorator inventory only; downstream review in baseline report"
"apps/api/src/finance/finance-compat.controller.ts","64","FinanceCompatController","getCollectionReport","GET","'finance'","'reports/collections'","'fees:manage'","","JwtAuthGuard, RolesPermissionsGuard, EntitlementGuard","","'module.fees'","","","financeService.getCollectionReport","Decorator inventory only; downstream review in baseline report"
"apps/api/src/finance/finance-compat.controller.ts","70","FinanceCompatController","getDuesReport","GET","'finance'","'reports/dues'","'fees:manage'","","JwtAuthGuard, RolesPermissionsGuard, EntitlementGuard","","'module.fees'","","","financeService.getDuesTableReport","Decorator inventory only; downstream review in baseline report"
"apps/api/src/finance/finance-compat.controller.ts","79","FinanceCompatController","previewCashierClose","GET","'finance'","'reports/cashier-close/preview'","'payments:close'","","JwtAuthGuard, RolesPermissionsGuard, EntitlementGuard","","'module.fees'","","","financeService.previewCashierClose","Decorator inventory only; downstream review in baseline report"
"apps/api/src/finance/finance-compat.controller.ts","88","FinanceCompatController","listCashierCloses","GET","'finance'","'cashier-close'","'payments:close'","","JwtAuthGuard, RolesPermissionsGuard, EntitlementGuard","","'module.fees'","","","financeService.listCashierCloses","Decorator inventory only; downstream review in baseline report"
"apps/api/src/finance/finance-compat.controller.ts","97","FinanceCompatController","finalizeCashierClose","POST","'finance'","'cashier-close'","'payments:close'","","JwtAuthGuard, RolesPermissionsGuard, EntitlementGuard","","'module.fees'","","","financeService.finalizeCashierClose","Decorator inventory only; downstream review in baseline report"
"apps/api/src/finance/finance-compat.controller.ts","106","FinanceCompatController","collectPayment","POST","'finance'","'payments'","'payments:collect'","","JwtAuthGuard, RolesPermissionsGuard, EntitlementGuard","","'module.fees'","","","financeService.collectPayment","Decorator inventory only; downstream review in baseline report"
"apps/api/src/finance/finance-compat.controller.ts","115","FinanceCompatController","reversePayment","POST","'finance'","'payments/:id/reverse'","'payments:reverse'","","JwtAuthGuard, RolesPermissionsGuard, EntitlementGuard","","'module.fees'","","","financeService.reversePayment","Decorator inventory only; downstream review in baseline report"
"apps/api/src/finance/finance-compat.controller.ts","125","FinanceCompatController","correctPayment","POST","'finance'","'payments/:id/correct'","'payments:refund'","","JwtAuthGuard, RolesPermissionsGuard, EntitlementGuard","","'module.fees'","","","financeService.refundPayment","Decorator inventory only; downstream review in baseline report"
"apps/api/src/finance/finance-compat.controller.ts","135","FinanceCompatController","getReceiptReprintHistory","GET","'finance'","'receipts/:id/reprint-history'","'receipts:manage'","","JwtAuthGuard, RolesPermissionsGuard, EntitlementGuard","","'module.fees'","","","financeCompatService.getReceiptReprintHistory","Decorator inventory only; downstream review in baseline report"
"apps/api/src/finance/finance-compat.controller.ts","144","FinanceCompatController","reprintReceipt","POST","'finance'","'receipts/:id/reprint'","'receipts:manage'","","JwtAuthGuard, RolesPermissionsGuard, EntitlementGuard","","'module.fees'","","","financeService.reprintReceipt","Decorator inventory only; downstream review in baseline report"
"apps/api/src/finance/finance-compat.controller.ts","154","FinanceCompatController","exportStudentFeeLedger","GET","'finance'","'students/:studentId/ledger/export.csv'","'fees:manage'","","JwtAuthGuard, RolesPermissionsGuard, EntitlementGuard","","'module.fees'","","","financeCompatService.exportStudentFeeLedgerCsv","Decorator inventory only; downstream review in baseline report"
"apps/api/src/finance/ledger.controller.ts","18","LedgerController","listEntries","GET","'ledger'","'entries'","'ledger:read'","","JwtAuthGuard, RolesPermissionsGuard, EntitlementGuard","","'module.fees'","","","financeService.listLedgerEntries","Decorator inventory only; downstream review in baseline report"
"apps/api/src/finance/ledger.controller.ts","27","LedgerController","listAccounts","GET","'ledger'","'accounts'","'ledger:read'","","JwtAuthGuard, RolesPermissionsGuard, EntitlementGuard","","'module.fees'","","","financeService.listAccounts","Decorator inventory only; downstream review in baseline report"
"apps/api/src/finance/payments-webhook.controller.ts","17","PaymentsWebhookController","handleWebhook","POST","'payments/online/webhook'","':provider'","","","","","","","","financeService.handleOnlinePaymentWebhook","Decorator inventory only; downstream review in baseline report"
"apps/api/src/finance/payments.controller.ts","52","PaymentsController","listPayments","GET","'payments'","","'payments:collect'","","JwtAuthGuard, RolesPermissionsGuard, EntitlementGuard","","'module.fees'","","","financeService.listPayments","Decorator inventory only; downstream review in baseline report"
"apps/api/src/finance/payments.controller.ts","61","PaymentsController","listPaymentAllocations","GET","'payments'","':id/allocations'","","","JwtAuthGuard, RolesPermissionsGuard, EntitlementGuard","","'module.fees'","","","financeService.listPaymentAllocations","Decorator inventory only; downstream review in baseline report"
"apps/api/src/finance/payments.controller.ts","70","PaymentsController","reallocatePayment","POST","'payments'","':id/allocations/reallocate'","'payments:collect'","","JwtAuthGuard, RolesPermissionsGuard, EntitlementGuard","","'module.fees'","","","financeService.reallocatePayment","Decorator inventory only; downstream review in baseline report"
"apps/api/src/finance/payments.controller.ts","80","PaymentsController","collectPayment","POST","'payments'","","'payments:collect'","","JwtAuthGuard, RolesPermissionsGuard, EntitlementGuard","","'module.fees'","","","financeService.collectPayment","Decorator inventory only; downstream review in baseline report"
"apps/api/src/finance/payments.controller.ts","89","PaymentsController","initiateOnlinePayment","POST","'payments'","'online/initiate'","'payments:collect'","","JwtAuthGuard, RolesPermissionsGuard, EntitlementGuard","","'module.fees'","","","financeService.initiateOnlinePayment","Decorator inventory only; downstream review in baseline report"
"apps/api/src/finance/payments.controller.ts","98","PaymentsController","getPaymentGatewayReadiness","GET","'payments'","'gateway-readiness'","'payments:collect'","","JwtAuthGuard, RolesPermissionsGuard, EntitlementGuard","","'module.fees'","","","financeService.getPaymentGatewayReadiness","Decorator inventory only; downstream review in baseline report"
"apps/api/src/finance/payments.controller.ts","104","PaymentsController","listCashDeposits","GET","'payments'","'cash-deposits'","'payments:close', 'accounting:reconciliation:manage'","","JwtAuthGuard, RolesPermissionsGuard, EntitlementGuard","","'module.fees'","","","financeService.listCashDeposits","Decorator inventory only; downstream review in baseline report"
"apps/api/src/finance/payments.controller.ts","113","PaymentsController","prepareCashDeposit","POST","'payments'","'cash-deposits'","'payments:close', 'accounting:reconciliation:manage'","","JwtAuthGuard, RolesPermissionsGuard, EntitlementGuard","","'module.fees'","","","financeService.prepareCashDeposit","Decorator inventory only; downstream review in baseline report"
"apps/api/src/finance/payments.controller.ts","122","PaymentsController","submitCashDeposit","POST","'payments'","'cash-deposits/:id/submit'","'payments:close', 'accounting:reconciliation:manage'","","JwtAuthGuard, RolesPermissionsGuard, EntitlementGuard","","'module.fees'","","","financeService.submitCashDeposit","Decorator inventory only; downstream review in baseline report"
"apps/api/src/finance/payments.controller.ts","132","PaymentsController","completeCashDeposit","POST","'payments'","'cash-deposits/:id/complete'","'payments:close', 'accounting:reconciliation:manage', 'accounting:journals:post'","","JwtAuthGuard, RolesPermissionsGuard, EntitlementGuard","","'module.fees'","","","financeService.completeCashDeposit","Decorator inventory only; downstream review in baseline report"
"apps/api/src/finance/payments.controller.ts","146","PaymentsController","previewCashierClose","GET","'payments'","'cashier-close/preview'","'payments:close'","","JwtAuthGuard, RolesPermissionsGuard, EntitlementGuard","","'module.fees'","","","financeService.previewCashierClose","Decorator inventory only; downstream review in baseline report"
"apps/api/src/finance/payments.controller.ts","155","PaymentsController","listCashierCloses","GET","'payments'","'cashier-close'","'payments:close'","","JwtAuthGuard, RolesPermissionsGuard, EntitlementGuard","","'module.fees'","","","financeService.listCashierCloses","Decorator inventory only; downstream review in baseline report"
"apps/api/src/finance/payments.controller.ts","164","PaymentsController","finalizeCashierClose","POST","'payments'","'cashier-close'","'payments:close'","","JwtAuthGuard, RolesPermissionsGuard, EntitlementGuard","","'module.fees'","","","financeService.finalizeCashierClose","Decorator inventory only; downstream review in baseline report"
"apps/api/src/finance/payments.controller.ts","173","PaymentsController","openCashierClose","POST","'payments'","'cashier-close/open'","'payments:close'","","JwtAuthGuard, RolesPermissionsGuard, EntitlementGuard","","'module.fees'","","","financeService.openCashierClose","Decorator inventory only; downstream review in baseline report"
"apps/api/src/finance/payments.controller.ts","182","PaymentsController","countCashierClose","POST","'payments'","'cashier-close/:id/count'","'payments:close'","","JwtAuthGuard, RolesPermissionsGuard, EntitlementGuard","","'module.fees'","","","financeService.countCashierClose","Decorator inventory only; downstream review in baseline report"
"apps/api/src/finance/payments.controller.ts","192","PaymentsController","submitCashierClose","POST","'payments'","'cashier-close/:id/submit'","'payments:close'","","JwtAuthGuard, RolesPermissionsGuard, EntitlementGuard","","'module.fees'","","","financeService.submitCashierClose","Decorator inventory only; downstream review in baseline report"
"apps/api/src/finance/payments.controller.ts","202","PaymentsController","approveCashierClose","POST","'payments'","'cashier-close/:id/approve'","'payments:close'","","JwtAuthGuard, RolesPermissionsGuard, EntitlementGuard","","'module.fees'","","","financeService.approveCashierClose","Decorator inventory only; downstream review in baseline report"
"apps/api/src/finance/payments.controller.ts","212","PaymentsController","closeCashierClose","POST","'payments'","'cashier-close/:id/close'","'payments:close'","","JwtAuthGuard, RolesPermissionsGuard, EntitlementGuard","","'module.fees'","","","financeService.closeCashierClose","Decorator inventory only; downstream review in baseline report"
"apps/api/src/finance/payments.controller.ts","222","PaymentsController","depositCashierClose","POST","'payments'","'cashier-close/:id/deposit'","'payments:close'","","JwtAuthGuard, RolesPermissionsGuard, EntitlementGuard","","'module.fees'","","","financeService.depositCashierClose","Decorator inventory only; downstream review in baseline report"
"apps/api/src/finance/payments.controller.ts","232","PaymentsController","refundPayment","POST","'payments'","':id/refund'","'payments:refund'","","JwtAuthGuard, RolesPermissionsGuard, EntitlementGuard","","'module.fees'","","","financeService.refundPayment","Decorator inventory only; downstream review in baseline report"
"apps/api/src/finance/payments.controller.ts","242","PaymentsController","reversePayment","POST","'payments'","':id/reverse'","'payments:reverse'","","JwtAuthGuard, RolesPermissionsGuard, EntitlementGuard","","'module.fees'","","","financeService.reversePayment","Decorator inventory only; downstream review in baseline report"
"apps/api/src/finance/payments.controller.ts","252","PaymentsController","reopenCashierClose","POST","'payments'","'cashier-close/:id/reopen'","'payments:close'","","JwtAuthGuard, RolesPermissionsGuard, EntitlementGuard","","'module.fees'","","","financeService.reopenCashierClose","Decorator inventory only; downstream review in baseline report"
"apps/api/src/finance/payments.controller.ts","262","PaymentsController","requestRefund","POST","'payments'","':id/refund/request'","'payments:collect'","","JwtAuthGuard, RolesPermissionsGuard, EntitlementGuard","","'module.fees'","","","financeService.requestRefund","Decorator inventory only; downstream review in baseline report"
"apps/api/src/finance/payments.controller.ts","272","PaymentsController","requestReversal","POST","'payments'","':id/reverse/request'","'payments:collect'","","JwtAuthGuard, RolesPermissionsGuard, EntitlementGuard","","'module.fees'","","","financeService.requestReversal","Decorator inventory only; downstream review in baseline report"
"apps/api/src/finance/payments.controller.ts","282","PaymentsController","listApprovalRequests","GET","'payments'","'requests'","","","JwtAuthGuard, RolesPermissionsGuard, EntitlementGuard","","'module.fees'","","","financeService.listApprovalRequests","Decorator inventory only; downstream review in baseline report"
"apps/api/src/finance/payments.controller.ts","296","PaymentsController","reviewApprovalRequest","POST","'payments'","'requests/:id/review'","","","JwtAuthGuard, RolesPermissionsGuard, EntitlementGuard","","'module.fees'","","","financeService.reviewApprovalRequest","Decorator inventory only; downstream review in baseline report"
"apps/api/src/finance/receipts.controller.ts","32","ReceiptsController","listReceipts","GET","'receipts'","","'receipts:read'","","JwtAuthGuard, RolesPermissionsGuard, EntitlementGuard","","'module.fees'","","","financeService.listReceipts","Decorator inventory only; downstream review in baseline report"
"apps/api/src/finance/receipts.controller.ts","41","ReceiptsController","verifyReceipt","GET","'receipts'","'verify/:receiptNumber'","'receipts:read'","","JwtAuthGuard, RolesPermissionsGuard, EntitlementGuard","","'module.fees'","","","financeCompatService.verifyReceipt","Decorator inventory only; downstream review in baseline report"
"apps/api/src/finance/receipts.controller.ts","50","ReceiptsController","getReceiptPdf","GET","'receipts'","':receiptNumber.pdf'","'receipts:read'","","JwtAuthGuard, RolesPermissionsGuard, EntitlementGuard","","'module.fees'","","","financeService.getReceiptPdf","Decorator inventory only; downstream review in baseline report"
"apps/api/src/finance/receipts.controller.ts","64","ReceiptsController","reprintReceipt","POST","'receipts'","':id/reprint'","'receipts:manage'","","JwtAuthGuard, RolesPermissionsGuard, EntitlementGuard","","'module.fees'","","","financeService.reprintReceipt","Decorator inventory only; downstream review in baseline report"
"apps/api/src/finance/receipts.controller.ts","74","ReceiptsController","getReceiptReprintHistory","GET","'receipts'","':id/reprint-history'","'receipts:manage'","","JwtAuthGuard, RolesPermissionsGuard, EntitlementGuard","","'module.fees'","","","financeCompatService.getReceiptReprintHistory","Decorator inventory only; downstream review in baseline report"
"apps/api/src/geography/geography.controller.ts","62","GeographyController","listProvinces","GET","'reference/nepal'","'provinces'","","","JwtAuthGuard, TenantActiveGuard","","","","","geographyService.listProvinces","Decorator inventory only; downstream review in baseline report"
"apps/api/src/geography/geography.controller.ts","73","GeographyController","listDistricts","GET","'reference/nepal'","'districts'","","","JwtAuthGuard, TenantActiveGuard","","","","","geographyService.listDistricts","Decorator inventory only; downstream review in baseline report"
"apps/api/src/geography/geography.controller.ts","88","GeographyController","listLocalLevelTypes","GET","'reference/nepal'","'local-level-types'","","","JwtAuthGuard, TenantActiveGuard","","","","","geographyService.listLocalLevelTypes","Decorator inventory only; downstream review in baseline report"
"apps/api/src/geography/geography.controller.ts","99","GeographyController","listLocalLevels","GET","'reference/nepal'","'local-levels'","","","JwtAuthGuard, TenantActiveGuard","","","","","geographyService.listLocalLevels","Decorator inventory only; downstream review in baseline report"
"apps/api/src/geography/geography.controller.ts","115","GeographyController","getLocalLevel","GET","'reference/nepal'","'local-levels/:id'","","","JwtAuthGuard, TenantActiveGuard","","","","","geographyService.getLocalLevelById","Decorator inventory only; downstream review in baseline report"
"apps/api/src/geography/geography.controller.ts","127","GeographyController","search","GET","'reference/nepal'","'search'","","","JwtAuthGuard, TenantActiveGuard","","","","","geographyService.search","Decorator inventory only; downstream review in baseline report"
"apps/api/src/geography/geography.controller.ts","136","GeographyController","getVersion","GET","'reference/nepal'","'version'","","","JwtAuthGuard, TenantActiveGuard","","","","","geographyService.getVersion","Decorator inventory only; downstream review in baseline report"
"apps/api/src/homework/homework.controller.ts","55","HomeworkController","listHomework","GET","'homework'","","'homework:read_published'","","JwtAuthGuard, RolesPermissionsGuard, EntitlementGuard","","'module.homework'","","'HOMEWORK_TIMETABLE'","homeworkService.listAssignments","Decorator inventory only; downstream review in baseline report"
"apps/api/src/homework/homework.controller.ts","73","HomeworkController","createHomework","POST","'homework'","","'homework:create'","","JwtAuthGuard, RolesPermissionsGuard, EntitlementGuard","","'module.homework'","","","homeworkService.createAssignment","Decorator inventory only; downstream review in baseline report"
"apps/api/src/homework/homework.controller.ts","82","HomeworkController","listHomeworkTemplates","GET","'homework'","'templates'","'homework:read'","","JwtAuthGuard, RolesPermissionsGuard, EntitlementGuard","","'module.homework'","","","homeworkService.listTemplates","Decorator inventory only; downstream review in baseline report"
"apps/api/src/homework/homework.controller.ts","91","HomeworkController","getSummaryToday","GET","'homework'","'summary/today'","'homework:read'","","JwtAuthGuard, RolesPermissionsGuard, EntitlementGuard","","'module.homework'","","","homeworkService.getHomeworkSummaryToday","Decorator inventory only; downstream review in baseline report"
"apps/api/src/homework/homework.controller.ts","100","HomeworkController","getWorkload","GET","'homework'","'workload'","'homework:read'","","JwtAuthGuard, RolesPermissionsGuard, EntitlementGuard","","'module.homework'","","","homeworkService.getHomeworkWorkload","Decorator inventory only; downstream review in baseline report"
"apps/api/src/homework/homework.controller.ts","109","HomeworkController","getHomework","GET","'homework'","':id'","'homework:read_published'","","JwtAuthGuard, RolesPermissionsGuard, EntitlementGuard","","'module.homework'","","'HOMEWORK_TIMETABLE'","homeworkService.getAssignment","Decorator inventory only; downstream review in baseline report"
"apps/api/src/homework/homework.controller.ts","116","HomeworkController","updateHomework","PATCH","'homework'","':id'","'homework:update'","","JwtAuthGuard, RolesPermissionsGuard, EntitlementGuard","","'module.homework'","","","homeworkService.updateAssignment","Decorator inventory only; downstream review in baseline report"
"apps/api/src/homework/homework.controller.ts","126","HomeworkController","deleteHomework","DELETE","'homework'","':id'","'homework:delete'","","JwtAuthGuard, RolesPermissionsGuard, EntitlementGuard","","'module.homework'","","","homeworkService.deleteOrCancelHomework","Decorator inventory only; downstream review in baseline report"
"apps/api/src/homework/homework.controller.ts","132","HomeworkController","publishHomework","PATCH","'homework'","':id/publish'","'homework:update'","","JwtAuthGuard, RolesPermissionsGuard, EntitlementGuard","","'module.homework'","","","homeworkService.assignHomework","Decorator inventory only; downstream review in baseline report"
"apps/api/src/homework/homework.controller.ts","142","HomeworkController","closeHomework","PATCH","'homework'","':id/close'","'homework:update'","","JwtAuthGuard, RolesPermissionsGuard, EntitlementGuard","","'module.homework'","","","homeworkService.closeHomework","Decorator inventory only; downstream review in baseline report"
"apps/api/src/homework/homework.controller.ts","148","HomeworkController","cancelHomework","PATCH","'homework'","':id/cancel'","'homework:delete'","","JwtAuthGuard, RolesPermissionsGuard, EntitlementGuard","","'module.homework'","","","homeworkService.cancelHomework","Decorator inventory only; downstream review in baseline report"
"apps/api/src/homework/homework.controller.ts","156","HomeworkController","listSubmissions","GET","'homework'","':id/submissions'","'homework:read'","","JwtAuthGuard, RolesPermissionsGuard, EntitlementGuard","","'module.homework'","","","homeworkService.listSubmissions","Decorator inventory only; downstream review in baseline report"
"apps/api/src/homework/homework.controller.ts","166","HomeworkController","createSubmission","POST","'homework'","':id/submissions'","'homework:submit'","","JwtAuthGuard, RolesPermissionsGuard, EntitlementGuard","","'module.homework'","","","homeworkService.createSubmission","Decorator inventory only; downstream review in baseline report"
"apps/api/src/homework/homework.controller.ts","176","HomeworkController","getSubmission","GET","'homework'","'submissions/:submissionId'","'homework:read'","","JwtAuthGuard, RolesPermissionsGuard, EntitlementGuard","","'module.homework'","","","homeworkService.getSubmission","Decorator inventory only; downstream review in baseline report"
"apps/api/src/homework/homework.controller.ts","185","HomeworkController","updateSubmission","PATCH","'homework'","'submissions/:submissionId'","'homework:submit'","","JwtAuthGuard, RolesPermissionsGuard, EntitlementGuard","","'module.homework'","","","homeworkService.updateSubmission","Decorator inventory only; downstream review in baseline report"
"apps/api/src/homework/homework.controller.ts","195","HomeworkController","reviewSubmission","PATCH","'homework'","'submissions/:submissionId/review'","'homework:review'","","JwtAuthGuard, RolesPermissionsGuard, EntitlementGuard","","'module.homework'","","","homeworkService.reviewSubmission","Decorator inventory only; downstream review in baseline report"
"apps/api/src/homework/homework.controller.ts","205","HomeworkController","requestCorrection","POST","'homework'","'submissions/:submissionId/request-correction'","'homework:review'","","JwtAuthGuard, RolesPermissionsGuard, EntitlementGuard","","'module.homework'","","","homeworkService.requestCorrection","Decorator inventory only; downstream review in baseline report"
"apps/api/src/homework/homework.controller.ts","217","HomeworkController","getRegister","GET","'homework'","':id/register'","'homework:read'","","JwtAuthGuard, RolesPermissionsGuard, EntitlementGuard","","'module.homework'","","","homeworkService.getHomeworkRegister","Decorator inventory only; downstream review in baseline report"
"apps/api/src/homework/homework.controller.ts","223","HomeworkController","bulkCompleteRegister","PATCH","'homework'","':id/register/bulk-complete'","'homework:submit'","","JwtAuthGuard, RolesPermissionsGuard, EntitlementGuard","","'module.homework'","","","homeworkService.bulkCompleteHomeworkRegister","Decorator inventory only; downstream review in baseline report"
"apps/api/src/homework/homework.controller.ts","233","HomeworkController","updateSubmissionStatusRoute","PATCH","'homework'","'submissions/:submissionId/status'","'homework:submit'","","JwtAuthGuard, RolesPermissionsGuard, EntitlementGuard","","'module.homework'","","","homeworkService.updateSubmissionStatus","Decorator inventory only; downstream review in baseline report"
"apps/api/src/homework/homework.controller.ts","245","HomeworkController","previewReminders","GET","'homework'","':id/reminders/preview'","'homework:notify'","","JwtAuthGuard, RolesPermissionsGuard, EntitlementGuard","","'module.homework'","","","homeworkService.previewReminders","Decorator inventory only; downstream review in baseline report"
"apps/api/src/homework/homework.controller.ts","251","HomeworkController","sendReminders","POST","'homework'","':id/reminders/send'","'homework:notify'","","JwtAuthGuard, RolesPermissionsGuard, EntitlementGuard","","'module.homework'","","","homeworkService.sendReminders","Decorator inventory only; downstream review in baseline report"
"apps/api/src/homework/homework.controller.ts","257","HomeworkController","listReminderBatches","GET","'homework'","'reminders/batches'","'homework:notify'","","JwtAuthGuard, RolesPermissionsGuard, EntitlementGuard","","'module.homework'","","","homeworkService.listHomeworkReminderBatches","Decorator inventory only; downstream review in baseline report"
"apps/api/src/homework/homework.controller.ts","266","HomeworkController","retryReminderBatch","POST","'homework'","'reminders/batches/:batchId/retry'","'homework:notify'","","JwtAuthGuard, RolesPermissionsGuard, EntitlementGuard","","'module.homework'","","","homeworkService.retryHomeworkReminderBatch","Decorator inventory only; downstream review in baseline report"
"apps/api/src/homework/homework.controller.ts","277","HomeworkController","getCompletionReport","GET","'homework'","'reports/completion'","'homework:read'","","JwtAuthGuard, RolesPermissionsGuard, EntitlementGuard","","'module.homework'","","","homeworkService.getHomeworkCompletionReport","Decorator inventory only; downstream review in baseline report"
"apps/api/src/homework/homework.controller.ts","293","HomeworkController","getMissingLateReport","GET","'homework'","'reports/missing-late'","'homework:read'","","JwtAuthGuard, RolesPermissionsGuard, EntitlementGuard","","'module.homework'","","","homeworkService.getMissingLateSubmissionsReport","Decorator inventory only; downstream review in baseline report"
"apps/api/src/homework/homework.controller.ts","309","HomeworkController","getAttachmentPreviewUrl","GET","'homework'","'attachments/:attachmentId/preview-url'","'homework:read'","","JwtAuthGuard, RolesPermissionsGuard, EntitlementGuard","","'module.homework'","","","homeworkAttachmentAccessService.getAttachmentAccessUrl","Decorator inventory only; downstream review in baseline report"
"apps/api/src/homework/homework.controller.ts","322","HomeworkController","getAttachmentDownloadUrl","GET","'homework'","'attachments/:attachmentId/download-url'","'homework:read'","","JwtAuthGuard, RolesPermissionsGuard, EntitlementGuard","","'module.homework'","","","homeworkAttachmentAccessService.getAttachmentAccessUrl","Decorator inventory only; downstream review in baseline report"
"apps/api/src/homework/homework.controller.ts","337","HomeworkController","legacySubmitHomework","POST","'homework'","'submit'","'homework:submit'","","JwtAuthGuard, RolesPermissionsGuard, EntitlementGuard","","'module.homework'","","","homeworkService.legacySubmit","Decorator inventory only; downstream review in baseline report"
"apps/api/src/hr/hr-contracts.controller.ts","19","HrContractsController","listContracts","GET","'hr/contracts'","","'hr:read'","","JwtAuthGuard, RolesPermissionsGuard, EntitlementGuard","","'module.hr'","","","payrollService.listContracts","Decorator inventory only; downstream review in baseline report"
"apps/api/src/hr/hr-contracts.controller.ts","28","HrContractsController","createContract","POST","'hr/contracts'","","'hr:manage'","","JwtAuthGuard, RolesPermissionsGuard, EntitlementGuard","","'module.hr'","","","payrollService.createContract","Decorator inventory only; downstream review in baseline report"
"apps/api/src/hr/hr-coverage.controller.ts","17","HrCoverageController","getStaffCoverageSummary","GET","'hr'","'coverage-summary'","'hr:read'","","JwtAuthGuard, RolesPermissionsGuard, EntitlementGuard","","'module.hr'","","","coverageService.getStaffCoverageSummary","Decorator inventory only; downstream review in baseline report"
"apps/api/src/institutional-improvement/institutional-improvement.controller.ts","57","InstitutionalImprovementController","teacherDevelopmentOverview","GET","'institutional-improvement'","'teacher-development/overview'","'hr:read'","'admin', 'principal', 'hr_manager', 'teacher', 'subject_teacher', 'platform_super_admin'","JwtAuthGuard, RolesPermissionsGuard, EntitlementGuard","'learning'","","","","service.getTeacherDevelopmentOverview","Decorator inventory only; downstream review in baseline report"
"apps/api/src/institutional-improvement/institutional-improvement.controller.ts","66","InstitutionalImprovementController","myTeacherDevelopment","GET","'institutional-improvement'","'teacher-development/me'","'staff:read'","'admin', 'principal', 'hr_manager', 'teacher', 'subject_teacher', 'platform_super_admin'","JwtAuthGuard, RolesPermissionsGuard, EntitlementGuard","'learning'","","","","service.getMyTeacherDevelopment","Decorator inventory only; downstream review in baseline report"
"apps/api/src/institutional-improvement/institutional-improvement.controller.ts","72","InstitutionalImprovementController","observations","GET","'institutional-improvement'","'teacher-development/observations'","'hr:read'","'admin', 'principal', 'hr_manager', 'teacher', 'subject_teacher', 'platform_super_admin'","JwtAuthGuard, RolesPermissionsGuard, EntitlementGuard","'learning'","","","","service.listTeacherObservations","Decorator inventory only; downstream review in baseline report"
"apps/api/src/institutional-improvement/institutional-improvement.controller.ts","81","InstitutionalImprovementController","createObservation","POST","'institutional-improvement'","'teacher-development/observations'","'hr:manage'","'admin', 'principal', 'hr_manager', 'teacher', 'subject_teacher', 'platform_super_admin'","JwtAuthGuard, RolesPermissionsGuard, EntitlementGuard","'learning'","","","","service.createTeacherObservation","Decorator inventory only; downstream review in baseline report"
"apps/api/src/institutional-improvement/institutional-improvement.controller.ts","90","InstitutionalImprovementController","updateObservation","PATCH","'institutional-improvement'","'teacher-development/observations/:observationId'","'hr:manage'","'admin', 'principal', 'hr_manager', 'teacher', 'subject_teacher', 'platform_super_admin'","JwtAuthGuard, RolesPermissionsGuard, EntitlementGuard","'learning'","","","","service.updateTeacherObservation","Decorator inventory only; downstream review in baseline report"
"apps/api/src/institutional-improvement/institutional-improvement.controller.ts","100","InstitutionalImprovementController","acknowledgeObservation","PATCH","'institutional-improvement'","'teacher-development/observations/:observationId/acknowledge'","'staff:read'","'admin', 'principal', 'hr_manager', 'teacher', 'subject_teacher', 'platform_super_admin'","JwtAuthGuard, RolesPermissionsGuard, EntitlementGuard","'learning'","","","","service.acknowledgeMyTeacherObservation","Decorator inventory only; downstream review in baseline report"
"apps/api/src/institutional-improvement/institutional-improvement.controller.ts","114","InstitutionalImprovementController","goals","GET","'institutional-improvement'","'teacher-development/goals'","'hr:read'","'admin', 'principal', 'hr_manager', 'teacher', 'subject_teacher', 'platform_super_admin'","JwtAuthGuard, RolesPermissionsGuard, EntitlementGuard","'learning'","","","","service.listTeacherGoals","Decorator inventory only; downstream review in baseline report"
"apps/api/src/institutional-improvement/institutional-improvement.controller.ts","123","InstitutionalImprovementController","createGoal","POST","'institutional-improvement'","'teacher-development/goals'","'hr:manage'","'admin', 'principal', 'hr_manager', 'teacher', 'subject_teacher', 'platform_super_admin'","JwtAuthGuard, RolesPermissionsGuard, EntitlementGuard","'learning'","","","","service.createTeacherGoal","Decorator inventory only; downstream review in baseline report"
"apps/api/src/institutional-improvement/institutional-improvement.controller.ts","132","InstitutionalImprovementController","updateGoal","PATCH","'institutional-improvement'","'teacher-development/goals/:goalId'","'hr:manage'","'admin', 'principal', 'hr_manager', 'teacher', 'subject_teacher', 'platform_super_admin'","JwtAuthGuard, RolesPermissionsGuard, EntitlementGuard","'learning'","","","","service.updateTeacherGoal","Decorator inventory only; downstream review in baseline report"
"apps/api/src/institutional-improvement/institutional-improvement.controller.ts","142","InstitutionalImprovementController","training","GET","'institutional-improvement'","'teacher-development/training'","'hr:read'","'admin', 'principal', 'hr_manager', 'teacher', 'subject_teacher', 'platform_super_admin'","JwtAuthGuard, RolesPermissionsGuard, EntitlementGuard","'learning'","","","","service.listTeacherTraining","Decorator inventory only; downstream review in baseline report"
"apps/api/src/institutional-improvement/institutional-improvement.controller.ts","151","InstitutionalImprovementController","createTraining","POST","'institutional-improvement'","'teacher-development/training'","'hr:manage'","'admin', 'principal', 'hr_manager', 'teacher', 'subject_teacher', 'platform_super_admin'","JwtAuthGuard, RolesPermissionsGuard, EntitlementGuard","'learning'","","","","service.createTeacherTraining","Decorator inventory only; downstream review in baseline report"
"apps/api/src/institutional-improvement/institutional-improvement.controller.ts","160","InstitutionalImprovementController","plans","GET","'institutional-improvement'","'school-improvement/plans'","'reports:read'","'admin', 'principal', 'hr_manager', 'teacher', 'subject_teacher', 'platform_super_admin'","JwtAuthGuard, RolesPermissionsGuard, EntitlementGuard","'learning'","","","","service.listSchoolImprovementPlans","Decorator inventory only; downstream review in baseline report"
"apps/api/src/institutional-improvement/institutional-improvement.controller.ts","169","InstitutionalImprovementController","plan","GET","'institutional-improvement'","'school-improvement/plans/:planId'","'reports:read'","'admin', 'principal', 'hr_manager', 'teacher', 'subject_teacher', 'platform_super_admin'","JwtAuthGuard, RolesPermissionsGuard, EntitlementGuard","'learning'","","","","service.getSchoolImprovementPlan","Decorator inventory only; downstream review in baseline report"
"apps/api/src/institutional-improvement/institutional-improvement.controller.ts","178","InstitutionalImprovementController","createPlan","POST","'institutional-improvement'","'school-improvement/plans'","'settings:manage'","'admin', 'principal', 'hr_manager', 'teacher', 'subject_teacher', 'platform_super_admin'","JwtAuthGuard, RolesPermissionsGuard, EntitlementGuard","'learning'","","","","service.createSchoolImprovementPlan","Decorator inventory only; downstream review in baseline report"
"apps/api/src/institutional-improvement/institutional-improvement.controller.ts","187","InstitutionalImprovementController","updatePlan","PATCH","'institutional-improvement'","'school-improvement/plans/:planId'","'settings:manage'","'admin', 'principal', 'hr_manager', 'teacher', 'subject_teacher', 'platform_super_admin'","JwtAuthGuard, RolesPermissionsGuard, EntitlementGuard","'learning'","","","","service.updateSchoolImprovementPlan","Decorator inventory only; downstream review in baseline report"
"apps/api/src/institutional-improvement/institutional-improvement.controller.ts","197","InstitutionalImprovementController","updateAction","PATCH","'institutional-improvement'","'school-improvement/actions/:actionId'","'settings:manage'","'admin', 'principal', 'hr_manager', 'teacher', 'subject_teacher', 'platform_super_admin'","JwtAuthGuard, RolesPermissionsGuard, EntitlementGuard","'learning'","","","","service.updateSchoolImprovementAction","Decorator inventory only; downstream review in baseline report"
"apps/api/src/institutional-improvement/institutional-improvement.controller.ts","207","InstitutionalImprovementController","addReview","POST","'institutional-improvement'","'school-improvement/plans/:planId/reviews'","'settings:manage'","'admin', 'principal', 'hr_manager', 'teacher', 'subject_teacher', 'platform_super_admin'","JwtAuthGuard, RolesPermissionsGuard, EntitlementGuard","'learning'","","","","service.addSchoolImprovementReview","Decorator inventory only; downstream review in baseline report"
"apps/api/src/institutional-improvement/institutional-improvement.controller.ts","217","InstitutionalImprovementController","boardExamReadiness","GET","'institutional-improvement'","'board-exam-readiness'","'academics:read'","'admin', 'principal', 'hr_manager', 'teacher', 'subject_teacher', 'platform_super_admin'","JwtAuthGuard, RolesPermissionsGuard, EntitlementGuard","'learning'","","","","service.getBoardExamReadiness","Decorator inventory only; downstream review in baseline report"
"apps/api/src/learning-improvement/learning-improvement.controller.ts","63","LearningImprovementController","earlyWarning","GET","'learning-improvement'","'early-warning'","'academics:read'","'admin', 'principal', 'teacher', 'subject_teacher', 'platform_super_admin'","JwtAuthGuard, RolesPermissionsGuard, EntitlementGuard","'learning'","","","","service.getEarlyWarnings","Decorator inventory only; downstream review in baseline report"
"apps/api/src/learning-improvement/learning-improvement.controller.ts","72","LearningImprovementController","outcomes","GET","'learning-improvement'","'outcomes'","'academics:read'","'admin', 'principal', 'teacher', 'subject_teacher', 'platform_super_admin'","JwtAuthGuard, RolesPermissionsGuard, EntitlementGuard","'learning'","","","","service.listOutcomes","Decorator inventory only; downstream review in baseline report"
"apps/api/src/learning-improvement/learning-improvement.controller.ts","81","LearningImprovementController","createOutcome","POST","'learning-improvement'","'outcomes'","'academics:enter_marks'","'admin', 'principal', 'teacher', 'subject_teacher', 'platform_super_admin'","JwtAuthGuard, RolesPermissionsGuard, EntitlementGuard","'learning'","","","","service.createOutcome","Decorator inventory only; downstream review in baseline report"
"apps/api/src/learning-improvement/learning-improvement.controller.ts","90","LearningImprovementController","setOutcomeState","PATCH","'learning-improvement'","'outcomes/:outcomeId/state'","'academics:manage'","'admin', 'principal', 'teacher', 'subject_teacher', 'platform_super_admin'","JwtAuthGuard, RolesPermissionsGuard, EntitlementGuard","'learning'","","","","service.setOutcomeState","Decorator inventory only; downstream review in baseline report"
"apps/api/src/learning-improvement/learning-improvement.controller.ts","100","LearningImprovementController","formativeAssessments","GET","'learning-improvement'","'formative-assessments'","'academics:read'","'admin', 'principal', 'teacher', 'subject_teacher', 'platform_super_admin'","JwtAuthGuard, RolesPermissionsGuard, EntitlementGuard","'learning'","","","","service.listFormativeAssessments","Decorator inventory only; downstream review in baseline report"
"apps/api/src/learning-improvement/learning-improvement.controller.ts","109","LearningImprovementController","createFormativeAssessment","POST","'learning-improvement'","'formative-assessments'","'academics:enter_marks'","'admin', 'principal', 'teacher', 'subject_teacher', 'platform_super_admin'","JwtAuthGuard, RolesPermissionsGuard, EntitlementGuard","'learning'","","","","service.createFormativeAssessment","Decorator inventory only; downstream review in baseline report"
"apps/api/src/learning-improvement/learning-improvement.controller.ts","118","LearningImprovementController","studentOutcomeProgress","GET","'learning-improvement'","'students/:studentId/outcome-progress'","'academics:read'","'admin', 'principal', 'teacher', 'subject_teacher', 'platform_super_admin'","JwtAuthGuard, RolesPermissionsGuard, EntitlementGuard","'learning'","","","","service.getStudentOutcomeProgress","Decorator inventory only; downstream review in baseline report"
"apps/api/src/learning-improvement/learning-improvement.controller.ts","128","LearningImprovementController","interventions","GET","'learning-improvement'","'interventions'","'academics:read'","'admin', 'principal', 'teacher', 'subject_teacher', 'platform_super_admin'","JwtAuthGuard, RolesPermissionsGuard, EntitlementGuard","'learning'","","","","service.listInterventions","Decorator inventory only; downstream review in baseline report"
"apps/api/src/learning-improvement/learning-improvement.controller.ts","137","LearningImprovementController","intervention","GET","'learning-improvement'","'interventions/:caseId'","'academics:read'","'admin', 'principal', 'teacher', 'subject_teacher', 'platform_super_admin'","JwtAuthGuard, RolesPermissionsGuard, EntitlementGuard","'learning'","","","","service.getIntervention","Decorator inventory only; downstream review in baseline report"
"apps/api/src/learning-improvement/learning-improvement.controller.ts","146","LearningImprovementController","createIntervention","POST","'learning-improvement'","'interventions'","'academics:enter_marks'","'admin', 'principal', 'teacher', 'subject_teacher', 'platform_super_admin'","JwtAuthGuard, RolesPermissionsGuard, EntitlementGuard","'learning'","","","","service.createIntervention","Decorator inventory only; downstream review in baseline report"
"apps/api/src/learning-improvement/learning-improvement.controller.ts","155","LearningImprovementController","addInterventionEntry","POST","'learning-improvement'","'interventions/:caseId/entries'","'academics:enter_marks'","'admin', 'principal', 'teacher', 'subject_teacher', 'platform_super_admin'","JwtAuthGuard, RolesPermissionsGuard, EntitlementGuard","'learning'","","","","service.addInterventionEntry","Decorator inventory only; downstream review in baseline report"
"apps/api/src/learning-improvement/learning-improvement.controller.ts","165","LearningImprovementController","updateIntervention","PATCH","'learning-improvement'","'interventions/:caseId'","'academics:enter_marks'","'admin', 'principal', 'teacher', 'subject_teacher', 'platform_super_admin'","JwtAuthGuard, RolesPermissionsGuard, EntitlementGuard","'learning'","","","","service.updateIntervention","Decorator inventory only; downstream review in baseline report"
"apps/api/src/learning-improvement/learning-improvement.controller.ts","175","LearningImprovementController","remedialGroups","GET","'learning-improvement'","'remedial-groups'","'academics:read'","'admin', 'principal', 'teacher', 'subject_teacher', 'platform_super_admin'","JwtAuthGuard, RolesPermissionsGuard, EntitlementGuard","'learning'","","","","service.listRemedialGroups","Decorator inventory only; downstream review in baseline report"
"apps/api/src/learning-improvement/learning-improvement.controller.ts","184","LearningImprovementController","createRemedialGroup","POST","'learning-improvement'","'remedial-groups'","'academics:enter_marks'","'admin', 'principal', 'teacher', 'subject_teacher', 'platform_super_admin'","JwtAuthGuard, RolesPermissionsGuard, EntitlementGuard","'learning'","","","","service.createRemedialGroup","Decorator inventory only; downstream review in baseline report"
"apps/api/src/learning-improvement/learning-improvement.controller.ts","193","LearningImprovementController","addRemedialMembers","POST","'learning-improvement'","'remedial-groups/:groupId/members'","'academics:enter_marks'","'admin', 'principal', 'teacher', 'subject_teacher', 'platform_super_admin'","JwtAuthGuard, RolesPermissionsGuard, EntitlementGuard","'learning'","","","","service.addRemedialMembers","Decorator inventory only; downstream review in baseline report"
"apps/api/src/learning-improvement/learning-improvement.controller.ts","203","LearningImprovementController","updateRemedialStatus","PATCH","'learning-improvement'","'remedial-groups/:groupId/status'","'academics:enter_marks'","'admin', 'principal', 'teacher', 'subject_teacher', 'platform_super_admin'","JwtAuthGuard, RolesPermissionsGuard, EntitlementGuard","'learning'","","","","service.updateRemedialStatus","Decorator inventory only; downstream review in baseline report"
"apps/api/src/learning-improvement/learning-improvement.controller.ts","213","LearningImprovementController","curriculumProgress","GET","'learning-improvement'","'curriculum-progress'","'academics:read'","'admin', 'principal', 'teacher', 'subject_teacher', 'platform_super_admin'","JwtAuthGuard, RolesPermissionsGuard, EntitlementGuard","'learning'","","","","service.listCurriculumProgress","Decorator inventory only; downstream review in baseline report"
"apps/api/src/learning-improvement/learning-improvement.controller.ts","222","LearningImprovementController","createCurriculumProgress","POST","'learning-improvement'","'curriculum-progress'","'academics:enter_marks'","'admin', 'principal', 'teacher', 'subject_teacher', 'platform_super_admin'","JwtAuthGuard, RolesPermissionsGuard, EntitlementGuard","'learning'","","","","service.createCurriculumProgress","Decorator inventory only; downstream review in baseline report"
"apps/api/src/learning-improvement/learning-improvement.controller.ts","231","LearningImprovementController","updateCurriculumProgress","PATCH","'learning-improvement'","'curriculum-progress/:itemId'","'academics:enter_marks'","'admin', 'principal', 'teacher', 'subject_teacher', 'platform_super_admin'","JwtAuthGuard, RolesPermissionsGuard, EntitlementGuard","'learning'","","","","service.updateCurriculumProgress","Decorator inventory only; downstream review in baseline report"
"apps/api/src/learning-improvement/learning-improvement.controller.ts","241","LearningImprovementController","parentGuidance","GET","'learning-improvement'","'parent-guidance'","'academics:read'","'admin', 'principal', 'teacher', 'subject_teacher', 'platform_super_admin'","JwtAuthGuard, RolesPermissionsGuard, EntitlementGuard","'learning'","","","","service.listGuidance","Decorator inventory only; downstream review in baseline report"
"apps/api/src/learning-improvement/learning-improvement.controller.ts","250","LearningImprovementController","createParentGuidance","POST","'learning-improvement'","'parent-guidance'","'academics:enter_marks'","'admin', 'principal', 'teacher', 'subject_teacher', 'platform_super_admin'","JwtAuthGuard, RolesPermissionsGuard, EntitlementGuard","'learning'","","","","service.createGuidance","Decorator inventory only; downstream review in baseline report"
"apps/api/src/learning-improvement/learning-improvement.controller.ts","259","LearningImprovementController","updateParentGuidanceStatus","PATCH","'learning-improvement'","'parent-guidance/:guidanceId/status'","'academics:enter_marks'","'admin', 'principal', 'teacher', 'subject_teacher', 'platform_super_admin'","JwtAuthGuard, RolesPermissionsGuard, EntitlementGuard","'learning'","","","","service.updateGuidanceStatus","Decorator inventory only; downstream review in baseline report"
"apps/api/src/learning/activities/learning-activities.controller.ts","34","LearningActivitiesController","listActivities","GET","'learning/activities'","","LEARNING_PERMISSIONS.READ","","JwtAuthGuard, RolesPermissionsGuard, EntitlementGuard","","LEARNING_MODULE_ENTITLEMENT","","","learningActivitiesService.listActivities","Decorator inventory only; downstream review in baseline report"
"apps/api/src/learning/activities/learning-activities.controller.ts","43","LearningActivitiesController","createActivity","POST","'learning/activities'","","LEARNING_PERMISSIONS.CREATE","","JwtAuthGuard, RolesPermissionsGuard, EntitlementGuard","","LEARNING_MODULE_ENTITLEMENT","","","learningActivitiesService.createActivity","Decorator inventory only; downstream review in baseline report"
"apps/api/src/learning/activities/learning-activities.controller.ts","52","LearningActivitiesController","getActivity","GET","'learning/activities'","':id'","LEARNING_PERMISSIONS.READ","","JwtAuthGuard, RolesPermissionsGuard, EntitlementGuard","","LEARNING_MODULE_ENTITLEMENT","","","learningActivitiesService.getActivity","Decorator inventory only; downstream review in baseline report"
"apps/api/src/learning/activities/learning-activities.controller.ts","58","LearningActivitiesController","updateActivity","PATCH","'learning/activities'","':id'","LEARNING_PERMISSIONS.UPDATE","","JwtAuthGuard, RolesPermissionsGuard, EntitlementGuard","","LEARNING_MODULE_ENTITLEMENT","","","learningActivitiesService.updateActivity","Decorator inventory only; downstream review in baseline report"
"apps/api/src/learning/activities/learning-activities.controller.ts","68","LearningActivitiesController","archiveActivity","DELETE","'learning/activities'","':id'","LEARNING_PERMISSIONS.DELETE","","JwtAuthGuard, RolesPermissionsGuard, EntitlementGuard","","LEARNING_MODULE_ENTITLEMENT","","","learningActivitiesService.archiveActivity","Decorator inventory only; downstream review in baseline report"
"apps/api/src/learning/attempts/learning-attempts.controller.ts","30","LearningAttemptsController","startAttempt","POST","","'learning/sessions/:id/attempts'","LEARNING_PERMISSIONS.ATTEMPT","","JwtAuthGuard, RolesPermissionsGuard, EntitlementGuard","","LEARNING_MODULE_ENTITLEMENT","","","learningAttemptsService.startAttempt","Decorator inventory only; downstream review in baseline report"
"apps/api/src/learning/attempts/learning-attempts.controller.ts","39","LearningAttemptsController","autosaveAttempt","PATCH","","'learning/attempts/:id/autosave'","LEARNING_PERMISSIONS.ATTEMPT","","JwtAuthGuard, RolesPermissionsGuard, EntitlementGuard","","LEARNING_MODULE_ENTITLEMENT","","","learningAttemptsService.autosaveAttempt","Decorator inventory only; downstream review in baseline report"
"apps/api/src/learning/attempts/learning-attempts.controller.ts","49","LearningAttemptsController","submitAttempt","POST","","'learning/attempts/:id/submit'","LEARNING_PERMISSIONS.ATTEMPT","","JwtAuthGuard, RolesPermissionsGuard, EntitlementGuard","","LEARNING_MODULE_ENTITLEMENT","","","learningAttemptsService.submitAttempt","Decorator inventory only; downstream review in baseline report"
"apps/api/src/learning/parent-summary/parent-learning-summary.controller.ts","22","ParentLearningSummaryController","getSummary","GET","'parent/learning'","'summary'","LEARNING_PERMISSIONS.PROGRESS","","JwtAuthGuard, RolesPermissionsGuard, EntitlementGuard","","LEARNING_MODULE_ENTITLEMENT","","","parentLearningSummaryService.getSummary","Decorator inventory only; downstream review in baseline report"
"apps/api/src/learning/progress/learning-progress.controller.ts","22","LearningProgressController","getClassProgress","GET","'learning/progress'","'class/:classId'","LEARNING_PERMISSIONS.PROGRESS","","JwtAuthGuard, RolesPermissionsGuard, EntitlementGuard","","LEARNING_MODULE_ENTITLEMENT","","","learningProgressService.getClassProgress","Decorator inventory only; downstream review in baseline report"
"apps/api/src/learning/progress/learning-progress.controller.ts","32","LearningProgressController","getStudentProgress","GET","'learning/progress'","'student/:studentId'","LEARNING_PERMISSIONS.PROGRESS","","JwtAuthGuard, RolesPermissionsGuard, EntitlementGuard","","LEARNING_MODULE_ENTITLEMENT","","","learningProgressService.getStudentProgress","Decorator inventory only; downstream review in baseline report"
"apps/api/src/learning/resources/learning-resources.controller.ts","34","LearningResourcesController","listResources","GET","","'learning/resources'","LEARNING_PERMISSIONS.READ","","JwtAuthGuard, RolesPermissionsGuard, EntitlementGuard","","LEARNING_MODULE_ENTITLEMENT","","","learningResourcesService.listResources","Decorator inventory only; downstream review in baseline report"
"apps/api/src/learning/resources/learning-resources.controller.ts","43","LearningResourcesController","createResource","POST","","'learning/resources'","LEARNING_PERMISSIONS.CREATE","","JwtAuthGuard, RolesPermissionsGuard, EntitlementGuard","","LEARNING_MODULE_ENTITLEMENT","","","learningResourcesService.createResource","Decorator inventory only; downstream review in baseline report"
"apps/api/src/learning/resources/learning-resources.controller.ts","52","LearningResourcesController","getResource","GET","","'learning/resources/:id'","LEARNING_PERMISSIONS.READ","","JwtAuthGuard, RolesPermissionsGuard, EntitlementGuard","","LEARNING_MODULE_ENTITLEMENT","","","learningResourcesService.getResource","Decorator inventory only; downstream review in baseline report"
"apps/api/src/learning/resources/learning-resources.controller.ts","58","LearningResourcesController","updateResource","PATCH","","'learning/resources/:id'","LEARNING_PERMISSIONS.UPDATE","","JwtAuthGuard, RolesPermissionsGuard, EntitlementGuard","","LEARNING_MODULE_ENTITLEMENT","","","learningResourcesService.updateResource","Decorator inventory only; downstream review in baseline report"
"apps/api/src/learning/resources/learning-resources.controller.ts","68","LearningResourcesController","archiveResource","DELETE","","'learning/resources/:id'","LEARNING_PERMISSIONS.DELETE","","JwtAuthGuard, RolesPermissionsGuard, EntitlementGuard","","LEARNING_MODULE_ENTITLEMENT","","","learningResourcesService.archiveResource","Decorator inventory only; downstream review in baseline report"
"apps/api/src/learning/resources/learning-resources.controller.ts","74","LearningResourcesController","listActivityResources","GET","","'learning/activities/:id/resources'","LEARNING_PERMISSIONS.READ","","JwtAuthGuard, RolesPermissionsGuard, EntitlementGuard","","LEARNING_MODULE_ENTITLEMENT","","","learningResourcesService.listActivityResources","Decorator inventory only; downstream review in baseline report"
"apps/api/src/learning/resources/learning-resources.controller.ts","86","LearningResourcesController","attachActivityResource","POST","","'learning/activities/:id/resources'","LEARNING_PERMISSIONS.CREATE","","JwtAuthGuard, RolesPermissionsGuard, EntitlementGuard","","LEARNING_MODULE_ENTITLEMENT","","","learningResourcesService.attachActivityResource","Decorator inventory only; downstream review in baseline report"
"apps/api/src/learning/sessions/learning-sessions.controller.ts","32","LearningSessionsController","launchSession","POST","","'learning/activities/:id/sessions'","LEARNING_PERMISSIONS.LAUNCH","","JwtAuthGuard, RolesPermissionsGuard, EntitlementGuard","","LEARNING_MODULE_ENTITLEMENT","","","learningSessionsService.launchSession","Decorator inventory only; downstream review in baseline report"
"apps/api/src/learning/sessions/learning-sessions.controller.ts","42","LearningSessionsController","listSessions","GET","","'learning/sessions'","LEARNING_PERMISSIONS.READ","","JwtAuthGuard, RolesPermissionsGuard, EntitlementGuard","","LEARNING_MODULE_ENTITLEMENT","","","learningSessionsService.listSessions","Decorator inventory only; downstream review in baseline report"
"apps/api/src/learning/sessions/learning-sessions.controller.ts","51","LearningSessionsController","getSession","GET","","'learning/sessions/:id'","LEARNING_PERMISSIONS.READ","","JwtAuthGuard, RolesPermissionsGuard, EntitlementGuard","","LEARNING_MODULE_ENTITLEMENT","","","learningSessionsService.getSession","Decorator inventory only; downstream review in baseline report"
"apps/api/src/learning/sessions/learning-sessions.controller.ts","57","LearningSessionsController","pauseSession","POST","","'learning/sessions/:id/pause'","LEARNING_PERMISSIONS.LAUNCH","","JwtAuthGuard, RolesPermissionsGuard, EntitlementGuard","","LEARNING_MODULE_ENTITLEMENT","","","learningSessionsService.pauseSession","Decorator inventory only; downstream review in baseline report"
"apps/api/src/learning/sessions/learning-sessions.controller.ts","66","LearningSessionsController","heartbeatSession","POST","","'learning/sessions/:id/heartbeat'","LEARNING_PERMISSIONS.LAUNCH","","JwtAuthGuard, RolesPermissionsGuard, EntitlementGuard","","LEARNING_MODULE_ENTITLEMENT","","","learningSessionsService.heartbeatSession","Decorator inventory only; downstream review in baseline report"
"apps/api/src/learning/sessions/learning-sessions.controller.ts","75","LearningSessionsController","listParticipants","GET","","'learning/sessions/:id/participants'","LEARNING_PERMISSIONS.READ","","JwtAuthGuard, RolesPermissionsGuard, EntitlementGuard","","LEARNING_MODULE_ENTITLEMENT","","","learningSessionsService.listParticipants","Decorator inventory only; downstream review in baseline report"
"apps/api/src/learning/sessions/learning-sessions.controller.ts","84","LearningSessionsController","resumeSession","POST","","'learning/sessions/:id/resume'","LEARNING_PERMISSIONS.LAUNCH","","JwtAuthGuard, RolesPermissionsGuard, EntitlementGuard","","LEARNING_MODULE_ENTITLEMENT","","","learningSessionsService.resumeSession","Decorator inventory only; downstream review in baseline report"
"apps/api/src/learning/sessions/learning-sessions.controller.ts","93","LearningSessionsController","endSession","POST","","'learning/sessions/:id/end'","LEARNING_PERMISSIONS.LAUNCH","","JwtAuthGuard, RolesPermissionsGuard, EntitlementGuard","","LEARNING_MODULE_ENTITLEMENT","","","learningSessionsService.endSession","Decorator inventory only; downstream review in baseline report"
"apps/api/src/learning/sessions/learning-sessions.controller.ts","99","LearningSessionsController","joinSession","POST","","'learning/sessions/join'","LEARNING_PERMISSIONS.ATTEMPT","","JwtAuthGuard, RolesPermissionsGuard, EntitlementGuard","","LEARNING_MODULE_ENTITLEMENT","","","learningSessionsService.joinSession","Decorator inventory only; downstream review in baseline report"
"apps/api/src/library/library.controller.ts","54","LibraryController","listBooks","GET","'library'","'books'","'library:books:read'","","JwtAuthGuard, RolesPermissionsGuard, EntitlementGuard","","'module.library'","","","libraryService.listBooks","Decorator inventory only; downstream review in baseline report"
"apps/api/src/library/library.controller.ts","65","LibraryController","createBook","POST","'library'","'books'","'library:books:create'","","JwtAuthGuard, RolesPermissionsGuard, EntitlementGuard","","'module.library'","","","libraryHardeningService.createBook","Decorator inventory only; downstream review in baseline report"
"apps/api/src/library/library.controller.ts","74","LibraryController","updateBook","PATCH","'library'","'books/:id'","'library:books:update'","","JwtAuthGuard, RolesPermissionsGuard, EntitlementGuard","","'module.library'","","","libraryHardeningService.updateBook","Decorator inventory only; downstream review in baseline report"
"apps/api/src/library/library.controller.ts","84","LibraryController","archiveBook","POST","'library'","'books/:id/archive'","'library:books:update'","","JwtAuthGuard, RolesPermissionsGuard, EntitlementGuard","","'module.library'","","","libraryHardeningService.archiveBook","Decorator inventory only; downstream review in baseline report"
"apps/api/src/library/library.controller.ts","94","LibraryController","listCopies","GET","'library'","'copies'","'library:copies:read'","","JwtAuthGuard, RolesPermissionsGuard, EntitlementGuard","","'module.library'","","","libraryService.listCopies","Decorator inventory only; downstream review in baseline report"
"apps/api/src/library/library.controller.ts","113","LibraryController","resolveScannedCopy","GET","'library'","'copies/scan/:code'","'library:copies:read'","","JwtAuthGuard, RolesPermissionsGuard, EntitlementGuard","","'module.library'","","","libraryHardeningService.resolveCopyByScanCode","Decorator inventory only; downstream review in baseline report"
"apps/api/src/library/library.controller.ts","122","LibraryController","createCopy","POST","'library'","'copies'","'library:copies:create'","","JwtAuthGuard, RolesPermissionsGuard, EntitlementGuard","","'module.library'","","","libraryHardeningService.createCopy","Decorator inventory only; downstream review in baseline report"
"apps/api/src/library/library.controller.ts","131","LibraryController","updateCopy","PATCH","'library'","'copies/:id'","'library:copies:update'","","JwtAuthGuard, RolesPermissionsGuard, EntitlementGuard","","'module.library'","","","libraryHardeningService.updateCopy","Decorator inventory only; downstream review in baseline report"
"apps/api/src/library/library.controller.ts","141","LibraryController","markCopyStatus","PATCH","'library'","'copies/:id/status'","'library:copies:update'","","JwtAuthGuard, RolesPermissionsGuard, EntitlementGuard","","'module.library'","","","libraryHardeningService.markCopyStatus","Decorator inventory only; downstream review in baseline report"
"apps/api/src/library/library.controller.ts","151","LibraryController","archiveCopy","POST","'library'","'copies/:id/archive'","'library:copies:update'","","JwtAuthGuard, RolesPermissionsGuard, EntitlementGuard","","'module.library'","","","libraryHardeningService.archiveCopy","Decorator inventory only; downstream review in baseline report"
"apps/api/src/library/library.controller.ts","161","LibraryController","deleteCopy","DELETE","'library'","'copies/:id'","'library:copies:update'","","JwtAuthGuard, RolesPermissionsGuard, EntitlementGuard","","'module.library'","","","libraryHardeningService.deleteCopy","Decorator inventory only; downstream review in baseline report"
"apps/api/src/library/library.controller.ts","171","LibraryController","listIssues","GET","'library'","'issues'","'library:issues:read'","","JwtAuthGuard, RolesPermissionsGuard, EntitlementGuard","","'module.library'","","","libraryHardeningService.listIssuesScoped","Decorator inventory only; downstream review in baseline report"
"apps/api/src/library/library.controller.ts","190","LibraryController","listMyIssues","GET","'library'","'my/issues'","'library:issues:read'","","JwtAuthGuard, RolesPermissionsGuard, EntitlementGuard","","'module.library'","","","libraryHardeningService.listIssuesScoped","Decorator inventory only; downstream review in baseline report"
"apps/api/src/library/library.controller.ts","205","LibraryController","issueCopyByScanner","POST","'library'","'issues/scanner'","'library:issues:create'","","JwtAuthGuard, RolesPermissionsGuard, EntitlementGuard","","'module.library'","","","libraryHardeningService.issueCopyByScanner","Decorator inventory only; downstream review in baseline report"
"apps/api/src/library/library.controller.ts","214","LibraryController","issueCopy","POST","'library'","'issues'","'library:issues:create'","","JwtAuthGuard, RolesPermissionsGuard, EntitlementGuard","","'module.library'","","","libraryHardeningService.issueCopy","Decorator inventory only; downstream review in baseline report"
"apps/api/src/library/library.controller.ts","223","LibraryController","returnCopy","PATCH","'library'","'issues/:id/return'","'library:issues:return'","","JwtAuthGuard, RolesPermissionsGuard, EntitlementGuard","","'module.library'","","","libraryHardeningService.returnCopy","Decorator inventory only; downstream review in baseline report"
"apps/api/src/library/library.controller.ts","233","LibraryController","returnCopyByScanner","POST","'library'","'returns/scanner'","'library:issues:return'","","JwtAuthGuard, RolesPermissionsGuard, EntitlementGuard","","'module.library'","","","libraryHardeningService.returnCopyByScanner","Decorator inventory only; downstream review in baseline report"
"apps/api/src/library/library.controller.ts","242","LibraryController","listReservations","GET","'library'","'reservations'","'library:issues:read'","","JwtAuthGuard, RolesPermissionsGuard, EntitlementGuard","","'module.library'","","","libraryHardeningService.listReservations","Decorator inventory only; downstream review in baseline report"
"apps/api/src/library/library.controller.ts","259","LibraryController","createReservation","POST","'library'","'reservations'","'library:issues:create'","","JwtAuthGuard, RolesPermissionsGuard, EntitlementGuard","","'module.library'","","","libraryHardeningService.createReservation","Decorator inventory only; downstream review in baseline report"
"apps/api/src/library/library.controller.ts","268","LibraryController","cancelReservation","PATCH","'library'","'reservations/:id/cancel'","'library:issues:create'","","JwtAuthGuard, RolesPermissionsGuard, EntitlementGuard","","'module.library'","","","libraryHardeningService.cancelReservation","Decorator inventory only; downstream review in baseline report"
"apps/api/src/library/library.controller.ts","277","LibraryController","fulfillReservation","POST","'library'","'reservations/:id/fulfill'","'library:issues:create'","","JwtAuthGuard, RolesPermissionsGuard, EntitlementGuard","","'module.library'","","","libraryHardeningService.fulfillReservation","Decorator inventory only; downstream review in baseline report"
"apps/api/src/library/library.controller.ts","291","LibraryController","listOverdue","GET","'library'","'overdue'","'library:reports:read'","","JwtAuthGuard, RolesPermissionsGuard, EntitlementGuard","","'module.library'","","","libraryService.listOverdue","Decorator inventory only; downstream review in baseline report"
"apps/api/src/library/library.controller.ts","301","LibraryController","sendOverdueReminders","POST","'library'","'overdue/reminders'","'library:reports:read'","","JwtAuthGuard, RolesPermissionsGuard, EntitlementGuard","","'module.library'","","","libraryHardeningService.sendOverdueRemindersIdempotent","Decorator inventory only; downstream review in baseline report"
"apps/api/src/library/library.controller.ts","307","LibraryController","getIssuedBooksReport","GET","'library'","'reports/issued'","'library:reports:read'","","JwtAuthGuard, RolesPermissionsGuard, EntitlementGuard","","'module.library'","","","libraryHardeningService.getIssuedBooksReport","Decorator inventory only; downstream review in baseline report"
"apps/api/src/library/library.controller.ts","320","LibraryController","getOverdueBooksReport","GET","'library'","'reports/overdue'","'library:reports:read'","","JwtAuthGuard, RolesPermissionsGuard, EntitlementGuard","","'module.library'","","","libraryHardeningService.getOverdueBooksReport","Decorator inventory only; downstream review in baseline report"
"apps/api/src/library/library.controller.ts","326","LibraryController","getLostDamagedReport","GET","'library'","'reports/lost-damaged'","'library:reports:read'","","JwtAuthGuard, RolesPermissionsGuard, EntitlementGuard","","'module.library'","","","libraryHardeningService.getLostDamagedReport","Decorator inventory only; downstream review in baseline report"
"apps/api/src/library/library.controller.ts","332","LibraryController","getFineSummary","GET","'library'","'reports/fines'","'library:reports:read'","","JwtAuthGuard, RolesPermissionsGuard, EntitlementGuard","","'module.library'","","","libraryHardeningService.getFineSummary","Decorator inventory only; downstream review in baseline report"
"apps/api/src/library/library.controller.ts","338","LibraryController","getBorrowerHistory","GET","'library'","'reports/borrower-history'","'library:reports:read'","","JwtAuthGuard, RolesPermissionsGuard, EntitlementGuard","","'module.library'","","","libraryHardeningService.getBorrowerHistory","Decorator inventory only; downstream review in baseline report"
"apps/api/src/library/library.controller.ts","355","LibraryController","exportIssuedBooksCsv","GET","'library'","'reports/issued.csv'","'library:reports:read'","","JwtAuthGuard, RolesPermissionsGuard, EntitlementGuard","","'module.library'","","","libraryHardeningService.exportIssuedBooksCsv","Decorator inventory only; downstream review in baseline report"
"apps/api/src/library/library.controller.ts","366","LibraryController","exportIssuedBooksCsvFile","POST","'library'","'reports/issued/export'","'library:reports:read'","","JwtAuthGuard, RolesPermissionsGuard, EntitlementGuard","","'module.library'","","","libraryHardeningService.exportIssuedBooksCsvFile","Decorator inventory only; downstream review in baseline report"
"apps/api/src/library/library.controller.ts","372","LibraryController","getBorrowedStudents","GET","'library'","'borrowed-students'","'library:issues:read'","","JwtAuthGuard, RolesPermissionsGuard, EntitlementGuard","","'module.library'","","","libraryService.getBorrowedStudents","Decorator inventory only; downstream review in baseline report"
"apps/api/src/library/library.controller.ts","382","LibraryController","listFines","GET","'library'","'fines'","'library:reports:read'","","JwtAuthGuard, RolesPermissionsGuard, EntitlementGuard","","'module.library'","","","libraryService.listFines","Decorator inventory only; downstream review in baseline report"
"apps/api/src/library/library.controller.ts","392","LibraryController","createFine","POST","'library'","'fines'","'library:fines:create'","","JwtAuthGuard, RolesPermissionsGuard, EntitlementGuard","","'module.library'","","","libraryService.createFine","Decorator inventory only; downstream review in baseline report"
"apps/api/src/library/library.controller.ts","401","LibraryController","updateFine","PATCH","'library'","'fines/:id'","'library:fines:update'","","JwtAuthGuard, RolesPermissionsGuard, EntitlementGuard","","'module.library'","","","libraryService.updateFine","Decorator inventory only; downstream review in baseline report"
"apps/api/src/library/library.controller.ts","411","LibraryController","postFineToFees","POST","'library'","'fines/:id/post-to-fees'","'library:fines:post'","","JwtAuthGuard, RolesPermissionsGuard, EntitlementGuard","","'module.library'","","","libraryHardeningService.postFineToFeesIdempotent","Decorator inventory only; downstream review in baseline report"
"apps/api/src/library/library.controller.ts","425","LibraryController","reconcileFinePayment","POST","'library'","'fines/:id/reconcile-payment'","'library:fines:post'","","JwtAuthGuard, RolesPermissionsGuard, EntitlementGuard","","'module.library'","","","libraryHardeningService.reconcileFinePayment","Decorator inventory only; downstream review in baseline report"
"apps/api/src/library/library.controller.ts","434","LibraryController","getPopularBooksReport","GET","'library'","'reports/popular'","'library:reports:read'","","JwtAuthGuard, RolesPermissionsGuard, EntitlementGuard","","'module.library'","","","libraryHardeningService.getPopularBooksReport","Decorator inventory only; downstream review in baseline report"
"apps/api/src/library/library.controller.ts","447","LibraryController","getBookHistory","GET","'library'","'books/:id/history'","'library:books:read'","","JwtAuthGuard, RolesPermissionsGuard, EntitlementGuard","","'module.library'","","","libraryService.getBookHistory","Decorator inventory only; downstream review in baseline report"
"apps/api/src/library/library.controller.ts","456","LibraryController","getCopyHistory","GET","'library'","'copies/:id/history'","'library:copies:read'","","JwtAuthGuard, RolesPermissionsGuard, EntitlementGuard","","'module.library'","","","libraryService.getCopyHistory","Decorator inventory only; downstream review in baseline report"
"apps/api/src/library/library.controller.ts","465","LibraryController","getSettings","GET","'library'","'settings'","'library:books:read'","","JwtAuthGuard, RolesPermissionsGuard, EntitlementGuard","","'module.library'","","","libraryHardeningService.getLibrarySettings","Decorator inventory only; downstream review in baseline report"
"apps/api/src/library/library.controller.ts","471","LibraryController","updateSettings","PATCH","'library'","'settings'","'library:books:update'","","JwtAuthGuard, RolesPermissionsGuard, EntitlementGuard","","'module.library'","","","libraryHardeningService.updateLibrarySettings","Decorator inventory only; downstream review in baseline report"
"apps/api/src/library/library.controller.ts","480","LibraryController","resolveQrBorrower","POST","'library'","'qr-lookup'","'library:issues:create'","","JwtAuthGuard, RolesPermissionsGuard, EntitlementGuard","","'module.library'","","","libraryService.resolveQrBorrower","Decorator inventory only; downstream review in baseline report"
"apps/api/src/messaging/messaging-hardening.controller.ts","21","MessagingHardeningController","markMessageRead","POST","'messaging'","'messages/:messageId/read'","'messaging:create'","","JwtAuthGuard, RolesPermissionsGuard, EntitlementGuard","","'module.communications'","","","messagingHardeningService.markMessageRead","Decorator inventory only; downstream review in baseline report"
"apps/api/src/messaging/messaging-hardening.controller.ts","30","MessagingHardeningController","markThreadRead","POST","'messaging'","'threads/:threadId/read'","'messaging:create'","","JwtAuthGuard, RolesPermissionsGuard, EntitlementGuard","","'module.communications'","","","messagingHardeningService.markThreadRead","Decorator inventory only; downstream review in baseline report"
"apps/api/src/messaging/messaging-hardening.controller.ts","39","MessagingHardeningController","listEscalations","GET","'messaging'","'moderation/escalations'","'messaging:manage'","","JwtAuthGuard, RolesPermissionsGuard, EntitlementGuard","","'module.communications'","","","messagingHardeningService.listEscalations","Decorator inventory only; downstream review in baseline report"
"apps/api/src/messaging/messaging-hardening.controller.ts","45","MessagingHardeningController","resolveEscalation","POST","'messaging'","'moderation/escalations/:escalationId/resolve'","'messaging:manage'","","JwtAuthGuard, RolesPermissionsGuard, EntitlementGuard","","'module.communications'","","","parentTeacherChatService.resolveEscalation","Decorator inventory only; downstream review in baseline report"
"apps/api/src/messaging/messaging.controller.ts","50","MessagingController","getUnreadCount","GET","'messaging'","'unread-count'","'messaging:read'","","JwtAuthGuard, RolesPermissionsGuard, EntitlementGuard","","'module.communications'","","","messagingService.getUnreadCount","Decorator inventory only; downstream review in baseline report"
"apps/api/src/messaging/messaging.controller.ts","56","MessagingController","listConversations","GET","'messaging'","'conversations'","'messaging:read'","","JwtAuthGuard, RolesPermissionsGuard, EntitlementGuard","","'module.communications'","","","messagingService.listConversations","Decorator inventory only; downstream review in baseline report"
"apps/api/src/messaging/messaging.controller.ts","62","MessagingController","createConversation","POST","'messaging'","'conversations'","'messaging:create'","","JwtAuthGuard, RolesPermissionsGuard, EntitlementGuard; ChatWriteDisabledGuard","","'module.communications'","","","messagingService.createConversation","Decorator inventory only; downstream review in baseline report"
"apps/api/src/messaging/messaging.controller.ts","72","MessagingController","listMessages","GET","'messaging'","'messages'","'messaging:read'","","JwtAuthGuard, RolesPermissionsGuard, EntitlementGuard","","'module.communications'","","","messagingService.listMessages","Decorator inventory only; downstream review in baseline report"
"apps/api/src/messaging/messaging.controller.ts","78","MessagingController","createMessage","POST","'messaging'","'messages'","'messaging:create'","","JwtAuthGuard, RolesPermissionsGuard, EntitlementGuard; ChatWriteDisabledGuard","","'module.communications'","","","messagingService.createMessage","Decorator inventory only; downstream review in baseline report"
"apps/api/src/messaging/messaging.controller.ts","88","MessagingController","listReadReceipts","GET","'messaging'","'read-receipts'","'messaging:read'","","JwtAuthGuard, RolesPermissionsGuard, EntitlementGuard","","'module.communications'","","","messagingService.listReadReceipts","Decorator inventory only; downstream review in baseline report"
"apps/api/src/messaging/messaging.controller.ts","94","MessagingController","markRead","POST","'messaging'","'read-receipts'","'messaging:create'","","JwtAuthGuard, RolesPermissionsGuard, EntitlementGuard","","'module.communications'","","","messagingService.markRead","Decorator inventory only; downstream review in baseline report"
"apps/api/src/messaging/parent-teacher-chat.controller.ts","40","ParentTeacherChatController","listThreads","GET","'messaging/parent-teacher'","'threads'","'messaging:read'","","JwtAuthGuard, RolesPermissionsGuard, EntitlementGuard","","'module.communications'","","","service.listThreads","Decorator inventory only; downstream review in baseline report"
"apps/api/src/messaging/parent-teacher-chat.controller.ts","49","ParentTeacherChatController","getThread","GET","'messaging/parent-teacher'","'threads/:threadId'","'messaging:read'","","JwtAuthGuard, RolesPermissionsGuard, EntitlementGuard","","'module.communications'","","","service.getThread","Decorator inventory only; downstream review in baseline report"
"apps/api/src/messaging/parent-teacher-chat.controller.ts","58","ParentTeacherChatController","createThread","POST","'messaging/parent-teacher'","'threads'","'messaging:create'","","JwtAuthGuard, RolesPermissionsGuard, EntitlementGuard; ChatWriteDisabledGuard","","'module.communications'","","","service.createOrGetThread","Decorator inventory only; downstream review in baseline report"
"apps/api/src/messaging/parent-teacher-chat.controller.ts","68","ParentTeacherChatController","closeThread","PATCH","'messaging/parent-teacher'","'threads/:threadId/close'","'messaging:manage'","","JwtAuthGuard, RolesPermissionsGuard, EntitlementGuard","","'module.communications'","","","service.closeThread","Decorator inventory only; downstream review in baseline report"
"apps/api/src/messaging/parent-teacher-chat.controller.ts","78","ParentTeacherChatController","escalateThread","PATCH","'messaging/parent-teacher'","'threads/:threadId/escalate'","'messaging:create'","","JwtAuthGuard, RolesPermissionsGuard, EntitlementGuard","","'module.communications'","","","service.escalateThread","Decorator inventory only; downstream review in baseline report"
"apps/api/src/messaging/parent-teacher-chat.controller.ts","88","ParentTeacherChatController","listMessages","GET","'messaging/parent-teacher'","'threads/:threadId/messages'","'messaging:read'","","JwtAuthGuard, RolesPermissionsGuard, EntitlementGuard","","'module.communications'","","","service.listMessages","Decorator inventory only; downstream review in baseline report"
"apps/api/src/messaging/parent-teacher-chat.controller.ts","98","ParentTeacherChatController","sendMessage","POST","'messaging/parent-teacher'","'threads/:threadId/messages'","'messaging:create'","","JwtAuthGuard, RolesPermissionsGuard, EntitlementGuard; ChatWriteDisabledGuard","","'module.communications'","","","service.sendMessage","Decorator inventory only; downstream review in baseline report"
"apps/api/src/messaging/parent-teacher-chat.controller.ts","109","ParentTeacherChatController","markMessageRead","PATCH","'messaging/parent-teacher'","'messages/:messageId/read'","'messaging:create'","","JwtAuthGuard, RolesPermissionsGuard, EntitlementGuard","","'module.communications'","","","service.markMessageRead","Decorator inventory only; downstream review in baseline report"
"apps/api/src/messaging/parent-teacher-chat.controller.ts","118","ParentTeacherChatController","markThreadRead","PATCH","'messaging/parent-teacher'","'threads/:threadId/read'","'messaging:create'","","JwtAuthGuard, RolesPermissionsGuard, EntitlementGuard","","'module.communications'","","","service.markThreadRead","Decorator inventory only; downstream review in baseline report"
"apps/api/src/messaging/parent-teacher-chat.controller.ts","127","ParentTeacherChatController","listAvailability","GET","'messaging/parent-teacher'","'availability'","'messaging:read'","","JwtAuthGuard, RolesPermissionsGuard, EntitlementGuard","","'module.communications'","","","service.listAvailability","Decorator inventory only; downstream review in baseline report"
"apps/api/src/messaging/parent-teacher-chat.controller.ts","133","ParentTeacherChatController","updateAvailability","PUT","'messaging/parent-teacher'","'availability'","'messaging:manage'","","JwtAuthGuard, RolesPermissionsGuard, EntitlementGuard","","'module.communications'","","","service.updateAvailability","Decorator inventory only; downstream review in baseline report"
"apps/api/src/messaging/parent-teacher-chat.controller.ts","142","ParentTeacherChatController","getAvailabilityStatus","GET","'messaging/parent-teacher'","'availability/status'","'messaging:read'","","JwtAuthGuard, RolesPermissionsGuard, EntitlementGuard","","'module.communications'","","","service.getAvailabilityStatus","Decorator inventory only; downstream review in baseline report"
"apps/api/src/messaging/parent-teacher-chat.controller.ts","148","ParentTeacherChatController","createAbuseReport","POST","'messaging/parent-teacher'","'threads/:threadId/abuse-report'","'messaging:create'","","JwtAuthGuard, RolesPermissionsGuard, EntitlementGuard","","'module.communications'","","","service.createAbuseReport","Decorator inventory only; downstream review in baseline report"
"apps/api/src/messaging/parent-teacher-chat.controller.ts","158","ParentTeacherChatController","listAbuseReports","GET","'messaging/parent-teacher'","'abuse-reports'","'messaging:manage'","","JwtAuthGuard, RolesPermissionsGuard, EntitlementGuard","","'module.communications'","","","service.listAbuseReports","Decorator inventory only; downstream review in baseline report"
"apps/api/src/messaging/parent-teacher-chat.controller.ts","164","ParentTeacherChatController","reviewAbuseReport","PATCH","'messaging/parent-teacher'","'abuse-reports/:reportId/review'","'messaging:manage'","","JwtAuthGuard, RolesPermissionsGuard, EntitlementGuard","","'module.communications'","","","service.reviewAbuseReport","Decorator inventory only; downstream review in baseline report"
"apps/api/src/messaging/parent-teacher-chat.controller.ts","174","ParentTeacherChatController","resolveEscalation","PATCH","'messaging/parent-teacher'","'escalations/:escalationId/resolve'","'messaging:manage'","","JwtAuthGuard, RolesPermissionsGuard, EntitlementGuard","","'module.communications'","","","service.resolveEscalation","Decorator inventory only; downstream review in baseline report"
"apps/api/src/mobile/mobile-principal.controller.ts","81","MobilePrincipalController","dashboard","GET","'mobile/principal'","'dashboard'","'students:read', 'attendance:read', 'notices:read'","'principal', 'admin', 'platform_super_admin'","JwtAuthGuard, RolesPermissionsGuard, EntitlementGuard","","FEATURE_KEYS.MOBILE_FULL_ROLE","","","service.getDashboard","Decorator inventory only; downstream review in baseline report"
"apps/api/src/mobile/mobile-principal.controller.ts","87","MobilePrincipalController","attention","GET","'mobile/principal'","'attention'","'attendance:read', 'notices:read'","'principal', 'admin', 'platform_super_admin'","JwtAuthGuard, RolesPermissionsGuard, EntitlementGuard","","FEATURE_KEYS.MOBILE_FULL_ROLE","","","service.getAttention","Decorator inventory only; downstream review in baseline report"
"apps/api/src/mobile/mobile-principal.controller.ts","96","MobilePrincipalController","approvals","GET","'mobile/principal'","'approvals'","'advanced:approvals:read', 'hr:leave:approve'","'principal', 'admin', 'platform_super_admin'","JwtAuthGuard, RolesPermissionsGuard, EntitlementGuard","","FEATURE_KEYS.MOBILE_FULL_ROLE","","","service.getApprovals","Decorator inventory only; downstream review in baseline report"
"apps/api/src/mobile/mobile-principal.controller.ts","105","MobilePrincipalController","approvalDetail","GET","'mobile/principal'","'approvals/:approvalRequestId'","'advanced:approvals:read'","'principal', 'admin', 'platform_super_admin'","JwtAuthGuard, RolesPermissionsGuard, EntitlementGuard","","FEATURE_KEYS.MOBILE_FULL_ROLE","","","service.getApprovalDetail","Decorator inventory only; downstream review in baseline report"
"apps/api/src/mobile/mobile-principal.controller.ts","115","MobilePrincipalController","decideApproval","POST","'mobile/principal'","'approvals/:approvalRequestId/decisions'","'advanced:approvals:decide'","'principal', 'admin', 'platform_super_admin'","JwtAuthGuard, RolesPermissionsGuard, EntitlementGuard","","FEATURE_KEYS.MOBILE_FULL_ROLE","","","service.decideApproval","Decorator inventory only; downstream review in baseline report"
"apps/api/src/mobile/mobile-principal.controller.ts","126","MobilePrincipalController","approvalDelegationCandidates","GET","'mobile/principal'","'approvals/:approvalRequestId/delegation-candidates'","'advanced:approvals:manage'","'principal', 'admin', 'platform_super_admin'","JwtAuthGuard, RolesPermissionsGuard, EntitlementGuard","","FEATURE_KEYS.MOBILE_FULL_ROLE","","","service.getApprovalDelegationCandidates","Decorator inventory only; downstream review in baseline report"
"apps/api/src/mobile/mobile-principal.controller.ts","139","MobilePrincipalController","delegateApproval","POST","'mobile/principal'","'approvals/:approvalRequestId/delegation'","'advanced:approvals:manage'","'principal', 'admin', 'platform_super_admin'","JwtAuthGuard, RolesPermissionsGuard, EntitlementGuard","","FEATURE_KEYS.MOBILE_FULL_ROLE","","","service.delegateApproval","Decorator inventory only; downstream review in baseline report"
"apps/api/src/mobile/mobile-principal.controller.ts","150","MobilePrincipalController","serviceRequests","GET","'mobile/principal'","'service-requests'","'service_requests:read'","'principal', 'admin', 'platform_super_admin'","JwtAuthGuard, RolesPermissionsGuard, EntitlementGuard","","FEATURE_KEYS.MOBILE_FULL_ROLE","","","service.getServiceRequests","Decorator inventory only; downstream review in baseline report"
"apps/api/src/mobile/mobile-principal.controller.ts","159","MobilePrincipalController","serviceRequestDetail","GET","'mobile/principal'","'service-requests/:requestId'","'service_requests:read'","'principal', 'admin', 'platform_super_admin'","JwtAuthGuard, RolesPermissionsGuard, EntitlementGuard","","FEATURE_KEYS.MOBILE_FULL_ROLE","","","service.getServiceRequest","Decorator inventory only; downstream review in baseline report"
"apps/api/src/mobile/mobile-principal.controller.ts","168","MobilePrincipalController","triageServiceRequest","POST","'mobile/principal'","'service-requests/:requestId/triage-self'","'service_requests:manage'","'principal', 'admin', 'platform_super_admin'","JwtAuthGuard, RolesPermissionsGuard, EntitlementGuard","","FEATURE_KEYS.MOBILE_FULL_ROLE","","","service.triageServiceRequest","Decorator inventory only; downstream review in baseline report"
"apps/api/src/mobile/mobile-principal.controller.ts","178","MobilePrincipalController","addServiceRequestNote","POST","'mobile/principal'","'service-requests/:requestId/notes'","'service_requests:manage'","'principal', 'admin', 'platform_super_admin'","JwtAuthGuard, RolesPermissionsGuard, EntitlementGuard","","FEATURE_KEYS.MOBILE_FULL_ROLE","","","service.addServiceRequestNote","Decorator inventory only; downstream review in baseline report"
"apps/api/src/mobile/mobile-principal.controller.ts","188","MobilePrincipalController","resolveServiceRequest","POST","'mobile/principal'","'service-requests/:requestId/resolve'","'service_requests:manage'","'principal', 'admin', 'platform_super_admin'","JwtAuthGuard, RolesPermissionsGuard, EntitlementGuard","","FEATURE_KEYS.MOBILE_FULL_ROLE","","","service.resolveServiceRequest","Decorator inventory only; downstream review in baseline report"
"apps/api/src/mobile/mobile-principal.controller.ts","198","MobilePrincipalController","serviceRequestEscalationCandidates","GET","'mobile/principal'","'service-requests/:requestId/escalation-candidates'","'service_requests:manage'","'principal', 'admin', 'platform_super_admin'","JwtAuthGuard, RolesPermissionsGuard, EntitlementGuard","","FEATURE_KEYS.MOBILE_FULL_ROLE","","","service.getServiceRequestEscalationCandidates","Decorator inventory only; downstream review in baseline report"
"apps/api/src/mobile/mobile-principal.controller.ts","207","MobilePrincipalController","escalateServiceRequest","POST","'mobile/principal'","'service-requests/:requestId/escalate'","'service_requests:manage'","'principal', 'admin', 'platform_super_admin'","JwtAuthGuard, RolesPermissionsGuard, EntitlementGuard","","FEATURE_KEYS.MOBILE_FULL_ROLE","","","service.escalateServiceRequest","Decorator inventory only; downstream review in baseline report"
"apps/api/src/mobile/mobile-principal.controller.ts","217","MobilePrincipalController","attendanceSummary","GET","'mobile/principal'","'attendance-summary'","'attendance:read'","'principal', 'admin', 'platform_super_admin'","JwtAuthGuard, RolesPermissionsGuard, EntitlementGuard","","FEATURE_KEYS.MOBILE_FULL_ROLE","","","service.getAttendanceSummary","Decorator inventory only; downstream review in baseline report"
"apps/api/src/mobile/mobile-principal.controller.ts","226","MobilePrincipalController","staffAbsence","GET","'mobile/principal'","'staff-absence'","'staff:read', 'hr:leave:approve'","'principal', 'admin', 'platform_super_admin'","JwtAuthGuard, RolesPermissionsGuard, EntitlementGuard","","FEATURE_KEYS.MOBILE_FULL_ROLE","","","service.getStaffAbsence","Decorator inventory only; downstream review in baseline report"
"apps/api/src/mobile/mobile-principal.controller.ts","232","MobilePrincipalController","feesSummary","GET","'mobile/principal'","'fees-summary'","'fees:manage', 'payments:close'","'principal', 'admin', 'platform_super_admin'","JwtAuthGuard, RolesPermissionsGuard, EntitlementGuard","","FEATURE_KEYS.MOBILE_FULL_ROLE","","","service.getFeesSummary","Decorator inventory only; downstream review in baseline report"
"apps/api/src/mobile/mobile-principal.controller.ts","238","MobilePrincipalController","academicsReadiness","GET","'mobile/principal'","'academics-readiness'","'academics:read', 'marks:read'","'principal', 'admin', 'platform_super_admin'","JwtAuthGuard, RolesPermissionsGuard, EntitlementGuard","","FEATURE_KEYS.MOBILE_FULL_ROLE","","","service.getAcademicsReadiness","Decorator inventory only; downstream review in baseline report"
"apps/api/src/mobile/mobile-principal.controller.ts","244","MobilePrincipalController","learningAttention","GET","'mobile/principal'","'learning-attention'","'academics:read'","'principal', 'admin', 'platform_super_admin'","JwtAuthGuard, RolesPermissionsGuard, EntitlementGuard","'learning'","FEATURE_KEYS.MOBILE_FULL_ROLE","","","learningImprovementService.getEarlyWarnings","Decorator inventory only; downstream review in baseline report"
"apps/api/src/mobile/mobile-principal.controller.ts","254","MobilePrincipalController","interventionCases","GET","'mobile/principal'","'intervention-cases'","'academics:read'","'principal', 'admin', 'platform_super_admin'","JwtAuthGuard, RolesPermissionsGuard, EntitlementGuard","'learning'","FEATURE_KEYS.MOBILE_FULL_ROLE","","","learningImprovementService.listInterventions","Decorator inventory only; downstream review in baseline report"
"apps/api/src/mobile/mobile-principal.controller.ts","264","MobilePrincipalController","interventionCase","GET","'mobile/principal'","'intervention-cases/:caseId'","'academics:read'","'principal', 'admin', 'platform_super_admin'","JwtAuthGuard, RolesPermissionsGuard, EntitlementGuard","'learning'","FEATURE_KEYS.MOBILE_FULL_ROLE","","","learningImprovementService.getIntervention","Decorator inventory only; downstream review in baseline report"
"apps/api/src/mobile/mobile-principal.controller.ts","274","MobilePrincipalController","addInterventionCaseEntry","POST","'mobile/principal'","'intervention-cases/:caseId/entries'","'academics:enter_marks'","'principal', 'admin', 'platform_super_admin'","JwtAuthGuard, RolesPermissionsGuard, EntitlementGuard","'learning'","FEATURE_KEYS.MOBILE_FULL_ROLE","","","learningImprovementService.addInterventionEntry","Decorator inventory only; downstream review in baseline report"
"apps/api/src/mobile/mobile-principal.controller.ts","289","MobilePrincipalController","updateInterventionCase","PATCH","'mobile/principal'","'intervention-cases/:caseId'","'academics:enter_marks'","'principal', 'admin', 'platform_super_admin'","JwtAuthGuard, RolesPermissionsGuard, EntitlementGuard","'learning'","FEATURE_KEYS.MOBILE_FULL_ROLE","","","learningImprovementService.updateIntervention","Decorator inventory only; downstream review in baseline report"
"apps/api/src/mobile/mobile-principal.controller.ts","304","MobilePrincipalController","transportAlerts","GET","'mobile/principal'","'transport-alerts'","'transport:reports:read', 'transport:trips:read'","'principal', 'admin', 'platform_super_admin'","JwtAuthGuard, RolesPermissionsGuard, EntitlementGuard","","FEATURE_KEYS.MOBILE_FULL_ROLE","","","service.getTransportAlerts","Decorator inventory only; downstream review in baseline report"
"apps/api/src/mobile/mobile-principal.controller.ts","310","MobilePrincipalController","escalations","GET","'mobile/principal'","'escalations'","'messaging:manage'","'principal', 'admin', 'platform_super_admin'","JwtAuthGuard, RolesPermissionsGuard, EntitlementGuard","","FEATURE_KEYS.MOBILE_FULL_ROLE","","","service.getEscalations","Decorator inventory only; downstream review in baseline report"
"apps/api/src/mobile/mobile-principal.controller.ts","319","MobilePrincipalController","escalationDetail","GET","'mobile/principal'","'escalations/:escalationId'","'messaging:manage'","'principal', 'admin', 'platform_super_admin'","JwtAuthGuard, RolesPermissionsGuard, EntitlementGuard","","FEATURE_KEYS.MOBILE_FULL_ROLE","","","service.getEscalationDetail","Decorator inventory only; downstream review in baseline report"
"apps/api/src/mobile/mobile-principal.controller.ts","328","MobilePrincipalController","assignEscalationToSelf","POST","'mobile/principal'","'escalations/:escalationId/assign-self'","'messaging:manage'","'principal', 'admin', 'platform_super_admin'","JwtAuthGuard, RolesPermissionsGuard, EntitlementGuard","","FEATURE_KEYS.MOBILE_FULL_ROLE","","","service.assignEscalationToSelf","Decorator inventory only; downstream review in baseline report"
"apps/api/src/mobile/mobile-principal.controller.ts","337","MobilePrincipalController","assignEscalation","POST","'mobile/principal'","'escalations/:escalationId/assign'","'messaging:manage'","'principal', 'admin', 'platform_super_admin'","JwtAuthGuard, RolesPermissionsGuard, EntitlementGuard","","FEATURE_KEYS.MOBILE_FULL_ROLE","","","service.assignEscalation","Decorator inventory only; downstream review in baseline report"
"apps/api/src/mobile/mobile-principal.controller.ts","347","MobilePrincipalController","addEscalationNote","POST","'mobile/principal'","'escalations/:escalationId/notes'","'messaging:manage'","'principal', 'admin', 'platform_super_admin'","JwtAuthGuard, RolesPermissionsGuard, EntitlementGuard","","FEATURE_KEYS.MOBILE_FULL_ROLE","","","service.addEscalationNote","Decorator inventory only; downstream review in baseline report"
"apps/api/src/mobile/mobile-principal.controller.ts","357","MobilePrincipalController","resolveEscalation","POST","'mobile/principal'","'escalations/:escalationId/resolve'","'messaging:manage'","'principal', 'admin', 'platform_super_admin'","JwtAuthGuard, RolesPermissionsGuard, EntitlementGuard","","FEATURE_KEYS.MOBILE_FULL_ROLE","","","service.resolveEscalation","Decorator inventory only; downstream review in baseline report"
"apps/api/src/mobile/mobile-principal.controller.ts","367","MobilePrincipalController","reopenEscalation","POST","'mobile/principal'","'escalations/:escalationId/reopen'","'messaging:manage'","'principal', 'admin', 'platform_super_admin'","JwtAuthGuard, RolesPermissionsGuard, EntitlementGuard","","FEATURE_KEYS.MOBILE_FULL_ROLE","","","service.reopenEscalation","Decorator inventory only; downstream review in baseline report"
"apps/api/src/mobile/mobile-principal.controller.ts","377","MobilePrincipalController","studentSearch","GET","'mobile/principal'","'student-search'","'students:read'","'principal', 'admin', 'platform_super_admin'","JwtAuthGuard, RolesPermissionsGuard, EntitlementGuard","","FEATURE_KEYS.MOBILE_FULL_ROLE","","","service.searchStudents","Decorator inventory only; downstream review in baseline report"
"apps/api/src/mobile/mobile-principal.controller.ts","388","MobilePrincipalController","reportsSnapshot","GET","'mobile/principal'","'reports-snapshot'","'reports:read'","'principal', 'admin', 'platform_super_admin'","JwtAuthGuard, RolesPermissionsGuard, EntitlementGuard","","FEATURE_KEYS.MOBILE_FULL_ROLE","","","service.getReportsSnapshot","Decorator inventory only; downstream review in baseline report"
"apps/api/src/mobile/mobile-principal.controller.ts","394","MobilePrincipalController","tasks","GET","'mobile/principal'","'tasks'","'advanced:approvals:read'","'principal', 'admin', 'platform_super_admin'","JwtAuthGuard, RolesPermissionsGuard, EntitlementGuard","","FEATURE_KEYS.MOBILE_FULL_ROLE","","","service.getTasks","Decorator inventory only; downstream review in baseline report"
"apps/api/src/mobile/mobile-principal.controller.ts","400","MobilePrincipalController","classroomWalkthroughs","GET","'mobile/principal'","'classroom-walkthroughs'","'hr:read'","'principal', 'admin', 'platform_super_admin'","JwtAuthGuard, RolesPermissionsGuard, EntitlementGuard","'learning'","FEATURE_KEYS.MOBILE_FULL_ROLE","","","institutionalImprovementService.getPrincipalTeacherDevelopment","Decorator inventory only; downstream review in baseline report"
"apps/api/src/mobile/mobile-principal.controller.ts","409","MobilePrincipalController","createClassroomWalkthrough","POST","'mobile/principal'","'classroom-walkthroughs'","'hr:manage'","'principal', 'admin', 'platform_super_admin'","JwtAuthGuard, RolesPermissionsGuard, EntitlementGuard","'learning'","FEATURE_KEYS.MOBILE_FULL_ROLE","","","institutionalImprovementService.createTeacherObservation","Decorator inventory only; downstream review in baseline report"
"apps/api/src/mobile/mobile-principal.controller.ts","422","MobilePrincipalController","updateClassroomWalkthrough","PATCH","'mobile/principal'","'classroom-walkthroughs/:observationId'","'hr:manage'","'principal', 'admin', 'platform_super_admin'","JwtAuthGuard, RolesPermissionsGuard, EntitlementGuard","'learning'","FEATURE_KEYS.MOBILE_FULL_ROLE","","","institutionalImprovementService.updateTeacherObservation","Decorator inventory only; downstream review in baseline report"
"apps/api/src/mobile/mobile-principal.controller.ts","437","MobilePrincipalController","schoolImprovementPlans","GET","'mobile/principal'","'school-improvement-plans'","'reports:read'","'principal', 'admin', 'platform_super_admin'","JwtAuthGuard, RolesPermissionsGuard, EntitlementGuard","'learning'","FEATURE_KEYS.MOBILE_FULL_ROLE","","","institutionalImprovementService.listSchoolImprovementPlans","Decorator inventory only; downstream review in baseline report"
"apps/api/src/mobile/mobile-principal.controller.ts","447","MobilePrincipalController","updateSchoolImprovementAction","PATCH","'mobile/principal'","'school-improvement-actions/:actionId'","'settings:manage'","'principal', 'admin', 'platform_super_admin'","JwtAuthGuard, RolesPermissionsGuard, EntitlementGuard","'learning'","FEATURE_KEYS.MOBILE_FULL_ROLE","","","institutionalImprovementService.updateSchoolImprovementAction","Decorator inventory only; downstream review in baseline report"
"apps/api/src/mobile/mobile-principal.controller.ts","462","MobilePrincipalController","boardExamReadiness","GET","'mobile/principal'","'board-exam-readiness/:track'","'academics:read'","'principal', 'admin', 'platform_super_admin'","JwtAuthGuard, RolesPermissionsGuard, EntitlementGuard","'learning'","FEATURE_KEYS.MOBILE_FULL_ROLE","","","institutionalImprovementService.getBoardExamReadiness","Decorator inventory only; downstream review in baseline report"
"apps/api/src/mobile/mobile-principal.controller.ts","475","MobilePrincipalController","emergencyNotice","GET","'mobile/principal'","'emergency-notice'","'notices:read'","'principal', 'admin', 'platform_super_admin'","JwtAuthGuard, RolesPermissionsGuard, EntitlementGuard","'notices'","FEATURE_KEYS.NOTICES_FULL","","","service.getEmergencyNotice","Decorator inventory only; downstream review in baseline report"
"apps/api/src/mobile/mobile-principal.controller.ts","483","MobilePrincipalController","previewEmergencyNoticeRecipients","POST","'mobile/principal'","'emergency-notices/recipient-preview'","'notices:create', 'advanced:approvals:manage'","'principal', 'admin', 'platform_super_admin'","JwtAuthGuard, RolesPermissionsGuard, EntitlementGuard","'notices'","FEATURE_KEYS.NOTICES_FULL","","","service.previewEmergencyNoticeRecipients","Decorator inventory only; downstream review in baseline report"
"apps/api/src/mobile/mobile-principal.controller.ts","494","MobilePrincipalController","submitEmergencyNotice","POST","'mobile/principal'","'emergency-notices'","'notices:create', 'advanced:approvals:manage'","'principal', 'admin', 'platform_super_admin'","JwtAuthGuard, RolesPermissionsGuard, EntitlementGuard","'notices'","FEATURE_KEYS.NOTICES_FULL","","","service.submitEmergencyNotice","Decorator inventory only; downstream review in baseline report"
"apps/api/src/mobile/mobile-principal.controller.ts","505","MobilePrincipalController","emergencyNoticeStatus","GET","'mobile/principal'","'emergency-notices/:noticeId'","'notices:read'","'principal', 'admin', 'platform_super_admin'","JwtAuthGuard, RolesPermissionsGuard, EntitlementGuard","'notices'","FEATURE_KEYS.NOTICES_FULL","","","service.getEmergencyNoticeStatus","Decorator inventory only; downstream review in baseline report"
"apps/api/src/mobile/mobile-push-tokens.controller.ts","26","MobilePushTokensController","register","POST","'mobile/push-tokens'","","","","JwtAuthGuard, EntitlementGuard","'notices'","","","","devicePushTokensService.register","Decorator inventory only; downstream review in baseline report"
"apps/api/src/mobile/mobile-push-tokens.controller.ts","34","MobilePushTokensController","revoke","DELETE","'mobile/push-tokens'","':installationId'","","","JwtAuthGuard, EntitlementGuard","'notices'","","","","devicePushTokensService.revoke","Decorator inventory only; downstream review in baseline report"
"apps/api/src/mobile/mobile-teacher-activity.controller.ts","27","MobileTeacherActivityController","listScopes","GET","'mobile/teacher/activity'","'scopes'","'activity_feed:read'","'teacher', 'subject_teacher'","JwtAuthGuard, RolesPermissionsGuard, EntitlementGuard","","'module.activity'","","","activityFeedService.listTeacherMobileScopes","Decorator inventory only; downstream review in baseline report"
"apps/api/src/mobile/mobile-teacher-activity.controller.ts","33","MobileTeacherActivityController","listStudents","GET","'mobile/teacher/activity'","'students'","'activity_feed:read'","'teacher', 'subject_teacher'","JwtAuthGuard, RolesPermissionsGuard, EntitlementGuard","","'module.activity'","","","activityFeedService.listTeacherMobileStudents","Decorator inventory only; downstream review in baseline report"
"apps/api/src/mobile/mobile-teacher-activity.controller.ts","42","MobileTeacherActivityController","listPosts","GET","'mobile/teacher/activity'","'posts'","'activity_feed:read'","'teacher', 'subject_teacher'","JwtAuthGuard, RolesPermissionsGuard, EntitlementGuard","","'module.activity'","","","activityFeedService.listTeacherMobilePosts","Decorator inventory only; downstream review in baseline report"
"apps/api/src/mobile/mobile-teacher-activity.controller.ts","51","MobileTeacherActivityController","createPost","POST","'mobile/teacher/activity'","'posts'","'activity_feed:create'","'teacher', 'subject_teacher'","JwtAuthGuard, RolesPermissionsGuard, EntitlementGuard","","'module.activity'","","","activityFeedService.createPost","Decorator inventory only; downstream review in baseline report"
"apps/api/src/mobile/mobile-teacher-activity.controller.ts","60","MobileTeacherActivityController","createMilestone","POST","'mobile/teacher/activity'","'milestones'","'activity_feed:create'","'teacher', 'subject_teacher'","JwtAuthGuard, RolesPermissionsGuard, EntitlementGuard","","'module.activity'","","","activityFeedService.createMilestone","Decorator inventory only; downstream review in baseline report"
"apps/api/src/mobile/mobile-teacher-attendance.controller.ts","30","MobileTeacherAttendanceController","getScopeVersion","GET","'mobile/teacher/attendance'","'scope-version'","'attendance:read'","'teacher', 'subject_teacher'","JwtAuthGuard, RolesPermissionsGuard, EntitlementGuard","","'module.attendance'","","","teacherScopeService.getScopeVersion","Decorator inventory only; downstream review in baseline report"
"apps/api/src/mobile/mobile-teacher-attendance.controller.ts","36","MobileTeacherAttendanceController","listClasses","GET","'mobile/teacher/attendance'","'classes'","'attendance:read'","'teacher', 'subject_teacher'","JwtAuthGuard, RolesPermissionsGuard, EntitlementGuard","","'module.attendance'","","","attendanceService.listTeacherMobileClassSections","Decorator inventory only; downstream review in baseline report"
"apps/api/src/mobile/mobile-teacher-attendance.controller.ts","42","MobileTeacherAttendanceController","getToday","GET","'mobile/teacher/attendance'","'today'","'attendance:read'","'teacher', 'subject_teacher'","JwtAuthGuard, RolesPermissionsGuard, EntitlementGuard","","'module.attendance'","","","attendanceService.getTeacherMobileToday","Decorator inventory only; downstream review in baseline report"
"apps/api/src/mobile/mobile-teacher-attendance.controller.ts","51","MobileTeacherAttendanceController","getRoster","GET","'mobile/teacher/attendance'","'roster'","'attendance:read'","'teacher', 'subject_teacher'","JwtAuthGuard, RolesPermissionsGuard, EntitlementGuard","","'module.attendance'","","","attendanceService.getRoster","Decorator inventory only; downstream review in baseline report"
"apps/api/src/mobile/mobile-teacher-attendance.controller.ts","86","MobileTeacherAttendanceController","sync","POST","'mobile/teacher/attendance'","'sync'","'attendance:mark'","'teacher', 'subject_teacher'","JwtAuthGuard, RolesPermissionsGuard, EntitlementGuard","","'module.attendance'","","","attendanceService.syncAttendance","Decorator inventory only; downstream review in baseline report"
"apps/api/src/mobile/mobile-teacher-homework.controller.ts","35","MobileTeacherHomeworkController","listScopes","GET","'mobile/teacher/homework'","'scopes'","'homework:read'","'teacher', 'subject_teacher'","JwtAuthGuard, RolesPermissionsGuard, EntitlementGuard","","'module.homework'","","","homeworkService.listTeacherMobileHomeworkScopes","Decorator inventory only; downstream review in baseline report"
"apps/api/src/mobile/mobile-teacher-homework.controller.ts","41","MobileTeacherHomeworkController","listHomework","GET","'mobile/teacher/homework'","","'homework:read'","'teacher', 'subject_teacher'","JwtAuthGuard, RolesPermissionsGuard, EntitlementGuard","","'module.homework'","","","homeworkService.listTeacherMobileHomework","Decorator inventory only; downstream review in baseline report"
"apps/api/src/mobile/mobile-teacher-homework.controller.ts","50","MobileTeacherHomeworkController","createHomework","POST","'mobile/teacher/homework'","","'homework:create'","'teacher', 'subject_teacher'","JwtAuthGuard, RolesPermissionsGuard, EntitlementGuard","","'module.homework'","","","homeworkService.createTeacherMobileHomework","Decorator inventory only; downstream review in baseline report"
"apps/api/src/mobile/mobile-teacher-homework.controller.ts","59","MobileTeacherHomeworkController","getHomework","GET","'mobile/teacher/homework'","':id'","'homework:read'","'teacher', 'subject_teacher'","JwtAuthGuard, RolesPermissionsGuard, EntitlementGuard","","'module.homework'","","","homeworkService.getTeacherMobileHomework","Decorator inventory only; downstream review in baseline report"
"apps/api/src/mobile/mobile-teacher-homework.controller.ts","65","MobileTeacherHomeworkController","updateHomework","PATCH","'mobile/teacher/homework'","':id'","'homework:update'","'teacher', 'subject_teacher'","JwtAuthGuard, RolesPermissionsGuard, EntitlementGuard","","'module.homework'","","","homeworkService.updateTeacherMobileHomework","Decorator inventory only; downstream review in baseline report"
"apps/api/src/mobile/mobile-teacher-homework.controller.ts","75","MobileTeacherHomeworkController","publishHomework","POST","'mobile/teacher/homework'","':id/publish'","'homework:update'","'teacher', 'subject_teacher'","JwtAuthGuard, RolesPermissionsGuard, EntitlementGuard","","'module.homework'","","","homeworkService.publishTeacherMobileHomework","Decorator inventory only; downstream review in baseline report"
"apps/api/src/mobile/mobile-teacher-homework.controller.ts","81","MobileTeacherHomeworkController","listSubmissions","GET","'mobile/teacher/homework'","':id/submissions'","'homework:read'","'teacher', 'subject_teacher'","JwtAuthGuard, RolesPermissionsGuard, EntitlementGuard","","'module.homework'","","","homeworkService.listTeacherMobileHomeworkSubmissions","Decorator inventory only; downstream review in baseline report"
"apps/api/src/mobile/mobile-teacher-homework.controller.ts","95","MobileTeacherHomeworkController","reviewSubmission","PATCH","'mobile/teacher/homework'","'submissions/:submissionId/review'","'homework:review'","'teacher', 'subject_teacher'","JwtAuthGuard, RolesPermissionsGuard, EntitlementGuard","","'module.homework'","","","homeworkService.reviewTeacherMobileHomeworkSubmission","Decorator inventory only; downstream review in baseline report"
"apps/api/src/mobile/mobile-teacher-marks.controller.ts","26","MobileTeacherMarksController","listComponents","GET","'mobile/teacher/marks'","'components'","'assessment-components:read', 'academics:read', 'academics:enter_marks'","'teacher', 'subject_teacher'","JwtAuthGuard, RolesPermissionsGuard, EntitlementGuard","","'module.exams'","","","marksService.listAssignedComponents","Decorator inventory only; downstream review in baseline report"
"apps/api/src/mobile/mobile-teacher-marks.controller.ts","39","MobileTeacherMarksController","listMarks","GET","'mobile/teacher/marks'","","'marks:read', 'academics:read', 'academics:enter_marks'","'teacher', 'subject_teacher'","JwtAuthGuard, RolesPermissionsGuard, EntitlementGuard","","'module.exams'","","","marksService.listMarks","Decorator inventory only; downstream review in baseline report"
"apps/api/src/mobile/mobile-teacher-marks.controller.ts","45","MobileTeacherMarksController","bulkUpsert","POST","'mobile/teacher/marks'","'bulk-upsert'","'academics:enter_marks'","'teacher', 'subject_teacher'","JwtAuthGuard, RolesPermissionsGuard, EntitlementGuard","","'module.exams'","","","marksService.bulkUpsert","Decorator inventory only; downstream review in baseline report"
"apps/api/src/mobile/mobile-teacher-students.controller.ts","38","MobileTeacherStudentsController","getStudentSummary","GET","'mobile/teacher/students'","':studentId/summary'","'students:read'","'teacher', 'subject_teacher'","JwtAuthGuard, RolesPermissionsGuard, EntitlementGuard","'students'","FEATURE_KEYS.MOBILE_TEACHER_PARENT","","","attendanceService.getTeacherMobileStudentSummary","Decorator inventory only; downstream review in baseline report"
"apps/api/src/mobile/mobile-teacher-students.controller.ts","56","MobileTeacherStudentsController","getStudentLearningSupport","GET","'mobile/teacher/students'","':studentId/learning-support'","'academics:read'","'teacher', 'subject_teacher'","JwtAuthGuard, RolesPermissionsGuard, EntitlementGuard","'learning'","FEATURE_KEYS.MOBILE_TEACHER_PARENT","","","learningImprovementService.getTeacherStudentLearningHub","Decorator inventory only; downstream review in baseline report"
"apps/api/src/mobile/mobile-teacher-students.controller.ts","71","MobileTeacherStudentsController","createFormativeAssessment","POST","'mobile/teacher/students'","':studentId/formative-assessments'","'academics:enter_marks'","'teacher', 'subject_teacher'","JwtAuthGuard, RolesPermissionsGuard, EntitlementGuard","'learning'","FEATURE_KEYS.MOBILE_TEACHER_PARENT","","","learningImprovementService.createFormativeAssessment","Decorator inventory only; downstream review in baseline report"
"apps/api/src/mobile/mobile-teacher-students.controller.ts","85","MobileTeacherStudentsController","createIntervention","POST","'mobile/teacher/students'","':studentId/interventions'","'academics:enter_marks'","'teacher', 'subject_teacher'","JwtAuthGuard, RolesPermissionsGuard, EntitlementGuard","'learning'","FEATURE_KEYS.MOBILE_TEACHER_PARENT","","","learningImprovementService.createIntervention","Decorator inventory only; downstream review in baseline report"
"apps/api/src/mobile/mobile-teacher-timetable.controller.ts","20","MobileTeacherTimetableController","getTimetable","GET","'mobile/teacher/timetable'","","'timetable:read'","'teacher', 'subject_teacher'","JwtAuthGuard, RolesPermissionsGuard, EntitlementGuard","","'module.timetable'","","","timetableService.getTeacherMobileTimetable","Decorator inventory only; downstream review in baseline report"
"apps/api/src/mobile/mobile.controller.ts","48","MobileController","listMyStudents","GET","'mobile'","'me/students'","","","JwtAuthGuard, EntitlementGuard","'students'","FEATURE_KEYS.MOBILE_PARENT_BASIC","","","mobileService.listMyStudents","Decorator inventory only; downstream review in baseline report"
"apps/api/src/mobile/mobile.controller.ts","54","MobileController","getDashboard","GET","'mobile'","'me/dashboard'","","","JwtAuthGuard, EntitlementGuard","'students'","FEATURE_KEYS.MOBILE_PARENT_BASIC","","","mobileService.getDashboard","Decorator inventory only; downstream review in baseline report"
"apps/api/src/mobile/mobile.controller.ts","63","MobileController","getParentActionCentre","GET","'mobile'","'me/action-centre'","","","JwtAuthGuard, EntitlementGuard","'students'","FEATURE_KEYS.MOBILE_PARENT_BASIC","","","mobileService.getParentActionCentre","Decorator inventory only; downstream review in baseline report"
"apps/api/src/mobile/mobile.controller.ts","72","MobileController","getStudentWeeklyProgress","GET","'mobile'","'students/:id/weekly-progress'","","","JwtAuthGuard, EntitlementGuard","'students'","FEATURE_KEYS.MOBILE_PARENT_BASIC","","","mobileService.getStudentWeeklyProgress","Decorator inventory only; downstream review in baseline report"
"apps/api/src/mobile/mobile.controller.ts","81","MobileController","getStudentLearningSummary","GET","'mobile'","'students/:id/learning-summary'","","","JwtAuthGuard, EntitlementGuard","'learning'","FEATURE_KEYS.MOBILE_PARENT_BASIC","","","learningImprovementService.getParentLearningSummary","Decorator inventory only; downstream review in baseline report"
"apps/api/src/mobile/mobile.controller.ts","93","MobileController","listNotifications","GET","'mobile'","'me/notifications'","","","JwtAuthGuard, EntitlementGuard","","FEATURE_KEYS.MOBILE_PARENT_BASIC","","","mobileService.listNotifications","Decorator inventory only; downstream review in baseline report"
"apps/api/src/mobile/mobile.controller.ts","101","MobileController","getNotificationUnreadCount","GET","'mobile'","'me/notifications/unread-count'","","","JwtAuthGuard, EntitlementGuard","","FEATURE_KEYS.MOBILE_PARENT_BASIC","","","mobileService.getNotificationUnreadCount","Decorator inventory only; downstream review in baseline report"
"apps/api/src/mobile/mobile.controller.ts","106","MobileController","markAllNotificationsRead","POST","'mobile'","'me/notifications/mark-all-read'","","","JwtAuthGuard, EntitlementGuard","","FEATURE_KEYS.MOBILE_PARENT_BASIC","","","mobileService.markAllNotificationsRead","Decorator inventory only; downstream review in baseline report"
"apps/api/src/mobile/mobile.controller.ts","111","MobileController","getNotificationAttachment","GET","'mobile'","'me/notifications/:id/attachment'","","","JwtAuthGuard, EntitlementGuard","","FEATURE_KEYS.MOBILE_PARENT_BASIC","","","mobileService.getNotificationAttachment","Decorator inventory only; downstream review in baseline report"
"apps/api/src/mobile/mobile.controller.ts","127","MobileController","getNotificationDetail","GET","'mobile'","'me/notifications/:id'","","","JwtAuthGuard, EntitlementGuard","","FEATURE_KEYS.MOBILE_PARENT_BASIC","","","mobileService.getNotificationDetail","Decorator inventory only; downstream review in baseline report"
"apps/api/src/mobile/mobile.controller.ts","135","MobileController","markNotificationRead","POST","'mobile'","'me/notifications/:id/read'","","","JwtAuthGuard, EntitlementGuard","","FEATURE_KEYS.MOBILE_PARENT_BASIC","","","mobileService.markNotificationRead","Decorator inventory only; downstream review in baseline report"
"apps/api/src/mobile/mobile.controller.ts","143","MobileController","getStudentProfile","GET","'mobile'","'students/:id/profile'","","","JwtAuthGuard, EntitlementGuard","'students'","FEATURE_KEYS.MOBILE_PARENT_BASIC","","","mobileService.getStudentProfile","Decorator inventory only; downstream review in baseline report"
"apps/api/src/mobile/mobile.controller.ts","152","MobileController","getStudentDocumentDownloadUrl","GET","'mobile'","'students/:id/documents/:documentId/download-url'","","","JwtAuthGuard, EntitlementGuard","'students'","FEATURE_KEYS.MOBILE_PARENT_BASIC","","","mobileService.getStudentDocumentDownloadUrl","Decorator inventory only; downstream review in baseline report"
"apps/api/src/mobile/mobile.controller.ts","166","MobileController","getStudentAttendanceSummary","GET","'mobile'","'students/:id/attendance-summary'","","","JwtAuthGuard, EntitlementGuard","'attendance'","FEATURE_KEYS.MOBILE_PARENT_BASIC","","","mobileService.getStudentAttendanceSummary","Decorator inventory only; downstream review in baseline report"
"apps/api/src/mobile/mobile.controller.ts","179","MobileController","listStudentAttendanceCorrections","GET","'mobile'","'students/:id/attendance-corrections'","","","JwtAuthGuard, EntitlementGuard","'attendance'","FEATURE_KEYS.MOBILE_PARENT_BASIC","","","mobileService.listStudentAttendanceCorrections","Decorator inventory only; downstream review in baseline report"
"apps/api/src/mobile/mobile.controller.ts","188","MobileController","createStudentAttendanceCorrection","POST","'mobile'","'students/:id/attendance-corrections'","","","JwtAuthGuard, EntitlementGuard","'attendance'","FEATURE_KEYS.MOBILE_PARENT_BASIC","","","mobileService.createStudentAttendanceCorrection","Decorator inventory only; downstream review in baseline report"
"apps/api/src/mobile/mobile.controller.ts","202","MobileController","cancelStudentAttendanceCorrection","POST","'mobile'","'students/:id/attendance-corrections/:requestId/cancel'","","","JwtAuthGuard, EntitlementGuard","'attendance'","FEATURE_KEYS.MOBILE_PARENT_BASIC","","","mobileService.cancelStudentAttendanceCorrection","Decorator inventory only; downstream review in baseline report"
"apps/api/src/mobile/mobile.controller.ts","218","MobileController","listStudentLeaveRequests","GET","'mobile'","'students/:id/leave-requests'","","","JwtAuthGuard, EntitlementGuard","'attendance'","FEATURE_KEYS.MOBILE_PARENT_BASIC","","","mobileService.listStudentLeaveRequests","Decorator inventory only; downstream review in baseline report"
"apps/api/src/mobile/mobile.controller.ts","227","MobileController","createStudentLeaveRequest","POST","'mobile'","'students/:id/leave-requests'","","","JwtAuthGuard, EntitlementGuard","'attendance'","FEATURE_KEYS.MOBILE_PARENT_BASIC","","","mobileService.createStudentLeaveRequest","Decorator inventory only; downstream review in baseline report"
"apps/api/src/mobile/mobile.controller.ts","237","MobileController","listStudentServiceRequests","GET","'mobile'","'students/:id/service-requests'","","","JwtAuthGuard, EntitlementGuard","'students'","FEATURE_KEYS.MOBILE_PARENT_BASIC","","","mobileService.listStudentServiceRequests","Decorator inventory only; downstream review in baseline report"
"apps/api/src/mobile/mobile.controller.ts","246","MobileController","createStudentServiceRequest","POST","'mobile'","'students/:id/service-requests'","","","JwtAuthGuard, EntitlementGuard","'students'","FEATURE_KEYS.MOBILE_PARENT_BASIC","","","mobileService.createStudentServiceRequest","Decorator inventory only; downstream review in baseline report"
"apps/api/src/mobile/mobile.controller.ts","256","MobileController","getStudentServiceRequest","GET","'mobile'","'service-requests/:requestId'","","","JwtAuthGuard, EntitlementGuard","","FEATURE_KEYS.MOBILE_PARENT_BASIC","","","mobileService.getStudentServiceRequest","Decorator inventory only; downstream review in baseline report"
"apps/api/src/mobile/mobile.controller.ts","264","MobileController","cancelStudentServiceRequest","POST","'mobile'","'service-requests/:requestId/cancel'","","","JwtAuthGuard, EntitlementGuard","","FEATURE_KEYS.MOBILE_PARENT_BASIC","","","mobileService.cancelStudentServiceRequest","Decorator inventory only; downstream review in baseline report"
"apps/api/src/mobile/mobile.controller.ts","273","MobileController","confirmStudentServiceRequestResolution","POST","'mobile'","'service-requests/:requestId/confirm-resolution'","","","JwtAuthGuard, EntitlementGuard","","FEATURE_KEYS.MOBILE_PARENT_BASIC","","","mobileService.confirmStudentServiceRequestResolution","Decorator inventory only; downstream review in baseline report"
"apps/api/src/mobile/mobile.controller.ts","284","MobileController","reopenStudentServiceRequest","POST","'mobile'","'service-requests/:requestId/reopen'","","","JwtAuthGuard, EntitlementGuard","","FEATURE_KEYS.MOBILE_PARENT_BASIC","","","mobileService.reopenStudentServiceRequest","Decorator inventory only; downstream review in baseline report"
"apps/api/src/mobile/mobile.controller.ts","293","MobileController","uploadStudentServiceRequestAttachment","POST","'mobile'","'service-requests/:requestId/attachments'","","","JwtAuthGuard, EntitlementGuard","","FEATURE_KEYS.MOBILE_PARENT_BASIC","","","mobileService.uploadStudentServiceRequestAttachment","Decorator inventory only; downstream review in baseline report"
"apps/api/src/mobile/mobile.controller.ts","306","MobileController","downloadStudentServiceRequestAttachment","GET","'mobile'","'service-requests/:requestId/attachments/:attachmentId'","","","JwtAuthGuard, EntitlementGuard","","FEATURE_KEYS.MOBILE_PARENT_BASIC","","","mobileService.downloadStudentServiceRequestAttachment","Decorator inventory only; downstream review in baseline report"
"apps/api/src/mobile/mobile.controller.ts","325","MobileController","getStudentFeesSummary","GET","'mobile'","'students/:id/fees-summary'","","","JwtAuthGuard, EntitlementGuard","'fees'","FEATURE_KEYS.MOBILE_PARENT_BASIC","","","mobileService.getStudentFeesSummary","Decorator inventory only; downstream review in baseline report"
"apps/api/src/mobile/mobile.controller.ts","334","MobileController","getStudentPaymentGatewayReadiness","GET","'mobile'","'students/:id/payment-gateway-readiness'","","","JwtAuthGuard, EntitlementGuard","'fees'","FEATURE_KEYS.MOBILE_PARENT_BASIC","","","mobileService.getStudentPaymentGatewayReadiness","Decorator inventory only; downstream review in baseline report"
"apps/api/src/mobile/mobile.controller.ts","346","MobileController","initiateStudentPayment","POST","'mobile'","'students/:id/payment-intents'","","","JwtAuthGuard, EntitlementGuard","'fees'","FEATURE_KEYS.MOBILE_PARENT_BASIC","","","mobileService.initiateStudentPayment","Decorator inventory only; downstream review in baseline report"
"apps/api/src/mobile/mobile.controller.ts","356","MobileController","collectStudentSandboxFeePayment","POST","'mobile'","'students/:id/sandbox-payments/fees'","","","JwtAuthGuard, EntitlementGuard","'fees'","FEATURE_KEYS.MOBILE_PARENT_BASIC","","","mobileService.collectStudentSandboxFeePayment","Decorator inventory only; downstream review in baseline report"
"apps/api/src/mobile/mobile.controller.ts","370","MobileController","topUpStudentCanteenSandbox","POST","'mobile'","'students/:id/sandbox-payments/canteen-top-up'","","","JwtAuthGuard, EntitlementGuard","'canteen'","FEATURE_KEYS.MOBILE_PARENT_BASIC","","","mobileService.topUpStudentCanteenSandbox","Decorator inventory only; downstream review in baseline report"
"apps/api/src/mobile/mobile.controller.ts","380","MobileController","getStudentReceiptPdf","GET","'mobile'","'students/:id/receipts/:receiptNumber.pdf'","","","JwtAuthGuard, EntitlementGuard","'fees'","FEATURE_KEYS.MOBILE_PARENT_BASIC","","","mobileService.getStudentReceiptPdf","Decorator inventory only; downstream review in baseline report"
"apps/api/src/mobile/mobile.controller.ts","399","MobileController","getMyConsentStatus","GET","'mobile'","'me/consents'","","","JwtAuthGuard, EntitlementGuard","","FEATURE_KEYS.MOBILE_PARENT_BASIC","","","mobileService.getMyConsentStatus","Decorator inventory only; downstream review in baseline report"
"apps/api/src/mobile/mobile.controller.ts","404","MobileController","decideMyConsent","POST","'mobile'","'me/consents/decision'","","","JwtAuthGuard, EntitlementGuard","","FEATURE_KEYS.MOBILE_PARENT_BASIC","","","mobileService.decideMyConsent","Decorator inventory only; downstream review in baseline report"
"apps/api/src/mobile/mobile.controller.ts","412","MobileController","getStudentActivityFeed","GET","'mobile'","'students/:id/activity-feed'","","","JwtAuthGuard, EntitlementGuard","'activity'","FEATURE_KEYS.MOBILE_PARENT_BASIC","","","mobileService.getStudentActivityFeed","Decorator inventory only; downstream review in baseline report"
"apps/api/src/mobile/mobile.controller.ts","430","MobileController","getStudentHomework","GET","'mobile'","'students/:id/homework'","","","JwtAuthGuard, EntitlementGuard","'homework'","FEATURE_KEYS.MOBILE_PARENT_BASIC","","","mobileService.getStudentHomework","Decorator inventory only; downstream review in baseline report"
"apps/api/src/mobile/mobile.controller.ts","440","MobileController","getStudentHomeworkAttachments","GET","'mobile'","'students/:id/homework/:homeworkId/attachments'","","","JwtAuthGuard, EntitlementGuard","'homework'","FEATURE_KEYS.MOBILE_PARENT_BASIC","","","mobileService.getStudentHomeworkAttachments","Decorator inventory only; downstream review in baseline report"
"apps/api/src/mobile/mobile.controller.ts","454","MobileController","getStudentHomeworkAttachmentDownloadUrl","GET","'mobile'","'students/:id/homework/:homeworkId/attachments/:attachmentId/download-url'","","","JwtAuthGuard, EntitlementGuard","'homework'","FEATURE_KEYS.MOBILE_PARENT_BASIC","","","mobileService.getStudentHomeworkAttachmentDownloadUrl","Decorator inventory only; downstream review in baseline report"
"apps/api/src/mobile/mobile.controller.ts","472","MobileController","getStudentTimetable","GET","'mobile'","'students/:id/timetable'","","","JwtAuthGuard, EntitlementGuard","'homework'","FEATURE_KEYS.MOBILE_PARENT_BASIC","","","mobileService.getStudentTimetable","Decorator inventory only; downstream review in baseline report"
"apps/api/src/mobile/mobile.controller.ts","481","MobileController","getStudentExamSchedule","GET","'mobile'","'students/:id/exam-schedule'","","","JwtAuthGuard, EntitlementGuard","'exams'","FEATURE_KEYS.MOBILE_PARENT_BASIC","","","mobileService.getStudentExamSchedule","Decorator inventory only; downstream review in baseline report"
"apps/api/src/mobile/mobile.controller.ts","490","MobileController","getStudentReportCards","GET","'mobile'","'students/:id/report-cards'","","","JwtAuthGuard, EntitlementGuard","'exams'","FEATURE_KEYS.MOBILE_PARENT_BASIC","","","mobileService.getStudentReportCards","Decorator inventory only; downstream review in baseline report"
"apps/api/src/mobile/mobile.controller.ts","499","MobileController","getStudentReportCardPdf","GET","'mobile'","'students/:id/report-cards/:reportCardId.pdf'","","","JwtAuthGuard, EntitlementGuard","'exams'","FEATURE_KEYS.MOBILE_PARENT_BASIC","","","mobileService.getStudentReportCardPdf","Decorator inventory only; downstream review in baseline report"
"apps/api/src/mobile/mobile.controller.ts","518","MobileController","getStudentCanteen","GET","'mobile'","'students/:id/canteen'","","","JwtAuthGuard, EntitlementGuard","'canteen'","FEATURE_KEYS.MOBILE_PARENT_BASIC","","","mobileService.getStudentCanteen","Decorator inventory only; downstream review in baseline report"
"apps/api/src/mobile/mobile.controller.ts","527","MobileController","getStudentLibrary","GET","'mobile'","'students/:id/library'","","","JwtAuthGuard, EntitlementGuard","'library'","FEATURE_KEYS.MOBILE_PARENT_BASIC","","","mobileService.getStudentLibrary","Decorator inventory only; downstream review in baseline report"
"apps/api/src/mobile/mobile.controller.ts","536","MobileController","getStudentTransport","GET","'mobile'","'students/:id/transport'","","","JwtAuthGuard, EntitlementGuard","'transport'","FEATURE_KEYS.MOBILE_PARENT_BASIC","","","mobileService.getStudentTransport","Decorator inventory only; downstream review in baseline report"
"apps/api/src/notifications/notification-preferences.controller.ts","29","NotificationPreferencesController","getOwn","GET","'notifications/preferences'","'me'","'notifications:view_own'","","JwtAuthGuard, RolesPermissionsGuard, EntitlementGuard","","'module.notifications'","","","policy.listOwnPreferences","Decorator inventory only; downstream review in baseline report"
"apps/api/src/notifications/notification-preferences.controller.ts","35","NotificationPreferencesController","updateOwn","PATCH","'notifications/preferences'","'me'","'notifications:view_own'","","JwtAuthGuard, RolesPermissionsGuard, EntitlementGuard","","'module.notifications'","","","policy.updateOwnPreference","Decorator inventory only; downstream review in baseline report"
"apps/api/src/notifications/notification-preferences.controller.ts","44","NotificationPreferencesController","resetOwn","DELETE","'notifications/preferences'","'me/:category/:channel'","'notifications:view_own'","","JwtAuthGuard, RolesPermissionsGuard, EntitlementGuard","","'module.notifications'","","","policy.resetOwnPreference","Decorator inventory only; downstream review in baseline report"
"apps/api/src/operational-summary/operational-platform-summary.controller.ts","16","OperationalPlatformSummaryController","getSummary","GET","'platform'","'summary'","'platform:dashboard:read'","","JwtAuthGuard, PlatformGuard","","","","","platformService.getDashboardSummary","Decorator inventory only; downstream review in baseline report"
"apps/api/src/operational-summary/operational-summary.controller.ts","72","OperationalDashboardSummaryController","getDashboardSummary","GET","'dashboard'","'summary'","","'principal', 'admin', 'school_admin', 'accountant', 'cashier', 'admission_officer', 'teacher', 'subject_teacher', 'hr', 'hr_manager', 'librarian', 'transport_manager', 'canteen_staff'","JwtAuthGuard, TenantActiveGuard, RolesPermissionsGuard","","","","","service.getDashboardSummary","Decorator inventory only; downstream review in baseline report"
"apps/api/src/operational-summary/operational-summary.controller.ts","89","OperationalDashboardSummaryController","getModuleSummary","GET","'dashboard'","':module/summary'","","'principal', 'admin', 'school_admin', 'accountant', 'cashier', 'admission_officer', 'teacher', 'subject_teacher', 'hr', 'hr_manager', 'librarian', 'transport_manager', 'canteen_staff'","JwtAuthGuard, TenantActiveGuard, RolesPermissionsGuard","","","","","service.getModuleSummary","Decorator inventory only; downstream review in baseline report"
"apps/api/src/operational-summary/operational-summary.controller.ts","127","OperationalMobileSummaryController","parentSummary","GET","'mobile'","'parent/summary'","","'parent', 'guardian'","JwtAuthGuard, TenantActiveGuard, RolesPermissionsGuard, EntitlementGuard","","FEATURE_KEYS.MOBILE_PARENT_BASIC","","","service.getMobileSummary","Decorator inventory only; downstream review in baseline report"
"apps/api/src/operational-summary/operational-summary.controller.ts","135","OperationalMobileSummaryController","teacherSummary","GET","'mobile'","'teacher/summary'","'attendance:read'","'teacher', 'subject_teacher'","JwtAuthGuard, TenantActiveGuard, RolesPermissionsGuard, EntitlementGuard","","FEATURE_KEYS.MOBILE_TEACHER_PARENT","","","service.getMobileSummary","Decorator inventory only; downstream review in baseline report"
"apps/api/src/operational-summary/operational-summary.controller.ts","144","OperationalMobileSummaryController","principalSummary","GET","'mobile'","'principal/summary'","'students:read', 'attendance:read'","'principal', 'admin'","JwtAuthGuard, TenantActiveGuard, RolesPermissionsGuard, EntitlementGuard","","FEATURE_KEYS.MOBILE_FULL_ROLE","","","service.getMobileSummary","Decorator inventory only; downstream review in baseline report"
"apps/api/src/operational-summary/operational-summary.controller.ts","153","OperationalMobileSummaryController","driverSummary","GET","'mobile'","'driver/summary'","","'driver', 'conductor'","JwtAuthGuard, TenantActiveGuard, RolesPermissionsGuard, EntitlementGuard","","FEATURE_KEYS.MOBILE_FULL_ROLE","","","service.getMobileSummary","Decorator inventory only; downstream review in baseline report"
"apps/api/src/operational-summary/operational-summary.controller.ts","161","OperationalMobileSummaryController","staffSummary","GET","'mobile'","'staff/summary'","","'staff', 'teacher', 'subject_teacher'","JwtAuthGuard, TenantActiveGuard, RolesPermissionsGuard, EntitlementGuard","","FEATURE_KEYS.MOBILE_FULL_ROLE","","","service.getMobileSummary","Decorator inventory only; downstream review in baseline report"
"apps/api/src/operational-summary/operational-summary.controller.ts","171","OperationalMobileSummaryController","studentSummary","GET","'mobile'","'student/summary'","","'student'","JwtAuthGuard, TenantActiveGuard, RolesPermissionsGuard, EntitlementGuard","","FEATURE_KEYS.MOBILE_FULL_ROLE","","","","Decorator inventory only; downstream review in baseline report"
"apps/api/src/operational-summary/principal-operations-summary.controller.ts","30","PrincipalOperationsSummaryController","getSummary","GET","'dashboard/principal'","'operations-summary'","'reports:read'","'principal'","JwtAuthGuard, TenantActiveGuard, RolesPermissionsGuard, EntitlementGuard","","","'Cross-module leadership projection; the service checks each source module entitlement and returns locked state for disabled modules'","","service.getSummary","Decorator inventory only; downstream review in baseline report"
"apps/api/src/payroll/payroll.controller.ts","63","PayrollController","getReadiness","GET","'payroll'","'readiness'","'payroll:run:read'","","JwtAuthGuard, RolesPermissionsGuard, EntitlementGuard","","'module.payroll'","","","payrollReadinessService.getReadiness","Decorator inventory only; downstream review in baseline report"
"apps/api/src/payroll/payroll.controller.ts","75","PayrollController","listExceptions","GET","'payroll'","'exceptions'","'payroll:run:read'","","JwtAuthGuard, RolesPermissionsGuard, EntitlementGuard","","'module.payroll'","","","payrollReadinessService.listExceptions","Decorator inventory only; downstream review in baseline report"
"apps/api/src/payroll/payroll.controller.ts","87","PayrollController","recheckReadiness","POST","'payroll'","'readiness/recheck'","'payroll:run:review'","","JwtAuthGuard, RolesPermissionsGuard, EntitlementGuard","","'module.payroll'","","","payrollReadinessService.getReadiness","Decorator inventory only; downstream review in baseline report"
"apps/api/src/payroll/payroll.controller.ts","99","PayrollController","acknowledgeException","POST","'payroll'","'exceptions/:id/acknowledge'","'payroll:run:review'","","JwtAuthGuard, RolesPermissionsGuard, EntitlementGuard","","'module.payroll'","","","payrollReadinessService.acknowledge","Decorator inventory only; downstream review in baseline report"
"apps/api/src/payroll/payroll.controller.ts","112","PayrollController","getPreview","GET","'payroll'","'preview'","'payroll:run:read'","","JwtAuthGuard, RolesPermissionsGuard, EntitlementGuard","","'module.payroll'","","","payrollService.getPayrollPreview","Decorator inventory only; downstream review in baseline report"
"apps/api/src/payroll/payroll.controller.ts","121","PayrollController","previewPayroll","POST","'payroll'","'preview'","'payroll:run:create'","","JwtAuthGuard, RolesPermissionsGuard, EntitlementGuard","","'module.payroll'","","","payrollService.getPayrollPreview","Decorator inventory only; downstream review in baseline report"
"apps/api/src/payroll/payroll.controller.ts","137","PayrollController","previewRun","POST","'payroll'","'runs/preview'","'payroll:run:create'","","JwtAuthGuard, RolesPermissionsGuard, EntitlementGuard","","'module.payroll'","","","payrollService.getPayrollPreview","Decorator inventory only; downstream review in baseline report"
"apps/api/src/payroll/payroll.controller.ts","153","PayrollController","listRuns","GET","'payroll'","'runs'","'payroll:run:read'","","JwtAuthGuard, RolesPermissionsGuard, EntitlementGuard","","'module.payroll'","","","payrollService.listPayrollRuns","Decorator inventory only; downstream review in baseline report"
"apps/api/src/payroll/payroll.controller.ts","162","PayrollController","getDashboardSummary","GET","'payroll'","'dashboard-summary'","'payroll:run:read'","","JwtAuthGuard, RolesPermissionsGuard, EntitlementGuard","","'module.payroll'","","","payrollService.getPayrollDashboardSummary","Decorator inventory only; downstream review in baseline report"
"apps/api/src/payroll/payroll.controller.ts","171","PayrollController","getRun","GET","'payroll'","'runs/:id'","'payroll:run:read'","","JwtAuthGuard, RolesPermissionsGuard, EntitlementGuard","","'module.payroll'","","","payrollService.getPayrollRun","Decorator inventory only; downstream review in baseline report"
"apps/api/src/payroll/payroll.controller.ts","177","PayrollController","queuePayslipRegeneration","POST","'payroll'","'runs/:runId/payslips/:payslipId/regeneration-jobs'","'payroll:payslip:generate'","","JwtAuthGuard, RolesPermissionsGuard, EntitlementGuard","","'module.payroll'","","","payrollService.queuePayslipRegenerationJob","Decorator inventory only; downstream review in baseline report"
"apps/api/src/payroll/payroll.controller.ts","204","PayrollController","getPayslipRegenerationJob","GET","'payroll'","'runs/:runId/payslips/:payslipId/regeneration-jobs/:jobId'","'payroll:payslip:generate'","","JwtAuthGuard, RolesPermissionsGuard, EntitlementGuard","","'module.payroll'","","","payrollService.getPayslipRegenerationJob","Decorator inventory only; downstream review in baseline report"
"apps/api/src/payroll/payroll.controller.ts","233","PayrollController","createRun","POST","'payroll'","'runs'","'payroll:run:create'","","JwtAuthGuard, RolesPermissionsGuard, EntitlementGuard","","'module.payroll'","","","payrollService.createPayrollRun","Decorator inventory only; downstream review in baseline report"
"apps/api/src/payroll/payroll.controller.ts","242","PayrollController","createDraftFromPreview","POST","'payroll'","'runs/preview-to-draft'","'payroll:run:create'","","JwtAuthGuard, RolesPermissionsGuard, EntitlementGuard","","'module.payroll'","","","payrollService.createPayrollRun","Decorator inventory only; downstream review in baseline report"
"apps/api/src/payroll/payroll.controller.ts","251","PayrollController","approveRun","POST","'payroll'","'runs/:id/approve'","'payroll:run:approve'","","JwtAuthGuard, RolesPermissionsGuard, EntitlementGuard","","'module.payroll'","","","payrollService.approvePayrollRun","Decorator inventory only; downstream review in baseline report"
"apps/api/src/payroll/payroll.controller.ts","257","PayrollController","reviewRun","POST","'payroll'","'runs/:id/review'","'payroll:run:review'","","JwtAuthGuard, RolesPermissionsGuard, EntitlementGuard","","'module.payroll'","","","payrollService.reviewPayrollRun","Decorator inventory only; downstream review in baseline report"
"apps/api/src/payroll/payroll.controller.ts","263","PayrollController","submitReview","POST","'payroll'","'runs/:id/submit-review'","'payroll:run:review'","","JwtAuthGuard, RolesPermissionsGuard, EntitlementGuard","","'module.payroll'","","","payrollService.submitPayrollRunForReview","Decorator inventory only; downstream review in baseline report"
"apps/api/src/payroll/payroll.controller.ts","269","PayrollController","rejectRun","POST","'payroll'","'runs/:id/reject'","'payroll:run:review'","","JwtAuthGuard, RolesPermissionsGuard, EntitlementGuard","","'module.payroll'","","","payrollService.rejectPayrollRun","Decorator inventory only; downstream review in baseline report"
"apps/api/src/payroll/payroll.controller.ts","279","PayrollController","getApprovedSalarySlipPdf","GET","'payroll'","'runs/:runId/lines/:lineId/salary-slip.pdf'","'payroll:read'","","JwtAuthGuard, RolesPermissionsGuard, EntitlementGuard","","'module.payroll'","","","salarySlipService.getApprovedSalarySlipPdf","Decorator inventory only; downstream review in baseline report"
"apps/api/src/payroll/payroll.controller.ts","298","PayrollController","postRun","POST","'payroll'","'runs/:id/post'","'payroll:run:post'","","JwtAuthGuard, RolesPermissionsGuard, EntitlementGuard","","'module.payroll'","","","payrollService.postPayrollRun","Decorator inventory only; downstream review in baseline report"
"apps/api/src/payroll/payroll.controller.ts","304","PayrollController","postRunToAccounting","POST","'payroll'","'runs/:id/post-to-accounting'","'payroll:run:post'","","JwtAuthGuard, RolesPermissionsGuard, EntitlementGuard","","'module.payroll'","","","payrollService.postPayrollRun","Decorator inventory only; downstream review in baseline report"
"apps/api/src/payroll/payroll.controller.ts","313","PayrollController","markPaid","POST","'payroll'","'runs/:id/mark-paid'","'payroll:run:pay'","","JwtAuthGuard, RolesPermissionsGuard, EntitlementGuard","","'module.payroll'","","","payrollService.markPayrollRunPaid","Decorator inventory only; downstream review in baseline report"
"apps/api/src/payroll/payroll.controller.ts","323","PayrollController","reverseRun","POST","'payroll'","'runs/:id/reverse'","'payroll:run:reverse'","","JwtAuthGuard, RolesPermissionsGuard, EntitlementGuard","","'module.payroll'","","","payrollService.reversePayrollRun","Decorator inventory only; downstream review in baseline report"
"apps/api/src/payroll/payroll.controller.ts","333","PayrollController","listPayslips","GET","'payroll'","'payslips'","'payroll:read'","","JwtAuthGuard, RolesPermissionsGuard, EntitlementGuard","","'module.payroll'","","","payrollService.listPayslips","Decorator inventory only; downstream review in baseline report"
"apps/api/src/payroll/payroll.controller.ts","342","PayrollController","listMyPayslips","GET","'payroll'","'me/payslips'","'staff:read'","","JwtAuthGuard, RolesPermissionsGuard, EntitlementGuard","","'module.payroll'","","","payrollService.listMyPayslips","Decorator inventory only; downstream review in baseline report"
"apps/api/src/payroll/payroll.controller.ts","351","PayrollController","getMyPayslipPdf","GET","'payroll'","'me/payslips/:payslipNumber.pdf'","'staff:read'","","JwtAuthGuard, RolesPermissionsGuard, EntitlementGuard","","'module.payroll'","","","payrollService.getPayslipPdf","Decorator inventory only; downstream review in baseline report"
"apps/api/src/payroll/payroll.controller.ts","365","PayrollController","getPayslipPdfAlias","GET","'payroll'","'payslips/:payslipNumber/pdf'","'payroll:payslip:read'","","JwtAuthGuard, RolesPermissionsGuard, EntitlementGuard","","'module.payroll'","","","payrollService.getPayslipPdf","Decorator inventory only; downstream review in baseline report"
"apps/api/src/payroll/payroll.controller.ts","379","PayrollController","getPayslipPdf","GET","'payroll'","'payslips/:payslipNumber.pdf'","'payroll:payslip:read'","","JwtAuthGuard, RolesPermissionsGuard, EntitlementGuard","","'module.payroll'","","","payrollService.getPayslipPdf","Decorator inventory only; downstream review in baseline report"
"apps/api/src/payroll/payroll.controller.ts","393","PayrollController","getStaffPayslipPdf","GET","'payroll'","'runs/:runId/staff/:staffId/payslip.pdf'","'payroll:read'","","JwtAuthGuard, RolesPermissionsGuard, EntitlementGuard","","'module.payroll'","","","payrollService.getPayslipPdfForRunStaff","Decorator inventory only; downstream review in baseline report"
"apps/api/src/payroll/payroll.controller.ts","412","PayrollController","listStatutoryDeductions","GET","'payroll'","'statutory-deductions'","'payroll:salary:read'","","JwtAuthGuard, RolesPermissionsGuard, EntitlementGuard","","'module.payroll'","","","payrollService.listStatutoryDeductions","Decorator inventory only; downstream review in baseline report"
"apps/api/src/payroll/payroll.controller.ts","418","PayrollController","createSalaryStructure","POST","'payroll'","'salary-structures'","'payroll:salary:write'","","JwtAuthGuard, RolesPermissionsGuard, EntitlementGuard","","'module.payroll'","","","payrollService.createSalaryStructure","Decorator inventory only; downstream review in baseline report"
"apps/api/src/payroll/payroll.controller.ts","427","PayrollController","listSalaryStructures","GET","'payroll'","'salary-structures'","'payroll:salary:read'","","JwtAuthGuard, RolesPermissionsGuard, EntitlementGuard","","'module.payroll'","","","payrollService.listSalaryStructures","Decorator inventory only; downstream review in baseline report"
"apps/api/src/payroll/payroll.controller.ts","436","PayrollController","getSalaryStructure","GET","'payroll'","'staff/:staffId/salary-structure'","'payroll:salary:read'","","JwtAuthGuard, RolesPermissionsGuard, EntitlementGuard","","'module.payroll'","","","payrollService.getActiveSalaryStructure","Decorator inventory only; downstream review in baseline report"
"apps/api/src/payroll/payroll.controller.ts","445","PayrollController","updateSalaryStructure","PATCH","'payroll'","'salary-structures/:id'","'payroll:salary:write'","","JwtAuthGuard, RolesPermissionsGuard, EntitlementGuard","","'module.payroll'","","","payrollService.updateSalaryStructure","Decorator inventory only; downstream review in baseline report"
"apps/api/src/payroll/payroll.controller.ts","455","PayrollController","activateSalaryStructure","POST","'payroll'","'salary-structures/:id/activate'","'payroll:salary:write'","","JwtAuthGuard, RolesPermissionsGuard, EntitlementGuard","","'module.payroll'","","","payrollService.activateSalaryStructure","Decorator inventory only; downstream review in baseline report"
"apps/api/src/payroll/payroll.controller.ts","464","PayrollController","archiveSalaryStructure","POST","'payroll'","'salary-structures/:id/archive'","'payroll:salary:write'","","JwtAuthGuard, RolesPermissionsGuard, EntitlementGuard","","'module.payroll'","","","payrollService.archiveSalaryStructure","Decorator inventory only; downstream review in baseline report"
"apps/api/src/payroll/payroll.controller.ts","473","PayrollController","getPayrollRunRegister","GET","'payroll'","'runs/:id/register'","'payroll:reports:read'","","JwtAuthGuard, RolesPermissionsGuard, EntitlementGuard","","'module.payroll'","","","payrollService.getPayrollRegister","Decorator inventory only; downstream review in baseline report"
"apps/api/src/payroll/payroll.controller.ts","482","PayrollController","exportPayrollRunRegisterCsv","GET","'payroll'","'runs/:id/register/export.csv'","'payroll:exports:create'","","JwtAuthGuard, RolesPermissionsGuard, EntitlementGuard","","'module.payroll'","","","payrollService.exportPayrollRegisterCsv","Decorator inventory only; downstream review in baseline report"
"apps/api/src/payroll/payroll.controller.ts","493","PayrollController","getPayrollRegister","GET","'payroll'","'reports/register'","'payroll:reports:read'","","JwtAuthGuard, RolesPermissionsGuard, EntitlementGuard","","'module.payroll'","","","payrollService.getPayrollRegister","Decorator inventory only; downstream review in baseline report"
"apps/api/src/payroll/payroll.controller.ts","502","PayrollController","getPayrollSummary","GET","'payroll'","'reports/summary'","'payroll:reports:read'","","JwtAuthGuard, RolesPermissionsGuard, EntitlementGuard","","'module.payroll'","","","payrollService.getPayrollSummary","Decorator inventory only; downstream review in baseline report"
"apps/api/src/payroll/payroll.controller.ts","511","PayrollController","getPayrollPf","GET","'payroll'","'reports/pf'","'payroll:reports:read'","","JwtAuthGuard, RolesPermissionsGuard, EntitlementGuard","","'module.payroll'","","","payrollService.getPayrollPfSummary","Decorator inventory only; downstream review in baseline report"
"apps/api/src/payroll/payroll.controller.ts","520","PayrollController","getPayrollTds","GET","'payroll'","'reports/tds'","'payroll:reports:read'","","JwtAuthGuard, RolesPermissionsGuard, EntitlementGuard","","'module.payroll'","","","payrollService.getPayrollTdsSummary","Decorator inventory only; downstream review in baseline report"
"apps/api/src/payroll/payroll.controller.ts","529","PayrollController","getSalaryComponentSummary","GET","'payroll'","'reports/salary-components'","'payroll:reports:read'","","JwtAuthGuard, RolesPermissionsGuard, EntitlementGuard","","'module.payroll'","","","payrollService.getSalaryComponentSummary","Decorator inventory only; downstream review in baseline report"
"apps/api/src/payroll/payroll.controller.ts","538","PayrollController","getPayrollLeaveDeductions","GET","'payroll'","'reports/leave-deductions'","'payroll:reports:read'","","JwtAuthGuard, RolesPermissionsGuard, EntitlementGuard","","'module.payroll'","","","payrollService.getPayrollLeaveDeductionSummary","Decorator inventory only; downstream review in baseline report"
"apps/api/src/payroll/payroll.controller.ts","547","PayrollController","getPayrollGlReconciliation","GET","'payroll'","'reports/gl-reconciliation'","'payroll:reports:read'","","JwtAuthGuard, RolesPermissionsGuard, EntitlementGuard","","'module.payroll'","","","payrollService.getPayrollGlReconciliation","Decorator inventory only; downstream review in baseline report"
"apps/api/src/payroll/payroll.controller.ts","556","PayrollController","exportPayrollRegisterCsv","GET","'payroll'","'reports/register.csv'","'payroll:exports:create'","","JwtAuthGuard, RolesPermissionsGuard, EntitlementGuard","","'module.payroll'","","","payrollService.exportPayrollRegisterCsv","Decorator inventory only; downstream review in baseline report"
"apps/api/src/payroll/payroll.controller.ts","567","PayrollController","exportPayrollPfCsv","GET","'payroll'","'reports/pf/export.csv'","'payroll:exports:create'","","JwtAuthGuard, RolesPermissionsGuard, EntitlementGuard","","'module.payroll'","","","payrollService.exportPayrollPfCsv","Decorator inventory only; downstream review in baseline report"
"apps/api/src/payroll/payroll.controller.ts","578","PayrollController","exportPayrollTdsCsv","GET","'payroll'","'reports/tds/export.csv'","'payroll:exports:create'","","JwtAuthGuard, RolesPermissionsGuard, EntitlementGuard","","'module.payroll'","","","payrollService.exportPayrollTdsCsv","Decorator inventory only; downstream review in baseline report"
"apps/api/src/plans/me.controller.ts","15","MeController","getMyEntitlements","GET","'me'","'entitlements'","'settings:read_public'","","JwtAuthGuard, RolesPermissionsGuard","","","","'SCHOOL_PROFILE', 'STUDENT_RECORDS', 'ATTENDANCE', 'ACADEMICS', 'HOMEWORK_TIMETABLE', 'NOTICES_DELIVERY'","entitlementsService.getEntitlements","Decorator inventory only; downstream review in baseline report"
"apps/api/src/platform/platform.controller.ts","70","PlatformController","getDashboard","GET","'platform'","'dashboard'","'platform:dashboard:read'","","JwtAuthGuard, PlatformGuard","","","","","platformService.getDashboardSummary","Decorator inventory only; downstream review in baseline report"
"apps/api/src/platform/platform.controller.ts","78","PlatformController","listTenants","GET","'platform'","'tenants'","'platform:tenants:read'","","JwtAuthGuard, PlatformGuard","","","","","platformService.listTenants","Decorator inventory only; downstream review in baseline report"
"apps/api/src/platform/platform.controller.ts","84","PlatformController","listTenantsPage","GET","'platform'","'tenants/page'","'platform:tenants:read'","","JwtAuthGuard, PlatformGuard","","","","","platformService.listTenantsPage","Decorator inventory only; downstream review in baseline report"
"apps/api/src/platform/platform.controller.ts","92","PlatformController","getTenantDetail","GET","'platform'","'tenants/:tenantId'","'platform:tenants:read'","","JwtAuthGuard, PlatformGuard","","","","","platformService.getTenantDetail","Decorator inventory only; downstream review in baseline report"
"apps/api/src/platform/platform.controller.ts","106","PlatformController","updateTenantStatus","PATCH","'platform'","'tenants/:tenantId/status'","'platform:tenants:status'","","JwtAuthGuard, PlatformGuard","","","","","platformService.updateTenantStatus","Decorator inventory only; downstream review in baseline report"
"apps/api/src/platform/platform.controller.ts","126","PlatformController","getTenantUsage","GET","'platform'","'tenants/:tenantId/usage'","'platform:usage:read'","","JwtAuthGuard, PlatformGuard","","","","","platformService.getTenantUsage","Decorator inventory only; downstream review in baseline report"
"apps/api/src/platform/platform.controller.ts","134","PlatformController","listPlans","GET","'platform'","'plans'","'platform:plans:read'","","JwtAuthGuard, PlatformGuard","","","","","platformService.listPlans","Decorator inventory only; downstream review in baseline report"
"apps/api/src/platform/platform.controller.ts","140","PlatformController","createPlan","POST","'platform'","'plans'","'platform:plans:manage'","","JwtAuthGuard, PlatformGuard","","","","","platformService.createPlan","Decorator inventory only; downstream review in baseline report"
"apps/api/src/platform/platform.controller.ts","149","PlatformController","updatePlan","PATCH","'platform'","'plans/:planId'","'platform:plans:manage'","","JwtAuthGuard, PlatformGuard","","","","","platformService.updatePlan","Decorator inventory only; downstream review in baseline report"
"apps/api/src/platform/platform.controller.ts","159","PlatformController","assignSubscription","POST","'platform'","'tenants/:tenantId/subscriptions'","'platform:billing:manage'","","JwtAuthGuard, PlatformGuard","","","","","platformService.assignSubscription","Decorator inventory only; downstream review in baseline report"
"apps/api/src/platform/platform.controller.ts","173","PlatformController","updateSubscriptionStatus","PATCH","'platform'","'tenants/:tenantId/subscriptions/:subId'","'platform:billing:manage'","","JwtAuthGuard, PlatformGuard","","","","","platformService.updateSubscriptionStatus","Decorator inventory only; downstream review in baseline report"
"apps/api/src/platform/platform.controller.ts","189","PlatformController","setFeatureOverride","POST","'platform'","'tenants/:tenantId/feature-overrides'","'platform:subscriptions:manage'","","JwtAuthGuard, PlatformGuard","","","","","platformService.setFeatureOverride","Decorator inventory only; downstream review in baseline report"
"apps/api/src/platform/platform.controller.ts","203","PlatformController","checkEntitlement","GET","'platform'","'tenants/:tenantId/entitlements/:featureKey'","'platform:subscriptions:read'","","JwtAuthGuard, PlatformGuard","","","","","platformService.checkEntitlement","Decorator inventory only; downstream review in baseline report"
"apps/api/src/platform/platform.controller.ts","212","PlatformController","listUsageCounters","GET","'platform'","'tenants/:tenantId/usage-counters'","'platform:usage:read'","","JwtAuthGuard, PlatformGuard","","","","","platformService.listUsageCounters","Decorator inventory only; downstream review in baseline report"
"apps/api/src/platform/platform.controller.ts","218","PlatformController","incrementUsage","POST","'platform'","'tenants/:tenantId/usage-counters/increment'","'platform:subscriptions:manage'","","JwtAuthGuard, PlatformGuard","","","","","platformService.incrementUsage","Decorator inventory only; downstream review in baseline report"
"apps/api/src/platform/platform.controller.ts","232","PlatformController","getFeatureKeys","GET","'platform'","'feature-keys'","'platform:plans:read'","","JwtAuthGuard, PlatformGuard","","","","","platformService.getFeatureKeys","Decorator inventory only; downstream review in baseline report"
"apps/api/src/platform/platform.controller.ts","238","PlatformController","getUsageKeys","GET","'platform'","'usage-keys'","'platform:usage:read'","","JwtAuthGuard, PlatformGuard","","","","","platformService.getUsageKeys","Decorator inventory only; downstream review in baseline report"
"apps/api/src/platform/platform.controller.ts","244","PlatformController","getBillingProfile","GET","'platform'","'tenants/:tenantId/billing-profile'","'platform:billing:read'","","JwtAuthGuard, PlatformGuard","","","","","platformService.getBillingProfile","Decorator inventory only; downstream review in baseline report"
"apps/api/src/platform/platform.controller.ts","250","PlatformController","updateBillingProfile","PATCH","'platform'","'tenants/:tenantId/billing-profile'","'platform:billing:manage'","","JwtAuthGuard, PlatformGuard","","","","","platformService.updateBillingProfile","Decorator inventory only; downstream review in baseline report"
"apps/api/src/platform/platform.controller.ts","264","PlatformController","listSaaSInvoices","GET","'platform'","'tenants/:tenantId/saas-invoices'","'platform:billing:read'","","JwtAuthGuard, PlatformGuard","","","","","platformService.listSaaSInvoices","Decorator inventory only; downstream review in baseline report"
"apps/api/src/platform/platform.controller.ts","270","PlatformController","createSaaSInvoice","POST","'platform'","'tenants/:tenantId/saas-invoices'","'platform:billing:manage'","","JwtAuthGuard, PlatformGuard","","","","","platformService.createSaaSInvoice","Decorator inventory only; downstream review in baseline report"
"apps/api/src/platform/platform.controller.ts","284","PlatformController","recordSaaSPayment","POST","'platform'","'tenants/:tenantId/saas-invoices/:invoiceId/payments'","'platform:billing:manage'","","JwtAuthGuard, PlatformGuard","","","","","platformService.recordSaaSPayment","Decorator inventory only; downstream review in baseline report"
"apps/api/src/platform/platform.controller.ts","300","PlatformController","cancelSaaSInvoice","POST","'platform'","'tenants/:tenantId/saas-invoices/:invoiceId/cancel'","'platform:billing:manage'","","JwtAuthGuard, PlatformGuard","","","","","platformService.cancelSaaSInvoice","Decorator inventory only; downstream review in baseline report"
"apps/api/src/platform/platform.controller.ts","316","PlatformController","listApiKeys","GET","'platform'","'tenants/:tenantId/api-keys'","'platform:api-keys:read'","","JwtAuthGuard, PlatformGuard","","","","","platformApiKeysService.listApiKeys","Decorator inventory only; downstream review in baseline report"
"apps/api/src/platform/platform.controller.ts","322","PlatformController","createApiKey","POST","'platform'","'tenants/:tenantId/api-keys'","'platform:api-keys:manage'","","JwtAuthGuard, PlatformGuard","","","","","platformApiKeysService.createApiKey","Decorator inventory only; downstream review in baseline report"
"apps/api/src/platform/platform.controller.ts","336","PlatformController","revokeApiKey","POST","'platform'","'tenants/:tenantId/api-keys/:apiKeyId/revoke'","'platform:api-keys:manage'","","JwtAuthGuard, PlatformGuard","","","","","platformApiKeysService.revokeApiKey","Decorator inventory only; downstream review in baseline report"
"apps/api/src/platform/platform.controller.ts","352","PlatformController","listProviders","GET","'platform'","'providers'","'platform:providers:read'","","JwtAuthGuard, PlatformGuard","","","","","platformService.listProviders","Decorator inventory only; downstream review in baseline report"
"apps/api/src/platform/platform.controller.ts","358","PlatformController","getProvidersReadiness","GET","'platform'","'providers/readiness'","'platform:providers:read'","","JwtAuthGuard, PlatformGuard","","","","","platformService.getProvidersReadiness","Decorator inventory only; downstream review in baseline report"
"apps/api/src/platform/platform.controller.ts","364","PlatformController","upsertProvider","POST","'platform'","'providers'","'platform:providers:manage'","","JwtAuthGuard, PlatformGuard","","","","","platformService.upsertProvider","Decorator inventory only; downstream review in baseline report"
"apps/api/src/platform/platform.controller.ts","373","PlatformController","testProvider","POST","'platform'","'providers/:id/test'","'platform:providers:manage'","","JwtAuthGuard, PlatformGuard","","","","","platformService.testProviderConnection","Decorator inventory only; downstream review in baseline report"
"apps/api/src/platform/platform.controller.ts","385","PlatformController","getProviderReadiness","GET","'platform'","'providers/:id/readiness'","'platform:providers:read'","","JwtAuthGuard, PlatformGuard","","","","","platformService.getProviderReadinessDetail","Decorator inventory only; downstream review in baseline report"
"apps/api/src/platform/platform.controller.ts","391","PlatformController","updateProviderStatus","PATCH","'platform'","'providers/:id/status'","'platform:providers:manage'","","JwtAuthGuard, PlatformGuard","","","","","platformService.updateProviderStatus","Decorator inventory only; downstream review in baseline report"
"apps/api/src/platform/platform.controller.ts","406","PlatformController","listWebhookEndpoints","GET","'platform'","'webhook-endpoints'","'platform:providers:read'","","JwtAuthGuard, PlatformGuard","","","","","platformService.listWebhookEndpoints","Decorator inventory only; downstream review in baseline report"
"apps/api/src/platform/platform.controller.ts","412","PlatformController","createWebhookEndpoint","POST","'platform'","'webhook-endpoints'","'platform:providers:manage'","","JwtAuthGuard, PlatformGuard","","","","","platformService.createWebhookEndpoint","Decorator inventory only; downstream review in baseline report"
"apps/api/src/platform/platform.controller.ts","424","PlatformController","updateWebhookEndpoint","PATCH","'platform'","'webhook-endpoints/:id'","'platform:providers:manage'","","JwtAuthGuard, PlatformGuard","","","","","platformService.updateWebhookEndpoint","Decorator inventory only; downstream review in baseline report"
"apps/api/src/platform/platform.controller.ts","438","PlatformController","listWebhookDeliveries","GET","'platform'","'webhook-deliveries'","'platform:providers:read'","","JwtAuthGuard, PlatformGuard","","","","","platformService.listWebhookDeliveries","Decorator inventory only; downstream review in baseline report"
"apps/api/src/platform/platform.controller.ts","444","PlatformController","recordWebhookDelivery","POST","'platform'","'webhook-endpoints/:id/deliveries'","'platform:providers:manage'","","JwtAuthGuard, PlatformGuard","","","","","platformService.recordWebhookDelivery","Decorator inventory only; downstream review in baseline report"
"apps/api/src/platform/platform.controller.ts","458","PlatformController","getQueueHealth","GET","'platform'","'queues'","'platform:queues:read'","","JwtAuthGuard, PlatformGuard","","","","","platformQueuesService.getQueueHealth","Decorator inventory only; downstream review in baseline report"
"apps/api/src/platform/platform.controller.ts","464","PlatformController","listFailedJobs","GET","'platform'","'queues/failed-jobs'","'platform:queues:read'","","JwtAuthGuard, PlatformGuard","","","","","platformQueuesService.listFailedJobs","Decorator inventory only; downstream review in baseline report"
"apps/api/src/platform/platform.controller.ts","470","PlatformController","listFailedJobGroups","GET","'platform'","'queues/failed-job-groups'","'platform:queues:read'","","JwtAuthGuard, PlatformGuard","","","","","platformQueuesService.listFailedJobGroups","Decorator inventory only; downstream review in baseline report"
"apps/api/src/platform/platform.controller.ts","476","PlatformController","getJobDetail","GET","'platform'","'queues/:queueName/jobs/:jobId'","'platform:queues:read'","","JwtAuthGuard, PlatformGuard","","","","","platformQueuesService.getJobDetail","Decorator inventory only; downstream review in baseline report"
"apps/api/src/platform/platform.controller.ts","485","PlatformController","removeJob","DELETE","'platform'","'queues/:queueName/jobs/:jobId'","'platform:queues:manage'","","JwtAuthGuard, PlatformGuard","","","","","platformQueuesService.removeJob","Decorator inventory only; downstream review in baseline report"
"apps/api/src/platform/platform.controller.ts","501","PlatformController","retryFailedJob","POST","'platform'","'queues/retry'","'platform:queues:retry'","","JwtAuthGuard, PlatformGuard","","","","","platformQueuesService.retryFailedJob","Decorator inventory only; downstream review in baseline report"
"apps/api/src/platform/platform.controller.ts","513","PlatformController","getPlatformHealth","GET","'platform'","'health'","'platform:health:read'","","JwtAuthGuard, PlatformGuard","","","","","platformService.getPlatformHealth","Decorator inventory only; downstream review in baseline report"
"apps/api/src/platform/platform.controller.ts","519","PlatformController","listReportExports","GET","'platform'","'report-exports'","'platform:reports:read'","","JwtAuthGuard, PlatformGuard","","","","","platformReportExportsService.listReportExportsPage","Decorator inventory only; downstream review in baseline report"
"apps/api/src/platform/platform.controller.ts","541","PlatformController","getOnboarding","GET","'platform'","'tenants/:tenantId/onboarding'","'platform:onboarding:read'","","JwtAuthGuard, PlatformGuard","","","","","platformService.getOnboardingChecklist","Decorator inventory only; downstream review in baseline report"
"apps/api/src/platform/platform.controller.ts","549","PlatformController","setOnboardingOverride","POST","'platform'","'tenants/:tenantId/onboarding/override'","'platform:onboarding:manage'","","JwtAuthGuard, PlatformGuard","","","","","platformService.setOnboardingOverride","Decorator inventory only; downstream review in baseline report"
"apps/api/src/platform/platform.controller.ts","563","PlatformController","enterSupportOverride","POST","'platform'","'support/override/enter'","'platform:support:override'","","JwtAuthGuard, PlatformGuard","","","","","platformService.enterSupportOverride","Decorator inventory only; downstream review in baseline report"
"apps/api/src/platform/platform.controller.ts","578","PlatformController","exitSupportOverride","POST","'platform'","'support/override/exit'","'platform:support:override'","","JwtAuthGuard, PlatformGuard","","","","","platformService.exitSupportOverride","Decorator inventory only; downstream review in baseline report"
"apps/api/src/platform/platform.controller.ts","584","PlatformController","listAuditLogs","GET","'platform'","'audit-logs'","'platform:audit:read'","","JwtAuthGuard, PlatformGuard","","","","","platformService.listAuditLogs","Decorator inventory only; downstream review in baseline report"
"apps/api/src/platform/platform.controller.ts","611","PlatformController","listSecurityAuditLogs","GET","'platform'","'audit-logs/security'","'platform:audit:read'","","JwtAuthGuard, PlatformGuard","","","","","platformService.listSecurityAuditLogs","Decorator inventory only; downstream review in baseline report"
"apps/api/src/platform/platform.controller.ts","640","PlatformController","getSchoolBilling","GET","'platform'","'schools/:tenantId/billing'","'platform:billing:read'","","JwtAuthGuard, PlatformGuard","","","","","platformService.getTenantBillingDetail","Decorator inventory only; downstream review in baseline report"
"apps/api/src/platform/platform.controller.ts","646","PlatformController","getTenantBilling","GET","'platform'","'tenants/:tenantId/billing'","'platform:billing:read'","","JwtAuthGuard, PlatformGuard","","","","","platformService.getTenantBillingDetail","Decorator inventory only; downstream review in baseline report"
"apps/api/src/platform/platform.controller.ts","652","PlatformController","createSchoolInvoice","POST","'platform'","'schools/:tenantId/billing/invoices'","'platform:billing:manage'","","JwtAuthGuard, PlatformGuard","","","","","platformService.createSaaSInvoice","Decorator inventory only; downstream review in baseline report"
"apps/api/src/platform/platform.controller.ts","666","PlatformController","issueInvoice","POST","'platform'","'billing/invoices/:invoiceId/issue'","'platform:billing:manage'","","JwtAuthGuard, PlatformGuard","","","","","platformService.issueSaaSInvoice","Decorator inventory only; downstream review in baseline report"
"apps/api/src/platform/platform.controller.ts","678","PlatformController","recordPaymentDirect","POST","'platform'","'billing/invoices/:invoiceId/payments'","'platform:billing:manage'","","JwtAuthGuard, PlatformGuard","","","","","platformService.recordSaaSPaymentDirect","Decorator inventory only; downstream review in baseline report"
"apps/api/src/platform/platform.controller.ts","692","PlatformController","markOverdue","POST","'platform'","'billing/invoices/:invoiceId/mark-overdue'","'platform:billing:manage'","","JwtAuthGuard, PlatformGuard","","","","","platformService.markInvoiceOverdue","Decorator inventory only; downstream review in baseline report"
"apps/api/src/platform/platform.controller.ts","704","PlatformController","cancelInvoiceDirect","POST","'platform'","'billing/invoices/:invoiceId/cancel'","'platform:billing:manage'","","JwtAuthGuard, PlatformGuard","","","","","platformService.cancelSaaSInvoiceDirect","Decorator inventory only; downstream review in baseline report"
"apps/api/src/platform/platform.controller.ts","718","PlatformController","suspendSchoolForBilling","POST","'platform'","'schools/:tenantId/suspend-for-billing'","'platform:tenants:status'","","JwtAuthGuard, PlatformGuard","","","","","platformService.suspendTenantForBilling","Decorator inventory only; downstream review in baseline report"
"apps/api/src/platform/platform.controller.ts","732","PlatformController","reactivateSchoolAfterPayment","POST","'platform'","'schools/:tenantId/reactivate-after-payment'","'platform:tenants:status'","","JwtAuthGuard, PlatformGuard","","","","","platformService.reactivateTenantAfterPayment","Decorator inventory only; downstream review in baseline report"
"apps/api/src/platform/platform.controller.ts","746","PlatformController","getGlobalUsage","GET","'platform'","'usage'","'platform:usage:read'","","JwtAuthGuard, PlatformGuard","","","","","platformService.getGlobalUsageStats","Decorator inventory only; downstream review in baseline report"
"apps/api/src/platform/platform.controller.ts","752","PlatformController","getSchoolUsage","GET","'platform'","'schools/:tenantId/usage'","'platform:usage:read'","","JwtAuthGuard, PlatformGuard","","","","","platformService.getTenantUsage","Decorator inventory only; downstream review in baseline report"
"apps/api/src/platform/platform.controller.ts","758","PlatformController","getSchoolAudit","GET","'platform'","'schools/:tenantId/audit'","'platform:audit:read'","","JwtAuthGuard, PlatformGuard","","","","","platformService.listAuditLogs","Decorator inventory only; downstream review in baseline report"
"apps/api/src/platform/platform.controller.ts","768","PlatformController","exportAuditLogs","GET","'platform'","'audit/export'","'platform:audit:read'","","JwtAuthGuard, PlatformGuard","","","","","platformService.exportAuditLogsCsv","Decorator inventory only; downstream review in baseline report"
"apps/api/src/reports/reports.controller.ts","28","ReportsController","listReports","GET","'reports'","","'reports:read'","","JwtAuthGuard, RolesPermissionsGuard, EntitlementGuard","","'module.reports'","","","reportsService.listReports","Decorator inventory only; downstream review in baseline report"
"apps/api/src/reports/reports.controller.ts","34","ReportsController","financialCatalog","GET","'reports'","'financial-catalog'","'reports:read'","","JwtAuthGuard, RolesPermissionsGuard, EntitlementGuard","","'module.reports'","","","reportsService.listFinancialReportCatalog","Decorator inventory only; downstream review in baseline report"
"apps/api/src/reports/reports.controller.ts","40","ReportsController","exportReport","POST","'reports'","':reportKey/export'","'reports:export'","","JwtAuthGuard, RolesPermissionsGuard, EntitlementGuard","","'module.reports'","","","reportsService.exportReport","Decorator inventory only; downstream review in baseline report"
"apps/api/src/reports/reports.controller.ts","97","ReportsController","getExportHistory","GET","'reports'","'export-history'","'reports:read'","","JwtAuthGuard, RolesPermissionsGuard, EntitlementGuard","","'module.reports'","","","reportsService.getExportHistory","Decorator inventory only; downstream review in baseline report"
"apps/api/src/reports/reports.controller.ts","107","ReportsController","retryExportHistory","POST","'reports'","'export-history/:id/retry'","'reports:export'","","JwtAuthGuard, RolesPermissionsGuard, EntitlementGuard","","'module.reports'","","","reportsService.retryExport","Decorator inventory only; downstream review in baseline report"
"apps/api/src/reports/reports.controller.ts","116","ReportsController","downloadExportHistory","GET","'reports'","'export-history/:id/download'","'reports:export'","","JwtAuthGuard, RolesPermissionsGuard, EntitlementGuard","","'module.reports'","","","reportsService.downloadExportSnapshot","Decorator inventory only; downstream review in baseline report"
"apps/api/src/roles/roles.controller.ts","19","RolesController","listRoles","GET","'roles'","","'roles:read'","","JwtAuthGuard, TenantActiveGuard, RolesPermissionsGuard","","","","","rolesService.listRoles","Decorator inventory only; downstream review in baseline report"
"apps/api/src/roles/roles.controller.ts","25","RolesController","listPermissions","GET","'roles'","'permissions'","'roles:read'","","JwtAuthGuard, TenantActiveGuard, RolesPermissionsGuard","","","","","rolesService.listPermissions","Decorator inventory only; downstream review in baseline report"
"apps/api/src/roles/roles.controller.ts","31","RolesController","createRole","POST","'roles'","","'roles:create'","","JwtAuthGuard, TenantActiveGuard, RolesPermissionsGuard","","","","","rolesService.createRole","Decorator inventory only; downstream review in baseline report"
"apps/api/src/roles/roles.controller.ts","37","RolesController","assignRoles","POST","'roles'","'assign'","'roles:assign'","","JwtAuthGuard, TenantActiveGuard, RolesPermissionsGuard","","","","","rolesService.assignRoles","Decorator inventory only; downstream review in baseline report"
"apps/api/src/roles/roles.controller.ts","43","RolesController","previewFinancePermissionReconciliation","GET","'roles'","'finance-reconciliation'","'roles:manage_permissions'","","JwtAuthGuard, TenantActiveGuard, RolesPermissionsGuard","","","","","rolesService.previewFinancePermissionReconciliation","Decorator inventory only; downstream review in baseline report"
"apps/api/src/roles/roles.controller.ts","49","RolesController","reconcileFinancePermissions","POST","'roles'","'finance-reconciliation/apply'","'roles:manage_permissions'","","JwtAuthGuard, TenantActiveGuard, RolesPermissionsGuard","","","","","rolesService.reconcileFinancePermissions","Decorator inventory only; downstream review in baseline report"
"apps/api/src/roles/roles.controller.ts","58","RolesController","assignPermissions","POST","'roles'","':id/permissions'","'roles:manage_permissions'","","JwtAuthGuard, TenantActiveGuard, RolesPermissionsGuard","","","","","rolesService.assignPermissions","Decorator inventory only; downstream review in baseline report"
"apps/api/src/sections/sections.controller.ts","30","SectionsController","listSections","GET","'sections'","","'sections:read'","","JwtAuthGuard, RolesPermissionsGuard, EntitlementGuard","","'module.students'","","'SCHOOL_PROFILE', 'STUDENT_RECORDS', 'ATTENDANCE', 'ACADEMICS', 'HOMEWORK_TIMETABLE'","sectionsService.listSections","Decorator inventory only; downstream review in baseline report"
"apps/api/src/sections/sections.controller.ts","43","SectionsController","createSection","POST","'sections'","","'sections:create'","","JwtAuthGuard, RolesPermissionsGuard, EntitlementGuard","","'module.students'","","","sectionsService.createSection","Decorator inventory only; downstream review in baseline report"
"apps/api/src/sections/sections.controller.ts","52","SectionsController","assignClassTeacher","PUT","'sections'","':sectionId/class-teacher'","'academics:update'","","JwtAuthGuard, RolesPermissionsGuard, EntitlementGuard","","'module.students'","","","sectionsService.assignClassTeacher","Decorator inventory only; downstream review in baseline report"
"apps/api/src/sections/sections.controller.ts","62","SectionsController","removeClassTeacher","DELETE","'sections'","':sectionId/class-teacher'","'academics:update'","","JwtAuthGuard, RolesPermissionsGuard, EntitlementGuard","","'module.students'","","","sectionsService.removeClassTeacher","Decorator inventory only; downstream review in baseline report"
"apps/api/src/service-requests/service-requests.controller.ts","44","ServiceRequestsController","list","GET","'service-requests'","","'service_requests:read'","","JwtAuthGuard, TenantActiveGuard, RolesPermissionsGuard, EntitlementGuard","","","'Cross-module structured parent/school requests (P0-11); RBAC via service_requests permissions'","","service.listManagerRequests","Decorator inventory only; downstream review in baseline report"
"apps/api/src/service-requests/service-requests.controller.ts","53","ServiceRequestsController","detail","GET","'service-requests'","':id'","'service_requests:read'","","JwtAuthGuard, TenantActiveGuard, RolesPermissionsGuard, EntitlementGuard","","","'Cross-module structured parent/school requests (P0-11); RBAC via service_requests permissions'","","service.getManagerRequest","Decorator inventory only; downstream review in baseline report"
"apps/api/src/service-requests/service-requests.controller.ts","59","ServiceRequestsController","triage","PATCH","'service-requests'","':id/triage'","'service_requests:manage'","","JwtAuthGuard, TenantActiveGuard, RolesPermissionsGuard, EntitlementGuard","","","'Cross-module structured parent/school requests (P0-11); RBAC via service_requests permissions'","","service.triageRequest","Decorator inventory only; downstream review in baseline report"
"apps/api/src/service-requests/service-requests.controller.ts","69","ServiceRequestsController","addNote","POST","'service-requests'","':id/notes'","'service_requests:manage'","","JwtAuthGuard, TenantActiveGuard, RolesPermissionsGuard, EntitlementGuard","","","'Cross-module structured parent/school requests (P0-11); RBAC via service_requests permissions'","","service.addManagerNote","Decorator inventory only; downstream review in baseline report"
"apps/api/src/service-requests/service-requests.controller.ts","79","ServiceRequestsController","resolve","POST","'service-requests'","':id/resolve'","'service_requests:manage'","","JwtAuthGuard, TenantActiveGuard, RolesPermissionsGuard, EntitlementGuard","","","'Cross-module structured parent/school requests (P0-11); RBAC via service_requests permissions'","","service.resolveRequest","Decorator inventory only; downstream review in baseline report"
"apps/api/src/service-requests/service-requests.controller.ts","89","ServiceRequestsController","escalate","POST","'service-requests'","':id/escalate'","'service_requests:manage'","","JwtAuthGuard, TenantActiveGuard, RolesPermissionsGuard, EntitlementGuard","","","'Cross-module structured parent/school requests (P0-11); RBAC via service_requests permissions'","","service.escalateRequest","Decorator inventory only; downstream review in baseline report"
"apps/api/src/service-requests/service-requests.controller.ts","99","ServiceRequestsController","downloadAttachment","GET","'service-requests'","':id/attachments/:attachmentId'","'service_requests:read'","","JwtAuthGuard, TenantActiveGuard, RolesPermissionsGuard, EntitlementGuard","","","'Cross-module structured parent/school requests (P0-11); RBAC via service_requests permissions'","","service.downloadAttachment","Decorator inventory only; downstream review in baseline report"
"apps/api/src/settings/school-settings-workspace.controller.ts","44","SchoolSettingsWorkspaceController","getNavigation","GET","'settings/workspaces'","'navigation'","'settings:read_public'","","JwtAuthGuard, TenantActiveGuard, RolesPermissionsGuard","","","","","navigationService.getNavigation","Decorator inventory only; downstream review in baseline report"
"apps/api/src/settings/school-settings-workspace.controller.ts","59","SchoolSettingsWorkspaceController","getOverview","GET","'settings/workspaces'","'overview'","'settings:read'","","JwtAuthGuard, TenantActiveGuard, RolesPermissionsGuard","","","","","settingsService.getSettings; navigationService.getNavigation; academicCalendarService.getCalendar; settingsService.getTenantName; settingsService.listRecentSettingChanges","Decorator inventory only; downstream review in baseline report"
"apps/api/src/settings/school-settings-workspace.controller.ts","142","SchoolSettingsWorkspaceController","getIntegrations","GET","'settings/workspaces'","'integrations'","'settings:read'","","JwtAuthGuard, TenantActiveGuard, RolesPermissionsGuard","","","","","integrationsService.getIntegrationsStatus","Decorator inventory only; downstream review in baseline report"
"apps/api/src/settings/school-settings-workspace.controller.ts","149","SchoolSettingsWorkspaceController","getSchoolProfile","GET","'settings/workspaces'","'school-profile'","'settings:read_public'","","JwtAuthGuard, TenantActiveGuard, RolesPermissionsGuard","","","","'SCHOOL_PROFILE'","profileService.getProfile","Decorator inventory only; downstream review in baseline report"
"apps/api/src/settings/school-settings-workspace.controller.ts","164","SchoolSettingsWorkspaceController","updateSchoolProfile","PATCH","'settings/workspaces'","'school-profile'","'settings:identity:manage'","","JwtAuthGuard, TenantActiveGuard, RolesPermissionsGuard","","","","","profileService.updateProfile","Decorator inventory only; downstream review in baseline report"
"apps/api/src/settings/school-settings-workspace.controller.ts","173","SchoolSettingsWorkspaceController","getBrandingDocuments","GET","'settings/workspaces'","'branding-documents'","'settings:identity:manage'","","JwtAuthGuard, TenantActiveGuard, RolesPermissionsGuard","","","","","brandingService.getBranding","Decorator inventory only; downstream review in baseline report"
"apps/api/src/settings/school-settings-workspace.controller.ts","179","SchoolSettingsWorkspaceController","updateBrandingDocuments","PATCH","'settings/workspaces'","'branding-documents'","'settings:identity:manage'","","JwtAuthGuard, TenantActiveGuard, RolesPermissionsGuard","","","","","brandingService.updateBranding","Decorator inventory only; downstream review in baseline report"
"apps/api/src/settings/school-settings-workspace.controller.ts","188","SchoolSettingsWorkspaceController","getAcademicCalendar","GET","'settings/workspaces'","'academic-calendar'","'settings:academic:manage'","","JwtAuthGuard, TenantActiveGuard, RolesPermissionsGuard","","","","","academicCalendarService.getCalendar","Decorator inventory only; downstream review in baseline report"
"apps/api/src/settings/school-settings-workspace.controller.ts","200","SchoolSettingsWorkspaceController","createAcademicCalendarYear","POST","'settings/workspaces'","'academic-calendar/academic-years'","'settings:academic:manage'","","JwtAuthGuard, TenantActiveGuard, RolesPermissionsGuard","","","","","academicCalendarService.createAcademicYear","Decorator inventory only; downstream review in baseline report"
"apps/api/src/settings/school-settings-workspace.controller.ts","213","SchoolSettingsWorkspaceController","setCurrentAcademicCalendarYear","POST","'settings/workspaces'","'academic-calendar/academic-years/:academicYearId/set-current'","'settings:academic:manage'","","JwtAuthGuard, TenantActiveGuard, RolesPermissionsGuard","","","","","academicCalendarService.setCurrentAcademicYear","Decorator inventory only; downstream review in baseline report"
"apps/api/src/settings/school-settings-workspace.controller.ts","226","SchoolSettingsWorkspaceController","upsertAcademicCalendarDay","POST","'settings/workspaces'","'academic-calendar/days'","'settings:academic:manage'","","JwtAuthGuard, TenantActiveGuard, RolesPermissionsGuard","","","","","academicCalendarService.upsertCalendarDay","Decorator inventory only; downstream review in baseline report"
"apps/api/src/settings/settings-domain.controller.ts","28","SettingsDomainController","updateDomain","PATCH","'settings/domains'","':domain'","'settings:read'","","JwtAuthGuard, TenantActiveGuard, RolesPermissionsGuard, EntitlementGuard","","","'Institutional settings span core domains; exact per-domain write authority is enforced for every setting key'","","domainMutationService.updateDomain","Decorator inventory only; downstream review in baseline report"
"apps/api/src/settings/settings.controller.ts","40","SettingsController","getSettings","GET","'settings'","","'settings:read'","","JwtAuthGuard, TenantActiveGuard, RolesPermissionsGuard","","","","","settingsService.getSettings","Decorator inventory only; downstream review in baseline report"
"apps/api/src/settings/settings.controller.ts","52","SettingsController","getPublicSettings","GET","'settings'","'public'","'settings:read_public'","","JwtAuthGuard, TenantActiveGuard, RolesPermissionsGuard","","","","","settingsService.getPublicSettings","Decorator inventory only; downstream review in baseline report"
"apps/api/src/settings/settings.controller.ts","63","SettingsController","getOnboarding","GET","'settings'","'onboarding'","'settings:read'","","JwtAuthGuard, TenantActiveGuard, RolesPermissionsGuard","","","","","platformService.getOnboardingChecklist","Decorator inventory only; downstream review in baseline report"
"apps/api/src/settings/settings.controller.ts","73","SettingsController","listTenantAuditLogs","GET","'settings'","'audit-logs'","'settings:audit:read'","","JwtAuthGuard, TenantActiveGuard, RolesPermissionsGuard","","","","","settingsService.listTenantAuditLogs","Decorator inventory only; downstream review in baseline report"
"apps/api/src/settings/settings.controller.ts","102","SettingsController","uploadSchoolLogo","POST","'settings'","'branding/logo'","'settings:identity:manage'","","JwtAuthGuard, TenantActiveGuard, RolesPermissionsGuard","","","","","settingsService.uploadSchoolLogo","Decorator inventory only; downstream review in baseline report"
"apps/api/src/settings/settings.controller.ts","111","SettingsController","previewSchoolLogo","GET","'settings'","'branding/logo/preview'","'settings:read'","","JwtAuthGuard, TenantActiveGuard, RolesPermissionsGuard","","","","","settingsService.getSchoolLogoAccess","Decorator inventory only; downstream review in baseline report"
"apps/api/src/settings/settings.controller.ts","118","SettingsController","downloadSchoolLogo","GET","'settings'","'branding/logo/download'","'settings:read'","","JwtAuthGuard, TenantActiveGuard, RolesPermissionsGuard","","","","","settingsService.getSchoolLogoAccess","Decorator inventory only; downstream review in baseline report"
"apps/api/src/settings/settings.controller.ts","125","SettingsController","removeSchoolLogo","DELETE","'settings'","'branding/logo'","'settings:identity:manage'","","JwtAuthGuard, TenantActiveGuard, RolesPermissionsGuard","","","","","settingsService.removeSchoolLogo","Decorator inventory only; downstream review in baseline report"
"apps/api/src/settings/settings.controller.ts","131","SettingsController","updateSetting","PATCH","'settings'","':key'","","","JwtAuthGuard, TenantActiveGuard, RolesPermissionsGuard","","","","","settingsService.updateSetting","Decorator inventory only; downstream review in baseline report"
"apps/api/src/staff/hr-staff.controller.ts","49","HrStaffController","processAccruals","POST","'hr/staff'","'accruals/process'","'hr:manage'","","JwtAuthGuard, RolesPermissionsGuard, EntitlementGuard","","'module.hr'","","","accrualService.processMonthlyAccruals","Decorator inventory only; downstream review in baseline report"
"apps/api/src/staff/hr-staff.controller.ts","63","HrStaffController","listStaff","GET","'hr/staff'","","'hr:staff:read'","","JwtAuthGuard, RolesPermissionsGuard, EntitlementGuard","","'module.hr'","","","staffService.listStaff","Decorator inventory only; downstream review in baseline report"
"apps/api/src/staff/hr-staff.controller.ts","69","HrStaffController","listStaffDirectory","GET","'hr/staff'","'directory'","'hr:staff:read'","","JwtAuthGuard, RolesPermissionsGuard, EntitlementGuard","","'module.hr'","","","staffService.listStaffDirectory","Decorator inventory only; downstream review in baseline report"
"apps/api/src/staff/hr-staff.controller.ts","78","HrStaffController","createStaff","POST","'hr/staff'","","'hr:staff:create'","","JwtAuthGuard, RolesPermissionsGuard, EntitlementGuard","","'module.hr'","","","staffService.createStaff","Decorator inventory only; downstream review in baseline report"
"apps/api/src/staff/hr-staff.controller.ts","84","HrStaffController","listContractExpiryReminders","GET","'hr/staff'","'contract-expiry/reminders'","'hr:staff:read'","","JwtAuthGuard, RolesPermissionsGuard, EntitlementGuard","","'module.hr'","","","staffService.listContractExpiryReminders","Decorator inventory only; downstream review in baseline report"
"apps/api/src/staff/hr-staff.controller.ts","93","HrStaffController","getStaffDetail","GET","'hr/staff'","':staffId'","'hr:staff:read'","","JwtAuthGuard, RolesPermissionsGuard, EntitlementGuard","","'module.hr'","","","staffService.getStaffDetail","Decorator inventory only; downstream review in baseline report"
"apps/api/src/staff/hr-staff.controller.ts","102","HrStaffController","getStaffTimeline","GET","'hr/staff'","':staffId/timeline'","'hr:staff:read'","","JwtAuthGuard, RolesPermissionsGuard, EntitlementGuard","","'module.hr'","","","staffService.getStaffTimeline","Decorator inventory only; downstream review in baseline report"
"apps/api/src/staff/hr-staff.controller.ts","111","HrStaffController","createLeaveRequest","POST","'hr/staff'","':staffId/leave-requests'","'hr:leave:request'","","JwtAuthGuard, RolesPermissionsGuard, EntitlementGuard","","'module.hr'","","","staffService.createLeaveRequest","Decorator inventory only; downstream review in baseline report"
"apps/api/src/staff/hr-staff.controller.ts","121","HrStaffController","reviewLeaveRequest","POST","'hr/staff'","'leave-requests/:leaveRequestId/review'","'hr:leave:approve'","","JwtAuthGuard, RolesPermissionsGuard, EntitlementGuard","","'module.hr'","","","staffService.reviewLeaveRequest","Decorator inventory only; downstream review in baseline report"
"apps/api/src/staff/hr-staff.controller.ts","131","HrStaffController","recordAttendance","POST","'hr/staff'","':staffId/attendance'","'hr:attendance:write'","","JwtAuthGuard, RolesPermissionsGuard, EntitlementGuard","","'module.hr'","","","staffService.recordStaffAttendance","Decorator inventory only; downstream review in baseline report"
"apps/api/src/staff/hr-staff.controller.ts","141","HrStaffController","updateStaff","PATCH","'hr/staff'","':staffId'","'hr:staff:update'","","JwtAuthGuard, RolesPermissionsGuard, EntitlementGuard","","'module.hr'","","","staffService.updateStaff","Decorator inventory only; downstream review in baseline report"
"apps/api/src/staff/hr-staff.controller.ts","151","HrStaffController","archiveStaff","POST","'hr/staff'","':staffId/archive'","'hr:staff:archive'","","JwtAuthGuard, RolesPermissionsGuard, EntitlementGuard","","'module.hr'","","","staffService.transitionStaffStatus","Decorator inventory only; downstream review in baseline report"
"apps/api/src/staff/hr-staff.controller.ts","168","HrStaffController","transitionStaff","POST","'hr/staff'","':staffId/lifecycle'","'hr:staff:lifecycle'","","JwtAuthGuard, RolesPermissionsGuard, EntitlementGuard","","'module.hr'","","","staffService.transitionStaffStatus","Decorator inventory only; downstream review in baseline report"
"apps/api/src/staff/hr-staff.controller.ts","178","HrStaffController","terminateStaff","POST","'hr/staff'","':staffId/terminate'","'hr:staff:terminate'","","JwtAuthGuard, RolesPermissionsGuard, EntitlementGuard","","'module.hr'","","","staffService.terminateStaff","Decorator inventory only; downstream review in baseline report"
"apps/api/src/staff/hr-staff.controller.ts","188","HrStaffController","listDocuments","GET","'hr/staff'","':staffId/documents'","'hr:staff:read'","","JwtAuthGuard, RolesPermissionsGuard, EntitlementGuard","","'module.hr'","","","documentService.listDocuments","Decorator inventory only; downstream review in baseline report"
"apps/api/src/staff/hr-staff.controller.ts","199","HrStaffController","addDocument","POST","'hr/staff'","':staffId/documents'","'hr:staff:update'","","JwtAuthGuard, RolesPermissionsGuard, EntitlementGuard","","'module.hr'","","","documentService.addDocument","Decorator inventory only; downstream review in baseline report"
"apps/api/src/staff/hr-staff.controller.ts","209","HrStaffController","verifyDocument","POST","'hr/staff'","':staffId/documents/:documentId/verify'","'hr:staff:update'","","JwtAuthGuard, RolesPermissionsGuard, EntitlementGuard","","'module.hr'","","","documentService.verifyDocument","Decorator inventory only; downstream review in baseline report"
"apps/api/src/staff/hr-staff.controller.ts","223","HrStaffController","getHistory","GET","'hr/staff'","':staffId/history'","'hr:staff:read'","","JwtAuthGuard, RolesPermissionsGuard, EntitlementGuard","","'module.hr'","","","lifecycleService.getStaffHistory","Decorator inventory only; downstream review in baseline report"
"apps/api/src/staff/staff.controller.ts","40","StaffController","listStaff","GET","'staff'","","'staff:read'","","JwtAuthGuard, RolesPermissionsGuard, EntitlementGuard","","'module.hr'","","","staffService.listStaff","Decorator inventory only; downstream review in baseline report"
"apps/api/src/staff/staff.controller.ts","46","StaffController","listStaffDirectory","GET","'staff'","'directory'","'staff:read'","","JwtAuthGuard, RolesPermissionsGuard, EntitlementGuard","","'module.hr'","","","staffService.listStaffDirectory","Decorator inventory only; downstream review in baseline report"
"apps/api/src/staff/staff.controller.ts","55","StaffController","listStaffOptions","GET","'staff'","'options'","'staff:read'","","JwtAuthGuard, RolesPermissionsGuard, EntitlementGuard","","'module.hr'","","","staffService.listStaffOptions","Decorator inventory only; downstream review in baseline report"
"apps/api/src/staff/staff.controller.ts","68","StaffController","getMe","GET","'staff'","'me'","'staff:read'","","JwtAuthGuard, RolesPermissionsGuard, EntitlementGuard","","'module.hr'","","","staffService.getStaffProfile","Decorator inventory only; downstream review in baseline report"
"apps/api/src/staff/staff.controller.ts","74","StaffController","getMyTimeline","GET","'staff'","'me/timeline'","'staff:read'","","JwtAuthGuard, RolesPermissionsGuard, EntitlementGuard","","'module.hr'","","","staffService.getMyStaffTimeline","Decorator inventory only; downstream review in baseline report"
"apps/api/src/staff/staff.controller.ts","80","StaffController","createMyLeaveRequest","POST","'staff'","'me/leave-requests'","'hr:leave:request'","","JwtAuthGuard, RolesPermissionsGuard, EntitlementGuard","","'module.hr'","","","staffService.createMyLeaveRequest","Decorator inventory only; downstream review in baseline report"
"apps/api/src/staff/staff.controller.ts","89","StaffController","recordMyAttendance","POST","'staff'","'me/attendance'","'hr:attendance:write'","","JwtAuthGuard, RolesPermissionsGuard, EntitlementGuard","","'module.hr'","","","staffService.recordMyAttendance","Decorator inventory only; downstream review in baseline report"
"apps/api/src/staff/staff.controller.ts","98","StaffController","getStaffDetail","GET","'staff'","':id'","'staff:read'","","JwtAuthGuard, RolesPermissionsGuard, EntitlementGuard","","'module.hr'","","","staffService.getStaffDetail","Decorator inventory only; downstream review in baseline report"
"apps/api/src/staff/staff.controller.ts","104","StaffController","createStaff","POST","'staff'","","'staff:create'","","JwtAuthGuard, RolesPermissionsGuard, EntitlementGuard","","'module.hr'","","","staffService.createStaff","Decorator inventory only; downstream review in baseline report"
"apps/api/src/staff/staff.controller.ts","110","StaffController","updateStaff","PATCH","'staff'","':id'","'staff:update'","","JwtAuthGuard, RolesPermissionsGuard, EntitlementGuard","","'module.hr'","","","staffService.updateStaff","Decorator inventory only; downstream review in baseline report"
"apps/api/src/staff/staff.controller.ts","120","StaffController","archiveStaff","POST","'staff'","':id/archive'","'staff:update'","","JwtAuthGuard, RolesPermissionsGuard, EntitlementGuard","","'module.hr'","","","staffService.transitionStaffStatus","Decorator inventory only; downstream review in baseline report"
"apps/api/src/staff/staff.controller.ts","134","StaffController","terminateStaff","POST","'staff'","':id/terminate'","'staff:update'","","JwtAuthGuard, RolesPermissionsGuard, EntitlementGuard","","'module.hr'","","","staffService.transitionStaffStatus","Decorator inventory only; downstream review in baseline report"
"apps/api/src/student-records/siblings.controller.ts","18","SiblingsController","listSiblingGroups","GET","'siblings'","","'students:read'","","JwtAuthGuard, RolesPermissionsGuard, EntitlementGuard","","'module.students'","","","studentRecordsService.listSiblingGroups","Decorator inventory only; downstream review in baseline report"
"apps/api/src/student-records/siblings.controller.ts","24","SiblingsController","createSiblingGroup","POST","'siblings'","","'siblings:manage'","","JwtAuthGuard, RolesPermissionsGuard, EntitlementGuard","","'module.students'","","","studentRecordsService.createSiblingGroup","Decorator inventory only; downstream review in baseline report"
"apps/api/src/student-records/student-documents.controller.ts","31","StudentDocumentsController","listDocuments","GET","'student-documents'","","'students:read'","","JwtAuthGuard, RolesPermissionsGuard, EntitlementGuard","","'module.students'","","","studentRecordsService.listDocuments","Decorator inventory only; downstream review in baseline report"
"apps/api/src/student-records/student-documents.controller.ts","40","StudentDocumentsController","listDocumentHistory","GET","'student-documents'","'history'","'students:read'","","JwtAuthGuard, RolesPermissionsGuard, EntitlementGuard","","'module.students'","","","studentRecordsService.listDocumentHistory","Decorator inventory only; downstream review in baseline report"
"apps/api/src/student-records/student-documents.controller.ts","49","StudentDocumentsController","uploadDocument","POST","'student-documents'","","'student_documents:manage'","","JwtAuthGuard, RolesPermissionsGuard, EntitlementGuard","","'module.students'","","","studentRecordsService.uploadDocument","Decorator inventory only; downstream review in baseline report"
"apps/api/src/student-records/student-documents.controller.ts","58","StudentDocumentsController","getExpiringDocuments","GET","'student-documents'","'expiring'","'students:read'","","JwtAuthGuard, RolesPermissionsGuard, EntitlementGuard","","'module.students'","","","studentRecordsService.getExpiringDocuments","Decorator inventory only; downstream review in baseline report"
"apps/api/src/student-records/student-documents.controller.ts","73","StudentDocumentsController","previewDocument","GET","'student-documents'","':id/preview'","'students:read'","","JwtAuthGuard, RolesPermissionsGuard, EntitlementGuard","","'module.students'","","","studentRecordsService.getSignedUrl","Decorator inventory only; downstream review in baseline report"
"apps/api/src/student-records/student-documents.controller.ts","82","StudentDocumentsController","downloadDocument","GET","'student-documents'","':id/download'","'students:read'","","JwtAuthGuard, RolesPermissionsGuard, EntitlementGuard","","'module.students'","","","studentRecordsService.getSignedUrl","Decorator inventory only; downstream review in baseline report"
"apps/api/src/student-records/student-documents.controller.ts","91","StudentDocumentsController","deleteDocument","DELETE","'student-documents'","':id'","'student_documents:manage'","","JwtAuthGuard, RolesPermissionsGuard, EntitlementGuard","","'module.students'","","","studentRecordsService.deleteDocument","Decorator inventory only; downstream review in baseline report"
"apps/api/src/student-records/student-documents.controller.ts","105","StudentDocumentsController","archiveDocument","POST","'student-documents'","':id/archive'","'student_documents:manage'","","JwtAuthGuard, RolesPermissionsGuard, EntitlementGuard","","'module.students'","","","studentRecordsService.archiveDocument","Decorator inventory only; downstream review in baseline report"
"apps/api/src/student-records/student-documents.controller.ts","119","StudentDocumentsController","verifyDocument","POST","'student-documents'","':id/verify'","'student_documents:manage'","","JwtAuthGuard, RolesPermissionsGuard, EntitlementGuard","","'module.students'","","","studentRecordsService.verifyDocument","Decorator inventory only; downstream review in baseline report"
"apps/api/src/students/student-document-access.controller.ts","19","StudentDocumentAccessController","getDocumentPreviewUrl","GET","'students'","':studentId/documents/:documentId/preview-url'","'students:read', 'student_documents:manage'","","JwtAuthGuard, RolesPermissionsGuard, EntitlementGuard","","'module.students'","","","studentDocumentAccessService.getDocumentAccessUrl","Decorator inventory only; downstream review in baseline report"
"apps/api/src/students/student-document-access.controller.ts","34","StudentDocumentAccessController","getDocumentDownloadUrl","GET","'students'","':studentId/documents/:documentId/download-url'","'students:read', 'student_documents:manage'","","JwtAuthGuard, RolesPermissionsGuard, EntitlementGuard","","'module.students'","","","studentDocumentAccessService.getDocumentAccessUrl","Decorator inventory only; downstream review in baseline report"
"apps/api/src/students/student-photo.controller.ts","27","StudentPhotoController","uploadStudentPhoto","POST","'students'","':id/photo'","'students:update'","","JwtAuthGuard, RolesPermissionsGuard, EntitlementGuard","","'module.students'","","","studentPhotoService.uploadPhoto","Decorator inventory only; downstream review in baseline report"
"apps/api/src/students/student-photo.controller.ts","37","StudentPhotoController","getStudentPhotoContent","GET","'students'","':id/photo/content'","'students:read'","","JwtAuthGuard, RolesPermissionsGuard, EntitlementGuard","","'module.students'","","","studentPhotoService.getPhotoContent","Decorator inventory only; downstream review in baseline report"
"apps/api/src/students/student-photo.controller.ts","53","StudentPhotoController","getStudentPhotoPreview","GET","'students'","':id/photo/preview'","'students:read'","","JwtAuthGuard, RolesPermissionsGuard, EntitlementGuard","","'module.students'","","","studentPhotoService.getPhotoAccess","Decorator inventory only; downstream review in baseline report"
"apps/api/src/students/student-photo.controller.ts","62","StudentPhotoController","getStudentPhotoDownload","GET","'students'","':id/photo/download'","'students:read'","","JwtAuthGuard, RolesPermissionsGuard, EntitlementGuard","","'module.students'","","","studentPhotoService.getPhotoAccess","Decorator inventory only; downstream review in baseline report"
"apps/api/src/students/student-photo.controller.ts","71","StudentPhotoController","deleteStudentPhoto","DELETE","'students'","':id/photo'","'students:update'","","JwtAuthGuard, RolesPermissionsGuard, EntitlementGuard","","'module.students'","","","studentPhotoService.deletePhoto","Decorator inventory only; downstream review in baseline report"
"apps/api/src/students/student-qr.controller.ts","44","StudentQrController","getQrWorkspaceSummary","GET","'students'","'qr/summary'","'students:qr:read'","","JwtAuthGuard, RolesPermissionsGuard, EntitlementGuard","","'module.students'","","","studentQrService.getQrWorkspaceSummary","Decorator inventory only; downstream review in baseline report"
"apps/api/src/students/student-qr.controller.ts","54","StudentQrController","getQrStatus","GET","'students'","':studentId/qr'","'students:qr:read'","","JwtAuthGuard, RolesPermissionsGuard, EntitlementGuard","","'module.students'","","","studentQrService.getQrStatus","Decorator inventory only; downstream review in baseline report"
"apps/api/src/students/student-qr.controller.ts","67","StudentQrController","getQrScanHistory","GET","'students'","':studentId/qr/scans'","'students:qr:read'","","JwtAuthGuard, RolesPermissionsGuard, EntitlementGuard","","'module.students'","","","studentQrService.getQrScanHistory","Decorator inventory only; downstream review in baseline report"
"apps/api/src/students/student-qr.controller.ts","81","StudentQrController","getQrAnalytics","GET","'students'","':studentId/qr/analytics'","'students:qr:read'","","JwtAuthGuard, RolesPermissionsGuard, EntitlementGuard","","'module.students'","","","studentQrService.getQrAnalytics","Decorator inventory only; downstream review in baseline report"
"apps/api/src/students/student-qr.controller.ts","91","StudentQrController","generateQr","POST","'students'","':studentId/qr'","'students:qr:generate'","","JwtAuthGuard, RolesPermissionsGuard, EntitlementGuard","","'module.students'","","","studentQrService.generateQr","Decorator inventory only; downstream review in baseline report"
"apps/api/src/students/student-qr.controller.ts","105","StudentQrController","rotateQr","POST","'students'","':studentId/qr/rotate'","'students:qr:rotate'","","JwtAuthGuard, RolesPermissionsGuard, EntitlementGuard","","'module.students'","","","studentQrService.rotateQr","Decorator inventory only; downstream review in baseline report"
"apps/api/src/students/student-qr.controller.ts","126","StudentQrController","revokeQr","POST","'students'","':studentId/qr/revoke'","'students:qr:revoke'","","JwtAuthGuard, RolesPermissionsGuard, EntitlementGuard","","'module.students'","","","studentQrService.revokeQr","Decorator inventory only; downstream review in baseline report"
"apps/api/src/students/student-qr.controller.ts","144","StudentQrController","resolveQr","POST","'students'","'qr/resolve'","'students:qr:resolve'","","JwtAuthGuard, RolesPermissionsGuard, EntitlementGuard","","'module.students'","","","studentQrService.resolveQr","Decorator inventory only; downstream review in baseline report"
"apps/api/src/students/student-search.controller.ts","19","StudentSearchController","searchStudents","GET","'students/search'","","'students:read'","","JwtAuthGuard, RolesPermissionsGuard, EntitlementGuard","","'module.students'","","'STUDENT_RECORDS'","studentSearchService.searchStudents","Decorator inventory only; downstream review in baseline report"
"apps/api/src/students/students.controller.ts","77","StudentsController","listStudents","GET","'students'","","'students:read'","","JwtAuthGuard, RolesPermissionsGuard, EntitlementGuard","","'module.students'","","'STUDENT_RECORDS'","studentsService.listStudents","Decorator inventory only; downstream review in baseline report"
"apps/api/src/students/students.controller.ts","87","StudentsController","listStudentOptions","GET","'students'","'options'","'students:read'","","JwtAuthGuard, RolesPermissionsGuard, EntitlementGuard","","'module.students'","","","studentsService.listStudentOptions","Decorator inventory only; downstream review in baseline report"
"apps/api/src/students/students.controller.ts","100","StudentsController","getStudentModuleSummary","GET","'students'","'summary'","'students:read'","","JwtAuthGuard, RolesPermissionsGuard, EntitlementGuard","","'module.students'","","","studentsService.getStudentModuleSummary","Decorator inventory only; downstream review in baseline report"
"apps/api/src/students/students.controller.ts","109","StudentsController","getSupportStudentModuleSummary","GET","'students'","'support/summary'","'students:read'","","JwtAuthGuard, RolesPermissionsGuard, EntitlementGuard","","'module.students'","","'STUDENT_RECORDS'","studentsService.getSupportStudentModuleSummary","Decorator inventory only; downstream review in baseline report"
"apps/api/src/students/students.controller.ts","119","StudentsController","listDuplicateStudentCandidates","GET","'students'","'duplicates/candidates'","'students:manage_lifecycle'","","JwtAuthGuard, RolesPermissionsGuard, EntitlementGuard","","'module.students'","","","duplicateReviewService.listCandidates","Decorator inventory only; downstream review in baseline report"
"apps/api/src/students/students.controller.ts","129","StudentsController","markDuplicateStudentPairNotDuplicate","POST","'students'","'duplicates/reviews'","'students:manage_lifecycle'","","JwtAuthGuard, RolesPermissionsGuard, EntitlementGuard","","'module.students'","","","duplicateReviewService.markNotDuplicate","Decorator inventory only; downstream review in baseline report"
"apps/api/src/students/students.controller.ts","139","StudentsController","reopenDuplicateStudentReview","POST","'students'","'duplicates/reviews/:reviewId/reopen'","'students:manage_lifecycle'","","JwtAuthGuard, RolesPermissionsGuard, EntitlementGuard","","'module.students'","","","duplicateReviewService.reopenReview","Decorator inventory only; downstream review in baseline report"
"apps/api/src/students/students.controller.ts","150","StudentsController","getStudentProfile","GET","'students'","':id'","'students:read'","","JwtAuthGuard, RolesPermissionsGuard, EntitlementGuard","","'module.students'","","'STUDENT_RECORDS'","studentsService.getStudentProfile","Decorator inventory only; downstream review in baseline report"
"apps/api/src/students/students.controller.ts","164","StudentsController","createStudent","POST","'students'","","'students:create'","","JwtAuthGuard, RolesPermissionsGuard, EntitlementGuard","","'module.students'","","","studentsService.createStudent","Decorator inventory only; downstream review in baseline report"
"apps/api/src/students/students.controller.ts","173","StudentsController","updateStudent","PATCH","'students'","':id'","'students:update'","","JwtAuthGuard, RolesPermissionsGuard, EntitlementGuard","","'module.students'","","","studentsService.updateStudent","Decorator inventory only; downstream review in baseline report"
"apps/api/src/students/students.controller.ts","183","StudentsController","updateStudentGuardian","PATCH","'students'","':id/guardians/:guardianId'","'guardians:update'","","JwtAuthGuard, RolesPermissionsGuard, EntitlementGuard","","'module.students'","","","studentsService.updateStudentGuardian","Decorator inventory only; downstream review in baseline report"
"apps/api/src/students/students.controller.ts","205","StudentsController","addStudentGuardian","POST","'students'","':id/guardians'","'guardians:create'","","JwtAuthGuard, RolesPermissionsGuard, EntitlementGuard","","'module.students'","","","studentsService.addStudentGuardian","Decorator inventory only; downstream review in baseline report"
"apps/api/src/students/students.controller.ts","221","StudentsController","getGuardianAccessAdministration","GET","'students'","':id/guardians/:guardianId/access-administration'","'guardians:read'","","JwtAuthGuard, RolesPermissionsGuard, EntitlementGuard","","'module.students'","","","studentsService.getGuardianAccessAdministration","Decorator inventory only; downstream review in baseline report"
"apps/api/src/students/students.controller.ts","235","StudentsController","performGuardianRecoveryAction","POST","'students'","':id/guardians/:guardianId/access-actions'","'guardians:update', 'guardians:verify', 'users:reset_password'","","JwtAuthGuard, RolesPermissionsGuard, EntitlementGuard","","'module.students'","","","studentsService.performGuardianRecoveryAction","Decorator inventory only; downstream review in baseline report"
"apps/api/src/students/students.controller.ts","257","StudentsController","provisionGuardianAccount","POST","'students'","':id/guardians/:guardianId/account'","'guardians:update', 'guardians:verify', 'users:create'","","JwtAuthGuard, RolesPermissionsGuard, EntitlementGuard","","'module.students'","","","studentsService.provisionGuardianAccount","Decorator inventory only; downstream review in baseline report"
"apps/api/src/students/students.controller.ts","279","StudentsController","revokeGuardianSession","POST","'students'","':id/guardians/:guardianId/sessions/:sessionId/revoke'","'guardians:update', 'guardians:verify', 'users:reset_password'","","JwtAuthGuard, RolesPermissionsGuard, EntitlementGuard","","'module.students'","","","studentsService.revokeGuardianSession","Decorator inventory only; downstream review in baseline report"
"apps/api/src/students/students.controller.ts","303","StudentsController","getIemisValidationList","GET","'students'","'iemis/validation'","'students:manage_lifecycle'","","JwtAuthGuard, RolesPermissionsGuard, EntitlementGuard","","'module.students'","","","studentsService.getIemisValidationList","Decorator inventory only; downstream review in baseline report"
"apps/api/src/students/students.controller.ts","317","StudentsController","exportIemis","GET","'students'","'iemis/export'","'students:manage_lifecycle', 'reports:export'","","JwtAuthGuard, RolesPermissionsGuard, EntitlementGuard","","'module.students'","","","studentsService.exportIemis","Decorator inventory only; downstream review in baseline report"
"apps/api/src/students/students.controller.ts","329","StudentsController","exportRoster","GET","'students'","'roster/export'","'students:manage_lifecycle', 'reports:export'","","JwtAuthGuard, RolesPermissionsGuard, EntitlementGuard","","'module.students'","","","studentsService.exportRoster","Decorator inventory only; downstream review in baseline report"
"apps/api/src/students/students.controller.ts","343","StudentsController","listDocumentExpiryTemplates","GET","'students'","'document-expiry/templates'","'students:read'","","JwtAuthGuard, RolesPermissionsGuard, EntitlementGuard","","'module.students'","","","studentsService.listDocumentExpiryTemplates","Decorator inventory only; downstream review in baseline report"
"apps/api/src/students/students.controller.ts","349","StudentsController","upsertDocumentExpiryTemplate","POST","'students'","'document-expiry/templates'","'students:update'","","JwtAuthGuard, RolesPermissionsGuard, EntitlementGuard","","'module.students'","","","studentsService.upsertDocumentExpiryTemplate","Decorator inventory only; downstream review in baseline report"
"apps/api/src/students/students.controller.ts","358","StudentsController","mergeDuplicateStudent","POST","'students'","'duplicates/merge'","'students:manage_lifecycle'","","JwtAuthGuard, RolesPermissionsGuard, EntitlementGuard","","'module.students'","","","studentsService.mergeDuplicateStudent","Decorator inventory only; downstream review in baseline report"
"apps/api/src/students/students.controller.ts","367","StudentsController","previewMergeDuplicateStudent","POST","'students'","'duplicates/merge/preview'","'students:manage_lifecycle'","","JwtAuthGuard, RolesPermissionsGuard, EntitlementGuard","","'module.students'","","","studentsService.previewMergeDuplicateStudent","Decorator inventory only; downstream review in baseline report"
"apps/api/src/students/students.controller.ts","376","StudentsController","getFeeClearance","GET","'students'","':id/fee-clearance'","'students:read'","","JwtAuthGuard, RolesPermissionsGuard, EntitlementGuard","","'module.students'","","","studentsService.getFeeClearance","Decorator inventory only; downstream review in baseline report"
"apps/api/src/students/students.controller.ts","385","StudentsController","requestTransfer","POST","'students'","':id/transfer'","'students:manage_lifecycle'","","JwtAuthGuard, RolesPermissionsGuard, EntitlementGuard","","'module.students'","","","studentsService.requestTransfer","Decorator inventory only; downstream review in baseline report"
"apps/api/src/students/students.controller.ts","395","StudentsController","archiveStudent","POST","'students'","':id/archive'","'students:manage_lifecycle'","","JwtAuthGuard, RolesPermissionsGuard, EntitlementGuard","","'module.students'","","","studentsService.archiveStudent","Decorator inventory only; downstream review in baseline report"
"apps/api/src/students/students.controller.ts","405","StudentsController","archiveAlumni","POST","'students'","':id/archive-alumni'","'students:manage_lifecycle'","","JwtAuthGuard, RolesPermissionsGuard, EntitlementGuard","","'module.students'","","","studentsService.archiveAlumni","Decorator inventory only; downstream review in baseline report"
"apps/api/src/students/students.controller.ts","415","StudentsController","deleteStudent","POST","'students'","':id/delete'","'students:delete'","","JwtAuthGuard, RolesPermissionsGuard, EntitlementGuard","","'module.students'","","","studentsService.deleteStudent","Decorator inventory only; downstream review in baseline report"
"apps/api/src/students/students.controller.ts","425","StudentsController","inviteGuardians","POST","'students'","':id/guardian-invitations'","'guardians:create'","","JwtAuthGuard, RolesPermissionsGuard, EntitlementGuard","","'module.students'","","","studentsService.inviteGuardians","Decorator inventory only; downstream review in baseline report"
"apps/api/src/students/students.controller.ts","441","StudentsController","listGuardianIdentityVerifications","GET","'students'","'guardians/:guardianId/identity-verifications'","'guardians:read'","","JwtAuthGuard, RolesPermissionsGuard, EntitlementGuard","","'module.students'","","","studentsService.listGuardianIdentityVerifications","Decorator inventory only; downstream review in baseline report"
"apps/api/src/students/students.controller.ts","453","StudentsController","createGuardianIdentityVerification","POST","'students'","'guardians/:guardianId/identity-verifications'","'guardians:verify'","","JwtAuthGuard, RolesPermissionsGuard, EntitlementGuard","","'module.students'","","","studentsService.createGuardianIdentityVerification","Decorator inventory only; downstream review in baseline report"
"apps/api/src/students/students.controller.ts","473","StudentsController","reviewGuardianIdentityVerification","POST","'students'","'guardians/:guardianId/identity-verifications/:verificationId/review'","'guardians:verify'","","JwtAuthGuard, RolesPermissionsGuard, EntitlementGuard","","'module.students'","","","studentsService.reviewGuardianIdentityVerification","Decorator inventory only; downstream review in baseline report"
"apps/api/src/students/students.controller.ts","495","StudentsController","getGeneratedDocument","GET","'students'","':id/documents/:kind.pdf'","'student_documents:manage'","","JwtAuthGuard, RolesPermissionsGuard, EntitlementGuard","","'module.students'","","","studentsService.generateStudentDocumentPdf","Decorator inventory only; downstream review in baseline report"
"apps/api/src/students/students.controller.ts","513","StudentsController","revokeGeneratedDocument","POST","'students'","':id/generated-documents/:documentId/revoke'","'student_documents:manage'","","JwtAuthGuard, RolesPermissionsGuard, EntitlementGuard","","'module.students'","","","studentsService.revokeGeneratedStudentDocument","Decorator inventory only; downstream review in baseline report"
"apps/api/src/students/students.controller.ts","529","StudentsController","getAttendanceHistory","GET","'students'","':id/attendance-history'","'students:read', 'attendance:read'","","JwtAuthGuard, RolesPermissionsGuard, EntitlementGuard","","'module.students'","","","studentsService.getAttendanceHistory","Decorator inventory only; downstream review in baseline report"
"apps/api/src/students/students.controller.ts","539","StudentsController","getIemisReadiness","GET","'students'","':id/iemis-readiness'","'students:read'","","JwtAuthGuard, RolesPermissionsGuard, EntitlementGuard","","'module.students'","","","studentsService.getIemisReadiness","Decorator inventory only; downstream review in baseline report"
"apps/api/src/students/students.controller.ts","552","StudentsController","getStudentLifecycleTimeline","GET","'students'","':id/lifecycle-timeline'","'students:read'","","JwtAuthGuard, RolesPermissionsGuard, EntitlementGuard","","'module.students'","","","studentsService.getStudentLifecycleTimeline","Decorator inventory only; downstream review in baseline report"
"apps/api/src/students/students.controller.ts","561","StudentsController","getStudentIdentity","GET","'students'","':id/identity'","'students:read'","","JwtAuthGuard, RolesPermissionsGuard, EntitlementGuard","","'module.students'","","","studentsService.getStudentIdentity","Decorator inventory only; downstream review in baseline report"
"apps/api/src/students/students.controller.ts","570","StudentsController","generateStudentIdentity","POST","'students'","':id/identity'","'students:update'","","JwtAuthGuard, RolesPermissionsGuard, EntitlementGuard","","'module.students'","","","studentsService.generateStudentIdentity","Decorator inventory only; downstream review in baseline report"
"apps/api/src/students/students.controller.ts","579","StudentsController","revokeStudentIdentity","POST","'students'","':id/identity/revoke'","'students:update'","","JwtAuthGuard, RolesPermissionsGuard, EntitlementGuard","","'module.students'","","","studentsService.revokeStudentIdentity","Decorator inventory only; downstream review in baseline report"
"apps/api/src/sync/sync-authority.controller.ts","21","SyncAuthorityController","getAuthority","GET","'sync'","'authority'","","","JwtAuthGuard, TenantActiveGuard, EntitlementGuard","","","'Tenant authority fence discovery is session-scoped for School Edge fencing, not a feature module'","","","Decorator inventory only; downstream review in baseline report"
"apps/api/src/teacher-workspace/homeroom-summary.controller.ts","52","HomeroomSummaryController","listMyHomerooms","GET","'teacher-workspace/homeroom'","","'students:read'","'teacher', 'subject_teacher'","JwtAuthGuard, TenantActiveGuard, RolesPermissionsGuard, EntitlementGuard","","'module.students'","","","homeroomSummaryService.listMyHomerooms","Decorator inventory only; downstream review in baseline report"
"apps/api/src/teacher-workspace/homeroom-summary.controller.ts","58","HomeroomSummaryController","getAcademicSummary","GET","'teacher-workspace/homeroom'","'academic-summary'","'students:read'","'teacher', 'subject_teacher'","JwtAuthGuard, TenantActiveGuard, RolesPermissionsGuard, EntitlementGuard","","'module.students'","","","homeroomSummaryService.getHomeroomAcademicSummary","Decorator inventory only; downstream review in baseline report"
"apps/api/src/teacher-workspace/teacher-assignments.controller.ts","132","TeacherAssignmentsController","getMyAssignments","GET","'teacher-workspace/assignments'","","'students:read'","'teacher', 'subject_teacher'","JwtAuthGuard, TenantActiveGuard, RolesPermissionsGuard, EntitlementGuard","","'module.students'","","","service.getMyAssignmentContext","Decorator inventory only; downstream review in baseline report"
"apps/api/src/teacher-workspace/teacher-schedule.controller.ts","40","TeacherScheduleController","getSchedule","GET","'teacher-workspace'","'schedule'","'timetable:read'","'teacher', 'subject_teacher'","JwtAuthGuard, TenantActiveGuard, RolesPermissionsGuard, EntitlementGuard","","'module.timetable'","","","timetableService.getTeacherMobileTimetable","Decorator inventory only; downstream review in baseline report"
"apps/api/src/teacher-workspace/teacher-students.controller.ts","27","TeacherStudentsController","getMyStudents","GET","'teacher-workspace'","'my-students'","'students:read'","'teacher', 'subject_teacher'","JwtAuthGuard, TenantActiveGuard, RolesPermissionsGuard, EntitlementGuard","","'module.students'","","","teacherStudentsService.getMyStudents","Decorator inventory only; downstream review in baseline report"
"apps/api/src/teacher-workspace/teacher-today.controller.ts","26","TeacherTodayController","getToday","GET","'teacher-workspace'","'today'","'attendance:read'","'teacher', 'subject_teacher'","JwtAuthGuard, TenantActiveGuard, RolesPermissionsGuard, EntitlementGuard","","'module.attendance'","","","teacherTodayService.getToday","Decorator inventory only; downstream review in baseline report"
"apps/api/src/tenants/tenants.controller.ts","18","TenantsController","register","POST","'tenants'","'register'","'tenants:manage'","","JwtAuthGuard, PlatformGuard","","","","","tenantsService.register","Decorator inventory only; downstream review in baseline report"
"apps/api/src/tenants/tenants.controller.ts","25","TenantsController","getCurrentTenant","GET","'tenants'","'me'","'tenants:read'","","JwtAuthGuard, RolesPermissionsGuard","","","","","tenantsService.getCurrentTenant","Decorator inventory only; downstream review in baseline report"
"apps/api/src/timetable/timetable.controller.ts","72","TimetableController","listSupportPublishedTimetable","GET","'timetable'","'support/published'","'timetable:read_published'","","JwtAuthGuard, RolesPermissionsGuard, EntitlementGuard","","'module.timetable'","","'HOMEWORK_TIMETABLE'","timetableService.listSupportPublishedTimetable","Decorator inventory only; downstream review in baseline report"
"apps/api/src/timetable/timetable.controller.ts","82","TimetableController","listTimetable","GET","'timetable'","","'timetable:read_published'","","JwtAuthGuard, RolesPermissionsGuard, EntitlementGuard","","'module.timetable'","","","timetableService.listTimetable","Decorator inventory only; downstream review in baseline report"
"apps/api/src/timetable/timetable.controller.ts","93","TimetableController","listPeriods","GET","'timetable'","'periods'","'timetable:read'","","JwtAuthGuard, RolesPermissionsGuard, EntitlementGuard","","'module.timetable'","","","timetableService.listPeriods","Decorator inventory only; downstream review in baseline report"
"apps/api/src/timetable/timetable.controller.ts","102","TimetableController","createPeriod","POST","'timetable'","'periods'","'timetable:create'","","JwtAuthGuard, RolesPermissionsGuard, EntitlementGuard","","'module.timetable'","","","timetableService.createPeriod","Decorator inventory only; downstream review in baseline report"
"apps/api/src/timetable/timetable.controller.ts","111","TimetableController","updatePeriod","PATCH","'timetable'","'periods/:id'","'timetable:update'","","JwtAuthGuard, RolesPermissionsGuard, EntitlementGuard","","'module.timetable'","","","timetableService.updatePeriod","Decorator inventory only; downstream review in baseline report"
"apps/api/src/timetable/timetable.controller.ts","121","TimetableController","deletePeriod","DELETE","'timetable'","'periods/:id'","'timetable:delete'","","JwtAuthGuard, RolesPermissionsGuard, EntitlementGuard","","'module.timetable'","","","timetableService.deletePeriod","Decorator inventory only; downstream review in baseline report"
"apps/api/src/timetable/timetable.controller.ts","129","TimetableController","listRooms","GET","'timetable'","'rooms'","'timetable:read'","","JwtAuthGuard, RolesPermissionsGuard, EntitlementGuard","","'module.timetable'","","","timetableService.listRooms","Decorator inventory only; downstream review in baseline report"
"apps/api/src/timetable/timetable.controller.ts","135","TimetableController","createRoom","POST","'timetable'","'rooms'","'timetable:create'","","JwtAuthGuard, RolesPermissionsGuard, EntitlementGuard","","'module.timetable'","","","timetableService.createRoom","Decorator inventory only; downstream review in baseline report"
"apps/api/src/timetable/timetable.controller.ts","141","TimetableController","updateRoom","PATCH","'timetable'","'rooms/:id'","'timetable:update'","","JwtAuthGuard, RolesPermissionsGuard, EntitlementGuard","","'module.timetable'","","","timetableService.updateRoom","Decorator inventory only; downstream review in baseline report"
"apps/api/src/timetable/timetable.controller.ts","151","TimetableController","deleteRoom","DELETE","'timetable'","'rooms/:id'","'timetable:delete'","","JwtAuthGuard, RolesPermissionsGuard, EntitlementGuard","","'module.timetable'","","","timetableService.deleteRoom","Decorator inventory only; downstream review in baseline report"
"apps/api/src/timetable/timetable.controller.ts","159","TimetableController","listVersions","GET","'timetable'","'versions'","'timetable:read'","","JwtAuthGuard, RolesPermissionsGuard, EntitlementGuard","","'module.timetable'","","","timetableService.listVersions","Decorator inventory only; downstream review in baseline report"
"apps/api/src/timetable/timetable.controller.ts","168","TimetableController","createVersion","POST","'timetable'","'versions'","'timetable:create'","","JwtAuthGuard, RolesPermissionsGuard, EntitlementGuard","","'module.timetable'","","","timetableService.createVersion","Decorator inventory only; downstream review in baseline report"
"apps/api/src/timetable/timetable.controller.ts","177","TimetableController","getVersion","GET","'timetable'","'versions/:id'","'timetable:read'","","JwtAuthGuard, RolesPermissionsGuard, EntitlementGuard","","'module.timetable'","","","timetableService.getVersion","Decorator inventory only; downstream review in baseline report"
"apps/api/src/timetable/timetable.controller.ts","183","TimetableController","updateVersion","PATCH","'timetable'","'versions/:id'","'timetable:update'","","JwtAuthGuard, RolesPermissionsGuard, EntitlementGuard","","'module.timetable'","","","timetableService.updateVersion","Decorator inventory only; downstream review in baseline report"
"apps/api/src/timetable/timetable.controller.ts","193","TimetableController","restoreVersion","POST","'timetable'","'versions/:id/restore'","'timetable:create'","","JwtAuthGuard, RolesPermissionsGuard, EntitlementGuard","","'module.timetable'","","","timetableService.restoreVersion","Decorator inventory only; downstream review in baseline report"
"apps/api/src/timetable/timetable.controller.ts","203","TimetableController","compareVersions","GET","'timetable'","'versions/:id/compare/:targetId'","'timetable:read'","","JwtAuthGuard, RolesPermissionsGuard, EntitlementGuard","","'module.timetable'","","","timetableService.compareVersions","Decorator inventory only; downstream review in baseline report"
"apps/api/src/timetable/timetable.controller.ts","215","TimetableController","validateVersion","POST","'timetable'","'versions/:id/validate'","'timetable:read'","","JwtAuthGuard, RolesPermissionsGuard, EntitlementGuard","","'module.timetable'","","","timetableService.validateVersion","Decorator inventory only; downstream review in baseline report"
"apps/api/src/timetable/timetable.controller.ts","221","TimetableController","publishVersion","PATCH","'timetable'","'versions/:id/publish'","'timetable:publish'","","JwtAuthGuard, RolesPermissionsGuard, EntitlementGuard","","'module.timetable'","","","timetableService.publishVersion","Decorator inventory only; downstream review in baseline report"
"apps/api/src/timetable/timetable.controller.ts","227","TimetableController","lockVersion","PATCH","'timetable'","'versions/:id/lock'","'timetable:publish'","","JwtAuthGuard, RolesPermissionsGuard, EntitlementGuard","","'module.timetable'","","","timetableService.lockVersion","Decorator inventory only; downstream review in baseline report"
"apps/api/src/timetable/timetable.controller.ts","233","TimetableController","archiveVersion","PATCH","'timetable'","'versions/:id/archive'","'timetable:publish'","","JwtAuthGuard, RolesPermissionsGuard, EntitlementGuard","","'module.timetable'","","","timetableService.archiveVersion","Decorator inventory only; downstream review in baseline report"
"apps/api/src/timetable/timetable.controller.ts","239","TimetableController","reopenVersion","PATCH","'timetable'","'versions/:id/reopen-draft'","'timetable:publish'","","JwtAuthGuard, RolesPermissionsGuard, EntitlementGuard","","'module.timetable'","","","timetableService.reopenVersion","Decorator inventory only; downstream review in baseline report"
"apps/api/src/timetable/timetable.controller.ts","247","TimetableController","createVersionSlot","POST","'timetable'","'versions/:id/slots'","'timetable:create'","","JwtAuthGuard, RolesPermissionsGuard, EntitlementGuard","","'module.timetable'","","","timetableService.createVersionSlot","Decorator inventory only; downstream review in baseline report"
"apps/api/src/timetable/timetable.controller.ts","257","TimetableController","updateSlot","PATCH","'timetable'","'slots/:id'","'timetable:update'","","JwtAuthGuard, RolesPermissionsGuard, EntitlementGuard","","'module.timetable'","","","timetableService.updateSlot","Decorator inventory only; downstream review in baseline report"
"apps/api/src/timetable/timetable.controller.ts","267","TimetableController","deleteSlot","DELETE","'timetable'","'slots/:id'","'timetable:delete'","","JwtAuthGuard, RolesPermissionsGuard, EntitlementGuard","","'module.timetable'","","","timetableService.deleteSlot","Decorator inventory only; downstream review in baseline report"
"apps/api/src/timetable/timetable.controller.ts","275","TimetableController","listTeacherAvailability","GET","'timetable'","'teacher-availability'","'timetable:read'","","JwtAuthGuard, RolesPermissionsGuard, EntitlementGuard","","'module.timetable'","","","timetableService.listTeacherAvailability","Decorator inventory only; downstream review in baseline report"
"apps/api/src/timetable/timetable.controller.ts","284","TimetableController","getTeacherAvailability","GET","'timetable'","'teachers/:teacherId/availability'","'timetable:read'","","JwtAuthGuard, RolesPermissionsGuard, EntitlementGuard","","'module.timetable'","","","timetableService.getTeacherAvailability","Decorator inventory only; downstream review in baseline report"
"apps/api/src/timetable/timetable.controller.ts","293","TimetableController","upsertTeacherAvailability","POST","'timetable'","'teachers/:teacherId/availability'","'timetable:manage'","","JwtAuthGuard, RolesPermissionsGuard, EntitlementGuard","","'module.timetable'","","","timetableService.createTeacherAvailability","Decorator inventory only; downstream review in baseline report"
"apps/api/src/timetable/timetable.controller.ts","307","TimetableController","updateTeacherAvailability","PATCH","'timetable'","'teacher-availability/:id'","'timetable:manage'","","JwtAuthGuard, RolesPermissionsGuard, EntitlementGuard","","'module.timetable'","","","timetableService.updateTeacherAvailability","Decorator inventory only; downstream review in baseline report"
"apps/api/src/timetable/timetable.controller.ts","317","TimetableController","deleteTeacherAvailability","DELETE","'timetable'","'teacher-availability/:id'","'timetable:manage'","","JwtAuthGuard, RolesPermissionsGuard, EntitlementGuard","","'module.timetable'","","","timetableService.deleteTeacherAvailability","Decorator inventory only; downstream review in baseline report"
"apps/api/src/timetable/timetable.controller.ts","328","TimetableController","listTeacherWorkloadRules","GET","'timetable'","'workload-rules'","'timetable:read'","","JwtAuthGuard, RolesPermissionsGuard, EntitlementGuard","","'module.timetable'","","","timetableService.listTeacherWorkloadRules","Decorator inventory only; downstream review in baseline report"
"apps/api/src/timetable/timetable.controller.ts","337","TimetableController","getTeacherWorkloadRule","GET","'timetable'","'workload-rules/:teacherId'","'timetable:read'","","JwtAuthGuard, RolesPermissionsGuard, EntitlementGuard","","'module.timetable'","","","timetableService.getTeacherWorkloadRule","Decorator inventory only; downstream review in baseline report"
"apps/api/src/timetable/timetable.controller.ts","351","TimetableController","upsertTeacherWorkloadRule","POST","'timetable'","'workload-rules/:teacherId'","'timetable:manage'","","JwtAuthGuard, RolesPermissionsGuard, EntitlementGuard","","'module.timetable'","","","timetableService.upsertTeacherWorkloadRule","Decorator inventory only; downstream review in baseline report"
"apps/api/src/timetable/timetable.controller.ts","365","TimetableController","updateTeacherWorkloadRule","PATCH","'timetable'","'workload-rules/:id'","'timetable:manage'","","JwtAuthGuard, RolesPermissionsGuard, EntitlementGuard","","'module.timetable'","","","timetableService.updateTeacherWorkloadRule","Decorator inventory only; downstream review in baseline report"
"apps/api/src/timetable/timetable.controller.ts","377","TimetableController","listSubjectWeeklyRequirements","GET","'timetable'","'subject-weekly-requirements'","'timetable:read'","","JwtAuthGuard, RolesPermissionsGuard, EntitlementGuard","","'module.timetable'","","","timetableService.listSubjectWeeklyRequirements","Decorator inventory only; downstream review in baseline report"
"apps/api/src/timetable/timetable.controller.ts","386","TimetableController","createSubjectWeeklyRequirement","POST","'timetable'","'subject-weekly-requirements'","'timetable:manage'","","JwtAuthGuard, RolesPermissionsGuard, EntitlementGuard","","'module.timetable'","","","timetableService.createSubjectWeeklyRequirement","Decorator inventory only; downstream review in baseline report"
"apps/api/src/timetable/timetable.controller.ts","395","TimetableController","updateSubjectWeeklyRequirement","PATCH","'timetable'","'subject-weekly-requirements/:id'","'timetable:manage'","","JwtAuthGuard, RolesPermissionsGuard, EntitlementGuard","","'module.timetable'","","","timetableService.updateSubjectWeeklyRequirement","Decorator inventory only; downstream review in baseline report"
"apps/api/src/timetable/timetable.controller.ts","405","TimetableController","deleteSubjectWeeklyRequirement","DELETE","'timetable'","'subject-weekly-requirements/:id'","'timetable:manage'","","JwtAuthGuard, RolesPermissionsGuard, EntitlementGuard","","'module.timetable'","","","timetableService.deleteSubjectWeeklyRequirement","Decorator inventory only; downstream review in baseline report"
"apps/api/src/timetable/timetable.controller.ts","416","TimetableController","listTeacherWorkload","GET","'timetable'","'workload'","'timetable:read'","","JwtAuthGuard, RolesPermissionsGuard, EntitlementGuard","","'module.timetable'","","","timetableService.listTeacherWorkload","Decorator inventory only; downstream review in baseline report"
"apps/api/src/timetable/timetable.controller.ts","425","TimetableController","getTeacherWorkload","GET","'timetable'","'teachers/:teacherId/workload'","'timetable:read'","","JwtAuthGuard, RolesPermissionsGuard, EntitlementGuard","","'module.timetable'","","","timetableService.getTeacherWorkload","Decorator inventory only; downstream review in baseline report"
"apps/api/src/timetable/timetable.controller.ts","435","TimetableController","getTeacherTimetable","GET","'timetable'","'reports/teacher/:teacherId'","'timetable:read'","","JwtAuthGuard, RolesPermissionsGuard, EntitlementGuard","","'module.timetable'","","","timetableService.getTeacherTimetable","Decorator inventory only; downstream review in baseline report"
"apps/api/src/timetable/timetable.controller.ts","445","TimetableController","exportClassTimetable","GET","'timetable'","'reports/class/:classId'","'timetable:read'","","JwtAuthGuard, RolesPermissionsGuard, EntitlementGuard","","'module.timetable'","","","timetableService.exportClassTimetable","Decorator inventory only; downstream review in baseline report"
"apps/api/src/timetable/timetable.controller.ts","463","TimetableController","getDailySubstitutionSummary","GET","'timetable'","'substitutions/summary'","'timetable:read'","","JwtAuthGuard, RolesPermissionsGuard, EntitlementGuard","","'module.timetable'","","","substitutionService.getDailySubstitutionSummary","Decorator inventory only; downstream review in baseline report"
"apps/api/src/timetable/timetable.controller.ts","472","TimetableController","listSubstitutions","GET","'timetable'","'substitutions'","'timetable:read'","","JwtAuthGuard, RolesPermissionsGuard, EntitlementGuard","","'module.timetable'","","","substitutionService.listSubstitutions","Decorator inventory only; downstream review in baseline report"
"apps/api/src/timetable/timetable.controller.ts","481","TimetableController","listEligibleSubstituteCandidates","GET","'timetable'","'substitutions/eligible-candidates'","'timetable:substitute'","","JwtAuthGuard, RolesPermissionsGuard, EntitlementGuard","","'module.timetable'","","","substitutionService.listEligibleCandidates","Decorator inventory only; downstream review in baseline report"
"apps/api/src/timetable/timetable.controller.ts","490","TimetableController","createSubstitution","POST","'timetable'","'substitutions'","'timetable:substitute'","","JwtAuthGuard, RolesPermissionsGuard, EntitlementGuard","","'module.timetable'","","","substitutionService.createSubstitution","Decorator inventory only; downstream review in baseline report"
"apps/api/src/timetable/timetable.controller.ts","499","TimetableController","updateSubstitution","PATCH","'timetable'","'substitutions/:id'","'timetable:substitute'","","JwtAuthGuard, RolesPermissionsGuard, EntitlementGuard","","'module.timetable'","","","substitutionService.updateSubstitution","Decorator inventory only; downstream review in baseline report"
"apps/api/src/timetable/timetable.controller.ts","509","TimetableController","assignSubstitution","PATCH","'timetable'","'substitutions/:id/assign'","'timetable:substitute'","","JwtAuthGuard, RolesPermissionsGuard, EntitlementGuard","","'module.timetable'","","","substitutionService.assignSubstitution","Decorator inventory only; downstream review in baseline report"
"apps/api/src/timetable/timetable.controller.ts","519","TimetableController","cancelSubstitution","PATCH","'timetable'","'substitutions/:id/cancel'","'timetable:substitute'","","JwtAuthGuard, RolesPermissionsGuard, EntitlementGuard","","'module.timetable'","","","substitutionService.cancelSubstitution","Decorator inventory only; downstream review in baseline report"
"apps/api/src/timetable/timetable.controller.ts","529","TimetableController","completeSubstitution","PATCH","'timetable'","'substitutions/:id/complete'","'timetable:substitute'","","JwtAuthGuard, RolesPermissionsGuard, EntitlementGuard","","'module.timetable'","","","substitutionService.completeSubstitution","Decorator inventory only; downstream review in baseline report"
"apps/api/src/timetable/timetable.controller.ts","538","TimetableController","addSubstitutionCoverageNote","POST","'timetable'","'substitutions/:id/coverage-notes'","'timetable:substitute'","","JwtAuthGuard, RolesPermissionsGuard, EntitlementGuard","","'module.timetable'","","","substitutionService.addCoverageNote","Decorator inventory only; downstream review in baseline report"
"apps/api/src/timetable/timetable.controller.ts","548","TimetableController","listTeacherReplacements","GET","'timetable'","'replacements'","'timetable:substitute'","","JwtAuthGuard, RolesPermissionsGuard, EntitlementGuard","","'module.timetable'","","","replacementService.list","Decorator inventory only; downstream review in baseline report"
"apps/api/src/timetable/timetable.controller.ts","557","TimetableController","getTeacherReplacement","GET","'timetable'","'replacements/:id'","'timetable:substitute'","","JwtAuthGuard, RolesPermissionsGuard, EntitlementGuard","","'module.timetable'","","","replacementService.get","Decorator inventory only; downstream review in baseline report"
"apps/api/src/timetable/timetable.controller.ts","566","TimetableController","scheduleTeacherReplacement","POST","'timetable'","'replacements'","'timetable:substitute'","","JwtAuthGuard, RolesPermissionsGuard, EntitlementGuard","","'module.timetable'","","","replacementService.schedule","Decorator inventory only; downstream review in baseline report"
"apps/api/src/timetable/timetable.controller.ts","575","TimetableController","activateTeacherReplacement","PATCH","'timetable'","'replacements/:id/activate'","'timetable:substitute'","","JwtAuthGuard, RolesPermissionsGuard, EntitlementGuard","","'module.timetable'","","","replacementService.activate","Decorator inventory only; downstream review in baseline report"
"apps/api/src/timetable/timetable.controller.ts","584","TimetableController","completeTeacherReplacement","PATCH","'timetable'","'replacements/:id/complete'","'timetable:substitute'","","JwtAuthGuard, RolesPermissionsGuard, EntitlementGuard","","'module.timetable'","","","replacementService.complete","Decorator inventory only; downstream review in baseline report"
"apps/api/src/timetable/timetable.controller.ts","593","TimetableController","cancelTeacherReplacement","PATCH","'timetable'","'replacements/:id/cancel'","'timetable:substitute'","","JwtAuthGuard, RolesPermissionsGuard, EntitlementGuard","","'module.timetable'","","","replacementService.cancel","Decorator inventory only; downstream review in baseline report"
"apps/api/src/timetable/timetable.controller.ts","603","TimetableController","disposeReplacementPendingWork","PATCH","'timetable'","'replacements/:id/pending-work/:pendingWorkId/dispose'","'timetable:substitute'","","JwtAuthGuard, RolesPermissionsGuard, EntitlementGuard","","'module.timetable'","","","replacementService.disposePendingWork","Decorator inventory only; downstream review in baseline report"
"apps/api/src/timetable/timetable.controller.ts","619","TimetableController","addReplacementHandoverNote","POST","'timetable'","'replacements/:id/handover-notes'","'timetable:substitute'","","JwtAuthGuard, RolesPermissionsGuard, EntitlementGuard","","'module.timetable'","","","replacementService.addHandoverNote","Decorator inventory only; downstream review in baseline report"
"apps/api/src/transport/transport.controller.ts","57","TransportController","listRoutes","GET","'transport'","'routes'","'transport:routes:read'","","JwtAuthGuard, RolesPermissionsGuard, EntitlementGuard","","'module.transport'","","","transportService.listRoutes","Decorator inventory only; downstream review in baseline report"
"apps/api/src/transport/transport.controller.ts","64","TransportController","createRoute","POST","'transport'","'routes'","'transport:routes:create'","","JwtAuthGuard, RolesPermissionsGuard, EntitlementGuard","","'module.transport'","","","transportService.createRoute","Decorator inventory only; downstream review in baseline report"
"apps/api/src/transport/transport.controller.ts","73","TransportController","updateRoute","PATCH","'transport'","'routes/:id'","'transport:routes:update'","","JwtAuthGuard, RolesPermissionsGuard, EntitlementGuard","","'module.transport'","","","transportService.updateRoute","Decorator inventory only; downstream review in baseline report"
"apps/api/src/transport/transport.controller.ts","83","TransportController","scheduleOneDayRouteChange","POST","'transport'","'routes/one-day-changes'","'transport:routes:update'","","JwtAuthGuard, RolesPermissionsGuard, EntitlementGuard","","'module.transport'","","","transportM8bService.scheduleOneDayRouteChange","Decorator inventory only; downstream review in baseline report"
"apps/api/src/transport/transport.controller.ts","92","TransportController","listStops","GET","'transport'","'stops'","'transport:routes:read'","","JwtAuthGuard, RolesPermissionsGuard, EntitlementGuard","","'module.transport'","","","transportService.listStops","Decorator inventory only; downstream review in baseline report"
"apps/api/src/transport/transport.controller.ts","102","TransportController","createStop","POST","'transport'","'stops'","'transport:routes:create'","","JwtAuthGuard, RolesPermissionsGuard, EntitlementGuard","","'module.transport'","","","transportService.createStop","Decorator inventory only; downstream review in baseline report"
"apps/api/src/transport/transport.controller.ts","111","TransportController","updateStop","PATCH","'transport'","'stops/:id'","'transport:routes:update'","","JwtAuthGuard, RolesPermissionsGuard, EntitlementGuard","","'module.transport'","","","transportService.updateStop","Decorator inventory only; downstream review in baseline report"
"apps/api/src/transport/transport.controller.ts","121","TransportController","listVehicles","GET","'transport'","'vehicles'","'transport:vehicles:read'","","JwtAuthGuard, RolesPermissionsGuard, EntitlementGuard","","'module.transport'","","","transportService.listVehicles","Decorator inventory only; downstream review in baseline report"
"apps/api/src/transport/transport.controller.ts","128","TransportController","createVehicle","POST","'transport'","'vehicles'","'transport:vehicles:create'","","JwtAuthGuard, RolesPermissionsGuard, EntitlementGuard","","'module.transport'","","","transportService.createVehicle","Decorator inventory only; downstream review in baseline report"
"apps/api/src/transport/transport.controller.ts","137","TransportController","updateVehicle","PATCH","'transport'","'vehicles/:id'","'transport:vehicles:update'","","JwtAuthGuard, RolesPermissionsGuard, EntitlementGuard","","'module.transport'","","","transportService.updateVehicle","Decorator inventory only; downstream review in baseline report"
"apps/api/src/transport/transport.controller.ts","147","TransportController","listDriverAssignments","GET","'transport'","'assignments/drivers'","'transport:assignments:read'","","JwtAuthGuard, RolesPermissionsGuard, EntitlementGuard","","'module.transport'","","","transportService.listDriverAssignments","Decorator inventory only; downstream review in baseline report"
"apps/api/src/transport/transport.controller.ts","164","TransportController","assignDriver","POST","'transport'","'assignments/drivers'","'transport:assignments:create'","","JwtAuthGuard, RolesPermissionsGuard, EntitlementGuard","","'module.transport'","","","transportService.assignDriver","Decorator inventory only; downstream review in baseline report"
"apps/api/src/transport/transport.controller.ts","173","TransportController","listTransportStaffOptions","GET","'transport'","'staff-options'","'transport:assignments:create'","","JwtAuthGuard, RolesPermissionsGuard, EntitlementGuard","","'module.transport'","","","transportService.listActiveStaffOptions","Decorator inventory only; downstream review in baseline report"
"apps/api/src/transport/transport.controller.ts","186","TransportController","listStudentAssignments","GET","'transport'","'assignments/students'","'transport:assignments:read'","","JwtAuthGuard, RolesPermissionsGuard, EntitlementGuard","","'module.transport'","","","transportService.listStudentAssignments","Decorator inventory only; downstream review in baseline report"
"apps/api/src/transport/transport.controller.ts","203","TransportController","assignStudent","POST","'transport'","'assignments/students'","'transport:assignments:create'","","JwtAuthGuard, RolesPermissionsGuard, EntitlementGuard","","'module.transport'","","","transportService.assignStudent","Decorator inventory only; downstream review in baseline report"
"apps/api/src/transport/transport.controller.ts","212","TransportController","mapTransportFee","PATCH","'transport'","'assignments/students/:id/fee-mapping'","'transport:assignments:update'","","JwtAuthGuard, RolesPermissionsGuard, EntitlementGuard","","'module.transport'","","","transportM8bService.mapTransportFee","Decorator inventory only; downstream review in baseline report"
"apps/api/src/transport/transport.controller.ts","222","TransportController","pauseStudentAssignment","PATCH","'transport'","'assignments/students/:id/pause'","'transport:assignments:update'","","JwtAuthGuard, RolesPermissionsGuard, EntitlementGuard","","'module.transport'","","","transportHardeningService.pauseStudentAssignment","Decorator inventory only; downstream review in baseline report"
"apps/api/src/transport/transport.controller.ts","234","TransportController","endStudentAssignment","PATCH","'transport'","'assignments/students/:id/end'","'transport:assignments:update'","","JwtAuthGuard, RolesPermissionsGuard, EntitlementGuard","","'module.transport'","","","transportHardeningService.endStudentAssignment","Decorator inventory only; downstream review in baseline report"
"apps/api/src/transport/transport.controller.ts","246","TransportController","getParentStudentActiveTrip","GET","'transport'","'parent/students/:studentId/active-trip'","'transport:tracking:parent'","","JwtAuthGuard, RolesPermissionsGuard, EntitlementGuard","","'module.transport'","","","transportHardeningService.getParentStudentActiveTrip","Decorator inventory only; downstream review in baseline report"
"apps/api/src/transport/transport.controller.ts","258","TransportController","getParentStudentStatus","GET","'transport'","'parent/students/:studentId/status'","'transport:tracking:parent'","","JwtAuthGuard, RolesPermissionsGuard, EntitlementGuard","","'module.transport'","","","transportM8bService.getParentStudentStatus","Decorator inventory only; downstream review in baseline report"
"apps/api/src/transport/transport.controller.ts","267","TransportController","getDriverDashboard","GET","'transport'","'driver/dashboard'","'transport:operate'","","JwtAuthGuard, RolesPermissionsGuard, EntitlementGuard","","'module.transport'","","","transportService.getDriverDashboard","Decorator inventory only; downstream review in baseline report"
"apps/api/src/transport/transport.controller.ts","273","TransportController","getDriverGpsPingContract","GET","'transport'","'driver/gps-ping-contract'","'transport:operate'","","JwtAuthGuard, RolesPermissionsGuard, EntitlementGuard","","'module.transport'","","","transportM8bService.getDriverGpsPingContract","Decorator inventory only; downstream review in baseline report"
"apps/api/src/transport/transport.controller.ts","279","TransportController","listDriverOwnAssignments","GET","'transport'","'driver/assignments'","'transport:operate'","","JwtAuthGuard, RolesPermissionsGuard, EntitlementGuard","","'module.transport'","","","transportService.listDriverOwnAssignments","Decorator inventory only; downstream review in baseline report"
"apps/api/src/transport/transport.controller.ts","285","TransportController","listDriverActiveTrips","GET","'transport'","'driver/trips/active'","'transport:operate'","","JwtAuthGuard, RolesPermissionsGuard, EntitlementGuard","","'module.transport'","","","transportService.listActiveTrips","Decorator inventory only; downstream review in baseline report"
"apps/api/src/transport/transport.controller.ts","291","TransportController","listDriverTripHistory","GET","'transport'","'driver/trips/history'","'transport:operate'","","JwtAuthGuard, RolesPermissionsGuard, EntitlementGuard","","'module.transport'","","","transportService.listTripHistory","Decorator inventory only; downstream review in baseline report"
"apps/api/src/transport/transport.controller.ts","297","TransportController","startDriverTrip","POST","'transport'","'driver/trips'","'transport:operate'","","JwtAuthGuard, RolesPermissionsGuard, EntitlementGuard","","'module.transport'","","","transportService.startTrip","Decorator inventory only; downstream review in baseline report"
"apps/api/src/transport/transport.controller.ts","306","TransportController","getDriverTripManifest","GET","'transport'","'driver/trips/:id/manifest'","'transport:operate'","","JwtAuthGuard, RolesPermissionsGuard, EntitlementGuard","","'module.transport'","","","transportService.getDriverTripManifest","Decorator inventory only; downstream review in baseline report"
"apps/api/src/transport/transport.controller.ts","315","TransportController","completeDriverTrip","PATCH","'transport'","'driver/trips/:id/complete'","'transport:operate'","","JwtAuthGuard, RolesPermissionsGuard, EntitlementGuard","","'module.transport'","","","transportService.completeTrip","Decorator inventory only; downstream review in baseline report"
"apps/api/src/transport/transport.controller.ts","325","TransportController","markDriverStudentBoarded","PATCH","'transport'","'driver/trips/:id/students/boarded'","'transport:operate'","","JwtAuthGuard, RolesPermissionsGuard, EntitlementGuard","","'module.transport'","","","transportService.markStudentBoarded","Decorator inventory only; downstream review in baseline report"
"apps/api/src/transport/transport.controller.ts","335","TransportController","markDriverStudentDropped","PATCH","'transport'","'driver/trips/:id/students/dropped'","'transport:operate'","","JwtAuthGuard, RolesPermissionsGuard, EntitlementGuard","","'module.transport'","","","transportService.markStudentDropped","Decorator inventory only; downstream review in baseline report"
"apps/api/src/transport/transport.controller.ts","345","TransportController","markDriverStudentAbsent","PATCH","'transport'","'driver/trips/:id/students/absent'","'transport:operate'","","JwtAuthGuard, RolesPermissionsGuard, EntitlementGuard","","'module.transport'","","","transportService.markStudentAbsent","Decorator inventory only; downstream review in baseline report"
"apps/api/src/transport/transport.controller.ts","355","TransportController","recordDriverLocationPing","POST","'transport'","'driver/trips/:id/location'","'transport:operate'","","JwtAuthGuard, RolesPermissionsGuard, EntitlementGuard","","'module.transport'","","","transportService.recordLocationPing","Decorator inventory only; downstream review in baseline report"
"apps/api/src/transport/transport.controller.ts","365","TransportController","recordAutomatedDriverGpsPing","POST","'transport'","'driver/trips/:id/gps-ping'","'transport:operate'","","JwtAuthGuard, RolesPermissionsGuard, EntitlementGuard","","'module.transport'","","","transportM8bService.recordAutomatedDriverGpsPing","Decorator inventory only; downstream review in baseline report"
"apps/api/src/transport/transport.controller.ts","379","TransportController","recordEmergencyContactFlow","POST","'transport'","'driver/trips/:id/emergency-contact'","'transport:operate'","","JwtAuthGuard, RolesPermissionsGuard, EntitlementGuard","","'module.transport'","","","transportM8bService.recordEmergencyContactFlow","Decorator inventory only; downstream review in baseline report"
"apps/api/src/transport/transport.controller.ts","393","TransportController","startTrip","POST","'transport'","'trips'","'transport:trips:create'","","JwtAuthGuard, RolesPermissionsGuard, EntitlementGuard","","'module.transport'","","","transportService.startTrip","Decorator inventory only; downstream review in baseline report"
"apps/api/src/transport/transport.controller.ts","402","TransportController","listActiveTrips","GET","'transport'","'trips/active'","'transport:trips:read'","","JwtAuthGuard, RolesPermissionsGuard, EntitlementGuard","","'module.transport'","","","transportService.listActiveTrips","Decorator inventory only; downstream review in baseline report"
"apps/api/src/transport/transport.controller.ts","409","TransportController","listTripHistory","GET","'transport'","'trips/history'","'transport:trips:read'","","JwtAuthGuard, RolesPermissionsGuard, EntitlementGuard","","'module.transport'","","","transportService.listTripHistory","Decorator inventory only; downstream review in baseline report"
"apps/api/src/transport/transport.controller.ts","420","TransportController","getTripDetails","GET","'transport'","'trips/:id'","'transport:trips:read'","","JwtAuthGuard, RolesPermissionsGuard, EntitlementGuard","","'module.transport'","","","transportService.getTripDetails","Decorator inventory only; downstream review in baseline report"
"apps/api/src/transport/transport.controller.ts","430","TransportController","completeTrip","PATCH","'transport'","'trips/:id/complete'","'transport:trips:update', 'transport:operate'","","JwtAuthGuard, RolesPermissionsGuard, EntitlementGuard","","'module.transport'","","","transportService.completeTrip","Decorator inventory only; downstream review in baseline report"
"apps/api/src/transport/transport.controller.ts","440","TransportController","cancelTrip","PATCH","'transport'","'trips/:id/cancel'","'transport:trips:update'","","JwtAuthGuard, RolesPermissionsGuard, EntitlementGuard","","'module.transport'","","","transportHardeningService.cancelTrip","Decorator inventory only; downstream review in baseline report"
"apps/api/src/transport/transport.controller.ts","450","TransportController","markStudentBoarded","PATCH","'transport'","'trips/:id/students/boarded'","'transport:trips:update', 'transport:operate'","","JwtAuthGuard, RolesPermissionsGuard, EntitlementGuard","","'module.transport'","","","transportService.markStudentBoarded","Decorator inventory only; downstream review in baseline report"
"apps/api/src/transport/transport.controller.ts","460","TransportController","markStudentDropped","PATCH","'transport'","'trips/:id/students/dropped'","'transport:trips:update', 'transport:operate'","","JwtAuthGuard, RolesPermissionsGuard, EntitlementGuard","","'module.transport'","","","transportService.markStudentDropped","Decorator inventory only; downstream review in baseline report"
"apps/api/src/transport/transport.controller.ts","470","TransportController","markStudentAbsent","PATCH","'transport'","'trips/:id/students/absent'","'transport:trips:update', 'transport:operate'","","JwtAuthGuard, RolesPermissionsGuard, EntitlementGuard","","'module.transport'","","","transportService.markStudentAbsent","Decorator inventory only; downstream review in baseline report"
"apps/api/src/transport/transport.controller.ts","480","TransportController","markTripDelay","PATCH","'transport'","'trips/:id/delay'","'transport:trips:update', 'transport:operate'","","JwtAuthGuard, RolesPermissionsGuard, EntitlementGuard","","'module.transport'","","","transportService.markTripDelay","Decorator inventory only; downstream review in baseline report"
"apps/api/src/transport/transport.controller.ts","491","TransportController","recordLocationPing","POST","'transport'","'trips/:id/location'","'transport:location:update', 'transport:operate'","","JwtAuthGuard, RolesPermissionsGuard, EntitlementGuard","","'module.transport'","","","transportService.recordLocationPing","Decorator inventory only; downstream review in baseline report"
"apps/api/src/transport/transport.controller.ts","501","TransportController","cleanupLocationHistory","POST","'transport'","'location/cleanup'","'transport:manage'","","JwtAuthGuard, RolesPermissionsGuard, EntitlementGuard","","'module.transport'","","","transportService.cleanupLocationHistory","Decorator inventory only; downstream review in baseline report"
"apps/api/src/transport/transport.controller.ts","510","TransportController","getLatestTripLocation","GET","'transport'","'trips/:id/location/latest'","'transport:location:read'","","JwtAuthGuard, RolesPermissionsGuard, EntitlementGuard","","'module.transport'","","","transportService.getLatestTripLocation","Decorator inventory only; downstream review in baseline report"
"apps/api/src/transport/transport.controller.ts","519","TransportController","listLogs","GET","'transport'","'logs'","'transport:reports:read'","","JwtAuthGuard, RolesPermissionsGuard, EntitlementGuard","","'module.transport'","","","transportService.listLogs","Decorator inventory only; downstream review in baseline report"
"apps/api/src/transport/transport.controller.ts","528","TransportController","recordLog","POST","'transport'","'logs'","'transport:trips:update'","","JwtAuthGuard, RolesPermissionsGuard, EntitlementGuard","","'module.transport'","","","transportService.recordLog","Decorator inventory only; downstream review in baseline report"
"apps/api/src/transport/transport.controller.ts","537","TransportController","broadcastDelay","POST","'transport'","'delays'","'transport:trips:update', 'transport:operate'","","JwtAuthGuard, RolesPermissionsGuard, EntitlementGuard","","'module.transport'","","","transportService.broadcastDelay","Decorator inventory only; downstream review in baseline report"
"apps/api/src/transport/transport.controller.ts","546","TransportController","getReports","GET","'transport'","'reports'","'transport:reports:read'","","JwtAuthGuard, RolesPermissionsGuard, EntitlementGuard","","'module.transport'","","","transportService.getReports","Decorator inventory only; downstream review in baseline report"
"apps/api/src/transport/transport.controller.ts","552","TransportController","getGpsAcceptRejectReport","GET","'transport'","'reports/gps-pings'","'transport:reports:read'","","JwtAuthGuard, RolesPermissionsGuard, EntitlementGuard","","'module.transport'","","","transportM8bService.getGpsAcceptRejectReport","Decorator inventory only; downstream review in baseline report"
"apps/api/src/transport/transport.controller.ts","565","TransportController","getStaleGpsReport","GET","'transport'","'reports/stale-gps'","'transport:reports:read'","","JwtAuthGuard, RolesPermissionsGuard, EntitlementGuard","","'module.transport'","","","transportM8bService.getStaleGpsReport","Decorator inventory only; downstream review in baseline report"
"apps/api/src/transport/transport.controller.ts","571","TransportController","getOneDayRouteChangesReport","GET","'transport'","'reports/one-day-route-changes'","'transport:reports:read'","","JwtAuthGuard, RolesPermissionsGuard, EntitlementGuard","","'module.transport'","","","transportM8bService.listOneDayRouteChanges","Decorator inventory only; downstream review in baseline report"
"apps/api/src/transport/transport.controller.ts","580","TransportController","getVehicleDocumentExpiryReport","GET","'transport'","'reports/vehicle-documents'","'transport:reports:read'","","JwtAuthGuard, RolesPermissionsGuard, EntitlementGuard","","'module.transport'","","","transportM8bService.getVehicleDocumentExpiryReport","Decorator inventory only; downstream review in baseline report"
"apps/api/src/transport/transport.controller.ts","589","TransportController","getMaintenanceReminderReport","GET","'transport'","'reports/maintenance'","'transport:reports:read'","","JwtAuthGuard, RolesPermissionsGuard, EntitlementGuard","","'module.transport'","","","transportM8bService.getMaintenanceReminderReport","Decorator inventory only; downstream review in baseline report"
"apps/api/src/transport/transport.controller.ts","595","TransportController","getAssignmentDepthReport","GET","'transport'","'reports/assignment-depth'","'transport:reports:read'","","JwtAuthGuard, RolesPermissionsGuard, EntitlementGuard","","'module.transport'","","","transportM8bService.getAssignmentDepthReport","Decorator inventory only; downstream review in baseline report"
"apps/api/src/transport/transport.controller.ts","601","TransportController","getTripHistoryReport","GET","'transport'","'reports/trips'","'transport:reports:read'","","JwtAuthGuard, RolesPermissionsGuard, EntitlementGuard","","'module.transport'","","","transportHardeningService.getTripHistoryReport","Decorator inventory only; downstream review in baseline report"
"apps/api/src/transport/transport.controller.ts","616","TransportController","getBoardingReport","GET","'transport'","'reports/boarding'","'transport:reports:read'","","JwtAuthGuard, RolesPermissionsGuard, EntitlementGuard","","'module.transport'","","","transportHardeningService.getBoardingReport","Decorator inventory only; downstream review in baseline report"
"apps/api/src/transport/transport.controller.ts","629","TransportController","exportTripHistoryCsv","GET","'transport'","'reports/trips.csv'","'transport:reports:read'","","JwtAuthGuard, RolesPermissionsGuard, EntitlementGuard","","'module.transport'","","","transportHardeningService.exportTripHistoryCsv","Decorator inventory only; downstream review in baseline report"
"apps/api/src/transport/transport.controller.ts","640","TransportController","exportTripHistoryCsvFile","POST","'transport'","'reports/trips/export'","'transport:reports:read'","","JwtAuthGuard, RolesPermissionsGuard, EntitlementGuard","","'module.transport'","","","transportHardeningService.exportTripHistoryCsvFile","Decorator inventory only; downstream review in baseline report"
"apps/api/src/users/users.controller.ts","26","UsersController","listUsers","GET","'users'","","'users:read'","","JwtAuthGuard, TenantActiveGuard, RolesPermissionsGuard","","","","","usersService.listUsers","Decorator inventory only; downstream review in baseline report"
"apps/api/src/users/users.controller.ts","32","UsersController","createUser","POST","'users'","","'users:create'","","JwtAuthGuard, TenantActiveGuard, RolesPermissionsGuard","","","","","usersService.createUser","Decorator inventory only; downstream review in baseline report"
"apps/api/src/users/users.controller.ts","38","UsersController","updateStatus","PATCH","'users'","':id/status'","'users:update_status'","","JwtAuthGuard, TenantActiveGuard, RolesPermissionsGuard","","","","","usersService.updateStatus","Decorator inventory only; downstream review in baseline report"
"apps/api/src/users/users.controller.ts","48","UsersController","resetPassword","POST","'users'","':id/reset-password'","'users:reset_password'","","JwtAuthGuard, TenantActiveGuard, RolesPermissionsGuard","","","","","usersService.resetPassword","Decorator inventory only; downstream review in baseline report"
"apps/api/src/users/users.controller.ts","58","UsersController","passwordReset","POST","'users'","':id/password-reset'","'users:reset_password'","","JwtAuthGuard, TenantActiveGuard, RolesPermissionsGuard","","","","","usersService.resetPassword","Decorator inventory only; downstream review in baseline report"
"apps/api/src/users/users.controller.ts","68","UsersController","forceLogout","POST","'users'","':id/force-logout'","'users:reset_password'","","JwtAuthGuard, TenantActiveGuard, RolesPermissionsGuard","","","","","usersService.forceLogout","Decorator inventory only; downstream review in baseline report"
