role,permission,direct,effective_via_alias
"admin","classes:create","true","true"
"admin","classes:read","true","true"
"admin","streams:create","true","true"
"admin","streams:read","true","true"
"admin","academic_years:create","true","true"
"admin","academic_years:read","true","true"
"admin","sections:create","true","true"
"admin","sections:read","true","true"
"admin","academics:manage","true","true"
"admin","academics:read","true","true"
"admin","academics:enter_marks","true","true"
"admin","academics:manage_report_cards","true","true"
"admin","academics:create","true","true"
"admin","academics:update","true","true"
"admin","academics:delete","true","true"
"admin","exam-terms:read","true","true"
"admin","exam-terms:manage","true","true"
"admin","exam-terms:unlock","true","true"
"admin","assessment-components:read","true","true"
"admin","assessment-components:manage","true","true"
"admin","marks:read","true","true"
"admin","marks:manage","true","true"
"admin","marks:review_lock","true","true"
"admin","academics:cas:manage","true","true"
"admin","cas-records:read","true","true"
"admin","cas-records:manage","true","true"
"admin","results:read","true","true"
"admin","results:publish","true","true"
"admin","results:unpublish","true","true"
"admin","academics:report_cards:review","true","true"
"admin","timetable:manage","true","true"
"admin","timetable:read_published","true","true"
"admin","timetable:read","true","true"
"admin","timetable:create","true","true"
"admin","timetable:update","true","true"
"admin","timetable:delete","true","true"
"admin","timetable:publish","true","true"
"admin","timetable:substitute","true","true"
"admin","homework:create","true","true"
"admin","homework:read_published","true","true"
"admin","homework:read","true","true"
"admin","homework:review","true","true"
"admin","homework:update","true","true"
"admin","homework:delete","true","true"
"admin","homework:notify","true","true"
"admin","homework:submit","true","true"
"admin","accounting:read","false","false"
"admin","accounting:close","false","false"
"admin","accounting:reverse","false","false"
"admin","accounting:accounts:read","false","false"
"admin","accounting:accounts:write","false","false"
"admin","accounting:fiscal:manage","false","false"
"admin","accounting:fiscal:reopen","false","false"
"admin","accounting:journals:read","false","false"
"admin","accounting:journals:create","false","false"
"admin","accounting:journals:submit","false","false"
"admin","accounting:journals:approve","false","false"
"admin","accounting:journals:reject","false","false"
"admin","accounting:journals:post","false","false"
"admin","accounting:journals:cancel","false","false"
"admin","accounting:journals:reverse","false","false"
"admin","accounting:reports:read","false","false"
"admin","accounting:audit:read","false","false"
"admin","accounting:reports:trial-balance","false","false"
"admin","accounting:reports:general-ledger","false","false"
"admin","accounting:reports:cash-book","false","false"
"admin","accounting:reports:income-statement","false","false"
"admin","accounting:reports:balance-sheet","false","false"
"admin","accounting:reports:tax-summary","false","false"
"admin","accounting:settings:read","false","false"
"admin","accounting:settings:update","false","false"
"admin","accounting:exports:create","false","true"
"admin","accounting:posting-batches:read","false","false"
"admin","accounting:posting-batches:retry","false","false"
"admin","accounting:payroll-handoff:read","false","false"
"admin","accounting:payroll-handoff:post","false","false"
"admin","accounting:expenses:read","false","false"
"admin","accounting:expenses:write","false","false"
"admin","accounting:vendors:read","false","false"
"admin","accounting:vendors:write","false","false"
"admin","accounting:payables:read","false","false"
"admin","accounting:payables:write","false","false"
"admin","accounting:reconciliation:read","false","false"
"admin","accounting:reconciliation:manage","false","false"
"admin","accounting:reconciliation:finalize","false","false"
"admin","finance:principal:read","false","false"
"admin","finance:approvals:read","false","false"
"admin","finance:approvals:decide","false","false"
"admin","accounting:budgets:read","false","false"
"admin","accounting:budgets:write","false","false"
"admin","accounting:reports:budget-vs-actual","false","false"
"admin","accounting:reports:cash-flow-statement","false","false"
"admin","activity_feed:create","true","true"
"admin","activity_feed:read","true","true"
"admin","activity_feed:moderate","true","true"
"admin","advanced:approvals:read","true","true"
"admin","advanced:approvals:manage","true","true"
"admin","advanced:approvals:decide","true","true"
"admin","advanced:automation:read","true","true"
"admin","advanced:automation:manage","true","true"
"admin","advanced:automation:execute","true","true"
"admin","advanced:analytics:read","true","true"
"admin","advanced:analytics:refresh","true","true"
"admin","advanced:documents:read","true","true"
"admin","advanced:documents:manage","true","true"
"admin","advanced:exports:read","true","true"
"admin","advanced:exports:create","true","true"
"admin","attendance:mark","true","true"
"admin","attendance:read","true","true"
"admin","attendance:review_conflicts","true","true"
"admin","attendance:manage_all","true","true"
"admin","attendance:override_lock","true","true"
"admin","attendance:staff:update","true","true"
"admin","users:create","true","true"
"admin","users:read","true","true"
"admin","users:update_status","true","true"
"admin","users:reset_password","true","true"
"admin","roles:read","true","true"
"admin","roles:create","true","true"
"admin","roles:assign","true","true"
"admin","roles:manage_permissions","true","true"
"admin","canteen:menu:create","true","true"
"admin","canteen:menu:read","true","true"
"admin","canteen:menu:update","true","true"
"admin","canteen:plans:create","true","true"
"admin","canteen:plans:read","true","true"
"admin","canteen:plans:update","true","true"
"admin","canteen:enrollments:create","true","true"
"admin","canteen:enrollments:read","true","true"
"admin","canteen:enrollments:update","true","true"
"admin","canteen:serving:create","true","true"
"admin","canteen:serving:read","true","true"
"admin","canteen:serving:update","true","true"
"admin","canteen:wallets:create","true","true"
"admin","canteen:wallets:read","true","true"
"admin","canteen:wallets:update","true","true"
"admin","canteen:pos:create","true","true"
"admin","canteen:pos:read","true","true"
"admin","canteen:pos:update","true","true"
"admin","canteen:inventory:read","true","true"
"admin","canteen:inventory:update","true","true"
"admin","canteen:controls:create","true","true"
"admin","canteen:controls:read","true","true"
"admin","canteen:controls:update","true","true"
"admin","canteen:reports:read","true","true"
"admin","canteen:parent:read","true","true"
"admin","notifications:view_own","true","true"
"admin","notifications:manage_templates","true","true"
"admin","notifications:manage_preferences","true","true"
"admin","notifications:view_delivery_diagnostics","true","true"
"admin","notifications:retry_deliveries","true","true"
"admin","notices:create","true","true"
"admin","notices:edit","true","true"
"admin","notices:publish","true","true"
"admin","notices:schedule","true","true"
"admin","notices:cancel","true","true"
"admin","notices:archive","true","true"
"admin","notices:read","true","true"
"admin","notices:approve","true","true"
"admin","notices:send_emergency","true","true"
"admin","notices:read_reports","true","true"
"admin","events:create","true","true"
"admin","events:read","true","true"
"admin","communications:read_deliveries","true","true"
"admin","communications:retry_deliveries","true","true"
"admin","communications:manage_templates","true","true"
"admin","communications:manage_consent","true","true"
"admin","consents:manage","true","true"
"admin","service_requests:create","true","true"
"admin","service_requests:read","true","true"
"admin","service_requests:manage","true","true"
"admin","fees:manage","false","false"
"admin","fees:bill","false","false"
"admin","fees:discount","false","false"
"admin","fees:adjust","false","false"
"admin","payments:collect","false","false"
"admin","payments:refund","false","false"
"admin","payments:close","false","false"
"admin","payments:reverse","false","false"
"admin","receipts:read","false","false"
"admin","receipts:manage","false","false"
"admin","ledger:read","false","false"
"admin","hr:manage","true","true"
"admin","hr:read","true","true"
"admin","hr:staff:read","true","true"
"admin","hr:staff:create","true","true"
"admin","hr:staff:update","true","true"
"admin","hr:staff:lifecycle","true","true"
"admin","hr:staff:terminate","true","true"
"admin","hr:staff:archive","true","true"
"admin","hr:attendance:read","true","true"
"admin","hr:attendance:write","true","true"
"admin","hr:attendance:correct","true","true"
"admin","hr:leave:read","true","true"
"admin","hr:leave:request","true","true"
"admin","hr:leave:approve","true","true"
"admin","hr:leave:adjust","true","true"
"admin","learning:read","true","true"
"admin","learning:manage","true","true"
"admin","learning:create","true","true"
"admin","learning:update","true","true"
"admin","learning:delete","true","true"
"admin","learning:launch","true","true"
"admin","learning:attempt","true","true"
"admin","learning:progress","true","true"
"admin","library:read","true","true"
"admin","library:manage","true","true"
"admin","library:books:create","true","true"
"admin","library:books:read","true","true"
"admin","library:books:update","true","true"
"admin","library:copies:create","true","true"
"admin","library:copies:read","true","true"
"admin","library:copies:update","true","true"
"admin","library:issues:create","true","true"
"admin","library:issues:read","true","true"
"admin","library:issues:return","true","true"
"admin","library:fines:create","true","true"
"admin","library:fines:update","true","true"
"admin","library:fines:post","true","true"
"admin","library:reports:read","true","true"
"admin","library:reports:export","true","true"
"admin","messaging:create","false","false"
"admin","messaging:read","true","true"
"admin","messaging:manage","false","false"
"admin","payroll:manage","false","false"
"admin","payroll:read","false","false"
"admin","payroll:salary:read","false","false"
"admin","payroll:salary:write","false","false"
"admin","payroll:run:create","false","false"
"admin","payroll:run:read","false","false"
"admin","payroll:run:review","false","false"
"admin","payroll:run:approve","false","false"
"admin","payroll:run:post","false","false"
"admin","payroll:run:pay","false","false"
"admin","payroll:run:reverse","false","false"
"admin","payroll:payslip:read","false","true"
"admin","payroll:payslip:generate","false","false"
"admin","payroll:reports:read","false","false"
"admin","payroll:exports:create","false","true"
"admin","tenants:manage","false","false"
"admin","tenants:read","true","true"
"admin","platform:read","false","false"
"admin","platform:manage","false","false"
"admin","platform:dashboard:read","false","false"
"admin","platform:tenants:read","false","false"
"admin","platform:tenants:status","false","false"
"admin","platform:plans:read","false","false"
"admin","platform:plans:manage","false","false"
"admin","platform:subscriptions:read","false","false"
"admin","platform:subscriptions:manage","false","false"
"admin","platform:usage:read","false","false"
"admin","platform:billing:read","false","false"
"admin","platform:billing:manage","false","false"
"admin","platform:providers:read","false","false"
"admin","platform:providers:manage","false","false"
"admin","platform:api-keys:read","false","false"
"admin","platform:api-keys:manage","false","false"
"admin","platform:queues:read","false","false"
"admin","platform:queues:retry","false","false"
"admin","platform:queues:manage","false","false"
"admin","platform:support:override","false","false"
"admin","platform:audit:read","false","false"
"admin","platform:health:read","false","false"
"admin","platform:reports:read","false","false"
"admin","platform:onboarding:read","false","false"
"admin","platform:onboarding:manage","false","false"
"admin","platform:demo-requests:read","false","false"
"admin","platform:demo-requests:manage","false","false"
"admin","settings:read_public","true","true"
"admin","settings:read","true","true"
"admin","settings:manage","true","true"
"admin","settings:delegate","true","true"
"admin","settings:audit:read","true","true"
"admin","settings:identity:manage","true","true"
"admin","settings:academic:manage","true","true"
"admin","settings:attendance:manage","true","true"
"admin","settings:finance:manage","false","true"
"admin","settings:hr:manage","true","true"
"admin","settings:accounting:manage","false","true"
"admin","settings:communication:manage","true","true"
"admin","settings:security:manage","true","true"
"admin","reports:read","true","true"
"admin","reports:export","true","true"
"admin","staff:create","true","true"
"admin","staff:read","true","true"
"admin","staff:update","true","true"
"admin","students:create","true","true"
"admin","students:read","true","true"
"admin","students:update","true","true"
"admin","students:delete","true","true"
"admin","students:manage_lifecycle","true","true"
"admin","admission_policy:read","true","true"
"admin","admission_policy:manage","true","true"
"admin","students:qr:generate","true","true"
"admin","students:qr:read","true","true"
"admin","students:qr:rotate","true","true"
"admin","students:qr:revoke","true","true"
"admin","students:qr:resolve","true","true"
"admin","students:qr:resolve_all","true","true"
"admin","guardians:create","true","true"
"admin","guardians:read","true","true"
"admin","guardians:update","true","true"
"admin","guardians:verify","true","true"
"admin","student_documents:manage","true","true"
"admin","siblings:manage","true","true"
"admin","enrollments:create","true","true"
"admin","enrollments:read","true","true"
"admin","transport:read","true","true"
"admin","transport:manage","true","true"
"admin","transport:operate","true","true"
"admin","transport:routes:create","true","true"
"admin","transport:routes:read","true","true"
"admin","transport:routes:update","true","true"
"admin","transport:vehicles:create","true","true"
"admin","transport:vehicles:read","true","true"
"admin","transport:vehicles:update","true","true"
"admin","transport:assignments:create","true","true"
"admin","transport:assignments:read","true","true"
"admin","transport:assignments:update","true","true"
"admin","transport:trips:create","true","true"
"admin","transport:trips:read","true","true"
"admin","transport:trips:update","true","true"
"admin","transport:location:read","true","true"
"admin","transport:location:update","true","true"
"admin","transport:tracking:parent","true","true"
"admin","transport:reports:read","true","true"
"school_config_owner","classes:create","false","false"
"school_config_owner","classes:read","true","true"
"school_config_owner","streams:create","false","false"
"school_config_owner","streams:read","false","false"
"school_config_owner","academic_years:create","true","true"
"school_config_owner","academic_years:read","true","true"
"school_config_owner","sections:create","false","false"
"school_config_owner","sections:read","true","true"
"school_config_owner","academics:manage","false","false"
"school_config_owner","academics:read","false","false"
"school_config_owner","academics:enter_marks","false","false"
"school_config_owner","academics:manage_report_cards","false","false"
"school_config_owner","academics:create","false","false"
"school_config_owner","academics:update","false","false"
"school_config_owner","academics:delete","false","false"
"school_config_owner","exam-terms:read","false","false"
"school_config_owner","exam-terms:manage","false","false"
"school_config_owner","exam-terms:unlock","false","false"
"school_config_owner","assessment-components:read","false","false"
"school_config_owner","assessment-components:manage","false","false"
"school_config_owner","marks:read","false","false"
"school_config_owner","marks:manage","false","false"
"school_config_owner","marks:review_lock","false","false"
"school_config_owner","academics:cas:manage","false","false"
"school_config_owner","cas-records:read","false","false"
"school_config_owner","cas-records:manage","false","false"
"school_config_owner","results:read","false","false"
"school_config_owner","results:publish","false","false"
"school_config_owner","results:unpublish","false","false"
"school_config_owner","academics:report_cards:review","false","false"
"school_config_owner","timetable:manage","false","false"
"school_config_owner","timetable:read_published","false","false"
"school_config_owner","timetable:read","false","false"
"school_config_owner","timetable:create","false","false"
"school_config_owner","timetable:update","false","false"
"school_config_owner","timetable:delete","false","false"
"school_config_owner","timetable:publish","false","false"
"school_config_owner","timetable:substitute","false","false"
"school_config_owner","homework:create","false","false"
"school_config_owner","homework:read_published","false","false"
"school_config_owner","homework:read","false","false"
"school_config_owner","homework:review","false","false"
"school_config_owner","homework:update","false","false"
"school_config_owner","homework:delete","false","false"
"school_config_owner","homework:notify","false","false"
"school_config_owner","homework:submit","false","false"
"school_config_owner","accounting:read","false","false"
"school_config_owner","accounting:close","false","false"
"school_config_owner","accounting:reverse","false","false"
"school_config_owner","accounting:accounts:read","false","false"
"school_config_owner","accounting:accounts:write","false","false"
"school_config_owner","accounting:fiscal:manage","false","false"
"school_config_owner","accounting:fiscal:reopen","false","false"
"school_config_owner","accounting:journals:read","false","false"
"school_config_owner","accounting:journals:create","false","false"
"school_config_owner","accounting:journals:submit","false","false"
"school_config_owner","accounting:journals:approve","false","false"
"school_config_owner","accounting:journals:reject","false","false"
"school_config_owner","accounting:journals:post","false","false"
"school_config_owner","accounting:journals:cancel","false","false"
"school_config_owner","accounting:journals:reverse","false","false"
"school_config_owner","accounting:reports:read","false","false"
"school_config_owner","accounting:audit:read","false","false"
"school_config_owner","accounting:reports:trial-balance","false","false"
"school_config_owner","accounting:reports:general-ledger","false","false"
"school_config_owner","accounting:reports:cash-book","false","false"
"school_config_owner","accounting:reports:income-statement","false","false"
"school_config_owner","accounting:reports:balance-sheet","false","false"
"school_config_owner","accounting:reports:tax-summary","false","false"
"school_config_owner","accounting:settings:read","true","true"
"school_config_owner","accounting:settings:update","true","true"
"school_config_owner","accounting:exports:create","false","false"
"school_config_owner","accounting:posting-batches:read","false","false"
"school_config_owner","accounting:posting-batches:retry","false","false"
"school_config_owner","accounting:payroll-handoff:read","false","false"
"school_config_owner","accounting:payroll-handoff:post","false","false"
"school_config_owner","accounting:expenses:read","false","false"
"school_config_owner","accounting:expenses:write","false","false"
"school_config_owner","accounting:vendors:read","false","false"
"school_config_owner","accounting:vendors:write","false","false"
"school_config_owner","accounting:payables:read","false","false"
"school_config_owner","accounting:payables:write","false","false"
"school_config_owner","accounting:reconciliation:read","false","false"
"school_config_owner","accounting:reconciliation:manage","false","false"
"school_config_owner","accounting:reconciliation:finalize","false","false"
"school_config_owner","finance:principal:read","false","false"
"school_config_owner","finance:approvals:read","false","false"
"school_config_owner","finance:approvals:decide","false","false"
"school_config_owner","accounting:budgets:read","false","false"
"school_config_owner","accounting:budgets:write","false","false"
"school_config_owner","accounting:reports:budget-vs-actual","false","false"
"school_config_owner","accounting:reports:cash-flow-statement","false","false"
"school_config_owner","activity_feed:create","false","false"
"school_config_owner","activity_feed:read","false","false"
"school_config_owner","activity_feed:moderate","false","false"
"school_config_owner","advanced:approvals:read","false","true"
"school_config_owner","advanced:approvals:manage","false","true"
"school_config_owner","advanced:approvals:decide","false","true"
"school_config_owner","advanced:automation:read","false","true"
"school_config_owner","advanced:automation:manage","false","true"
"school_config_owner","advanced:automation:execute","false","true"
"school_config_owner","advanced:analytics:read","false","true"
"school_config_owner","advanced:analytics:refresh","false","true"
"school_config_owner","advanced:documents:read","false","true"
"school_config_owner","advanced:documents:manage","false","true"
"school_config_owner","advanced:exports:read","false","true"
"school_config_owner","advanced:exports:create","false","false"
"school_config_owner","attendance:mark","false","false"
"school_config_owner","attendance:read","false","false"
"school_config_owner","attendance:review_conflicts","false","false"
"school_config_owner","attendance:manage_all","false","false"
"school_config_owner","attendance:override_lock","false","false"
"school_config_owner","attendance:staff:update","false","false"
"school_config_owner","users:create","true","true"
"school_config_owner","users:read","true","true"
"school_config_owner","users:update_status","true","true"
"school_config_owner","users:reset_password","true","true"
"school_config_owner","roles:read","true","true"
"school_config_owner","roles:create","true","true"
"school_config_owner","roles:assign","true","true"
"school_config_owner","roles:manage_permissions","true","true"
"school_config_owner","canteen:menu:create","false","false"
"school_config_owner","canteen:menu:read","false","false"
"school_config_owner","canteen:menu:update","false","false"
"school_config_owner","canteen:plans:create","false","false"
"school_config_owner","canteen:plans:read","false","false"
"school_config_owner","canteen:plans:update","false","false"
"school_config_owner","canteen:enrollments:create","false","false"
"school_config_owner","canteen:enrollments:read","false","false"
"school_config_owner","canteen:enrollments:update","false","false"
"school_config_owner","canteen:serving:create","false","false"
"school_config_owner","canteen:serving:read","false","false"
"school_config_owner","canteen:serving:update","false","false"
"school_config_owner","canteen:wallets:create","false","false"
"school_config_owner","canteen:wallets:read","false","false"
"school_config_owner","canteen:wallets:update","false","false"
"school_config_owner","canteen:pos:create","false","false"
"school_config_owner","canteen:pos:read","false","false"
"school_config_owner","canteen:pos:update","false","false"
"school_config_owner","canteen:inventory:read","false","false"
"school_config_owner","canteen:inventory:update","false","false"
"school_config_owner","canteen:controls:create","false","false"
"school_config_owner","canteen:controls:read","false","false"
"school_config_owner","canteen:controls:update","false","false"
"school_config_owner","canteen:reports:read","false","false"
"school_config_owner","canteen:parent:read","false","false"
"school_config_owner","notifications:view_own","false","false"
"school_config_owner","notifications:manage_templates","false","false"
"school_config_owner","notifications:manage_preferences","false","false"
"school_config_owner","notifications:view_delivery_diagnostics","false","false"
"school_config_owner","notifications:retry_deliveries","false","false"
"school_config_owner","notices:create","false","false"
"school_config_owner","notices:edit","false","false"
"school_config_owner","notices:publish","false","false"
"school_config_owner","notices:schedule","false","false"
"school_config_owner","notices:cancel","false","false"
"school_config_owner","notices:archive","false","false"
"school_config_owner","notices:read","false","false"
"school_config_owner","notices:approve","false","false"
"school_config_owner","notices:send_emergency","false","false"
"school_config_owner","notices:read_reports","false","false"
"school_config_owner","events:create","false","false"
"school_config_owner","events:read","false","false"
"school_config_owner","communications:read_deliveries","false","false"
"school_config_owner","communications:retry_deliveries","false","false"
"school_config_owner","communications:manage_templates","false","false"
"school_config_owner","communications:manage_consent","true","true"
"school_config_owner","consents:manage","true","true"
"school_config_owner","service_requests:create","false","false"
"school_config_owner","service_requests:read","false","false"
"school_config_owner","service_requests:manage","false","false"
"school_config_owner","fees:manage","false","false"
"school_config_owner","fees:bill","false","false"
"school_config_owner","fees:discount","false","false"
"school_config_owner","fees:adjust","false","false"
"school_config_owner","payments:collect","false","false"
"school_config_owner","payments:refund","false","false"
"school_config_owner","payments:close","false","false"
"school_config_owner","payments:reverse","false","false"
"school_config_owner","receipts:read","false","false"
"school_config_owner","receipts:manage","false","false"
"school_config_owner","ledger:read","false","false"
"school_config_owner","hr:manage","false","false"
"school_config_owner","hr:read","false","false"
"school_config_owner","hr:staff:read","false","false"
"school_config_owner","hr:staff:create","false","false"
"school_config_owner","hr:staff:update","false","false"
"school_config_owner","hr:staff:lifecycle","false","false"
"school_config_owner","hr:staff:terminate","false","false"
"school_config_owner","hr:staff:archive","false","false"
"school_config_owner","hr:attendance:read","false","false"
"school_config_owner","hr:attendance:write","false","false"
"school_config_owner","hr:attendance:correct","false","false"
"school_config_owner","hr:leave:read","false","false"
"school_config_owner","hr:leave:request","false","false"
"school_config_owner","hr:leave:approve","false","false"
"school_config_owner","hr:leave:adjust","false","false"
"school_config_owner","learning:read","false","false"
"school_config_owner","learning:manage","false","false"
"school_config_owner","learning:create","false","false"
"school_config_owner","learning:update","false","false"
"school_config_owner","learning:delete","false","false"
"school_config_owner","learning:launch","false","false"
"school_config_owner","learning:attempt","false","false"
"school_config_owner","learning:progress","false","false"
"school_config_owner","library:read","false","false"
"school_config_owner","library:manage","false","false"
"school_config_owner","library:books:create","false","false"
"school_config_owner","library:books:read","false","false"
"school_config_owner","library:books:update","false","false"
"school_config_owner","library:copies:create","false","false"
"school_config_owner","library:copies:read","false","false"
"school_config_owner","library:copies:update","false","false"
"school_config_owner","library:issues:create","false","false"
"school_config_owner","library:issues:read","false","false"
"school_config_owner","library:issues:return","false","false"
"school_config_owner","library:fines:create","false","false"
"school_config_owner","library:fines:update","false","false"
"school_config_owner","library:fines:post","false","false"
"school_config_owner","library:reports:read","false","false"
"school_config_owner","library:reports:export","false","false"
"school_config_owner","messaging:create","false","false"
"school_config_owner","messaging:read","false","false"
"school_config_owner","messaging:manage","false","false"
"school_config_owner","payroll:manage","false","false"
"school_config_owner","payroll:read","false","false"
"school_config_owner","payroll:salary:read","false","false"
"school_config_owner","payroll:salary:write","false","false"
"school_config_owner","payroll:run:create","false","false"
"school_config_owner","payroll:run:read","false","false"
"school_config_owner","payroll:run:review","false","false"
"school_config_owner","payroll:run:approve","false","false"
"school_config_owner","payroll:run:post","false","false"
"school_config_owner","payroll:run:pay","false","false"
"school_config_owner","payroll:run:reverse","false","false"
"school_config_owner","payroll:payslip:read","false","false"
"school_config_owner","payroll:payslip:generate","false","false"
"school_config_owner","payroll:reports:read","false","false"
"school_config_owner","payroll:exports:create","false","false"
"school_config_owner","tenants:manage","false","false"
"school_config_owner","tenants:read","false","false"
"school_config_owner","platform:read","false","false"
"school_config_owner","platform:manage","false","false"
"school_config_owner","platform:dashboard:read","false","false"
"school_config_owner","platform:tenants:read","false","false"
"school_config_owner","platform:tenants:status","false","false"
"school_config_owner","platform:plans:read","false","false"
"school_config_owner","platform:plans:manage","false","false"
"school_config_owner","platform:subscriptions:read","false","false"
"school_config_owner","platform:subscriptions:manage","false","false"
"school_config_owner","platform:usage:read","false","false"
"school_config_owner","platform:billing:read","false","false"
"school_config_owner","platform:billing:manage","false","false"
"school_config_owner","platform:providers:read","false","false"
"school_config_owner","platform:providers:manage","false","false"
"school_config_owner","platform:api-keys:read","false","false"
"school_config_owner","platform:api-keys:manage","false","false"
"school_config_owner","platform:queues:read","false","false"
"school_config_owner","platform:queues:retry","false","false"
"school_config_owner","platform:queues:manage","false","false"
"school_config_owner","platform:support:override","false","false"
"school_config_owner","platform:audit:read","false","false"
"school_config_owner","platform:health:read","false","false"
"school_config_owner","platform:reports:read","false","false"
"school_config_owner","platform:onboarding:read","false","false"
"school_config_owner","platform:onboarding:manage","false","false"
"school_config_owner","platform:demo-requests:read","false","false"
"school_config_owner","platform:demo-requests:manage","false","false"
"school_config_owner","settings:read_public","true","true"
"school_config_owner","settings:read","true","true"
"school_config_owner","settings:manage","true","true"
"school_config_owner","settings:delegate","true","true"
"school_config_owner","settings:audit:read","true","true"
"school_config_owner","settings:identity:manage","true","true"
"school_config_owner","settings:academic:manage","true","true"
"school_config_owner","settings:attendance:manage","true","true"
"school_config_owner","settings:finance:manage","true","true"
"school_config_owner","settings:hr:manage","true","true"
"school_config_owner","settings:accounting:manage","true","true"
"school_config_owner","settings:communication:manage","true","true"
"school_config_owner","settings:security:manage","true","true"
"school_config_owner","reports:read","true","true"
"school_config_owner","reports:export","false","false"
"school_config_owner","staff:create","false","false"
"school_config_owner","staff:read","false","false"
"school_config_owner","staff:update","false","false"
"school_config_owner","students:create","false","false"
"school_config_owner","students:read","false","false"
"school_config_owner","students:update","false","false"
"school_config_owner","students:delete","false","false"
"school_config_owner","students:manage_lifecycle","false","false"
"school_config_owner","admission_policy:read","true","true"
"school_config_owner","admission_policy:manage","true","true"
"school_config_owner","students:qr:generate","false","false"
"school_config_owner","students:qr:read","false","false"
"school_config_owner","students:qr:rotate","false","false"
"school_config_owner","students:qr:revoke","false","false"
"school_config_owner","students:qr:resolve","false","false"
"school_config_owner","students:qr:resolve_all","false","false"
"school_config_owner","guardians:create","false","false"
"school_config_owner","guardians:read","false","false"
"school_config_owner","guardians:update","false","false"
"school_config_owner","guardians:verify","false","false"
"school_config_owner","student_documents:manage","false","false"
"school_config_owner","siblings:manage","false","false"
"school_config_owner","enrollments:create","false","false"
"school_config_owner","enrollments:read","false","false"
"school_config_owner","transport:read","false","false"
"school_config_owner","transport:manage","false","false"
"school_config_owner","transport:operate","false","false"
"school_config_owner","transport:routes:create","false","false"
"school_config_owner","transport:routes:read","false","false"
"school_config_owner","transport:routes:update","false","false"
"school_config_owner","transport:vehicles:create","false","false"
"school_config_owner","transport:vehicles:read","false","false"
"school_config_owner","transport:vehicles:update","false","false"
"school_config_owner","transport:assignments:create","false","false"
"school_config_owner","transport:assignments:read","false","false"
"school_config_owner","transport:assignments:update","false","false"
"school_config_owner","transport:trips:create","false","false"
"school_config_owner","transport:trips:read","false","false"
"school_config_owner","transport:trips:update","false","false"
"school_config_owner","transport:location:read","false","false"
"school_config_owner","transport:location:update","false","false"
"school_config_owner","transport:tracking:parent","false","false"
"school_config_owner","transport:reports:read","false","false"
"principal","classes:create","false","false"
"principal","classes:read","true","true"
"principal","streams:create","false","false"
"principal","streams:read","true","true"
"principal","academic_years:create","false","false"
"principal","academic_years:read","true","true"
"principal","sections:create","false","false"
"principal","sections:read","true","true"
"principal","academics:manage","false","false"
"principal","academics:read","true","true"
"principal","academics:enter_marks","false","false"
"principal","academics:manage_report_cards","false","false"
"principal","academics:create","false","false"
"principal","academics:update","false","false"
"principal","academics:delete","false","false"
"principal","exam-terms:read","true","true"
"principal","exam-terms:manage","false","false"
"principal","exam-terms:unlock","true","true"
"principal","assessment-components:read","true","true"
"principal","assessment-components:manage","false","false"
"principal","marks:read","true","true"
"principal","marks:manage","false","false"
"principal","marks:review_lock","true","true"
"principal","academics:cas:manage","false","false"
"principal","cas-records:read","true","true"
"principal","cas-records:manage","false","false"
"principal","results:read","true","true"
"principal","results:publish","true","true"
"principal","results:unpublish","true","true"
"principal","academics:report_cards:review","true","true"
"principal","timetable:manage","false","false"
"principal","timetable:read_published","false","false"
"principal","timetable:read","false","false"
"principal","timetable:create","false","false"
"principal","timetable:update","false","false"
"principal","timetable:delete","false","false"
"principal","timetable:publish","false","false"
"principal","timetable:substitute","false","false"
"principal","homework:create","false","false"
"principal","homework:read_published","false","false"
"principal","homework:read","false","false"
"principal","homework:review","false","false"
"principal","homework:update","false","false"
"principal","homework:delete","false","false"
"principal","homework:notify","false","false"
"principal","homework:submit","false","false"
"principal","accounting:read","true","true"
"principal","accounting:close","false","false"
"principal","accounting:reverse","false","false"
"principal","accounting:accounts:read","true","true"
"principal","accounting:accounts:write","false","false"
"principal","accounting:fiscal:manage","false","false"
"principal","accounting:fiscal:reopen","false","false"
"principal","accounting:journals:read","true","true"
"principal","accounting:journals:create","false","false"
"principal","accounting:journals:submit","false","false"
"principal","accounting:journals:approve","false","false"
"principal","accounting:journals:reject","false","false"
"principal","accounting:journals:post","false","false"
"principal","accounting:journals:cancel","false","false"
"principal","accounting:journals:reverse","false","false"
"principal","accounting:reports:read","true","true"
"principal","accounting:audit:read","true","true"
"principal","accounting:reports:trial-balance","true","true"
"principal","accounting:reports:general-ledger","true","true"
"principal","accounting:reports:cash-book","true","true"
"principal","accounting:reports:income-statement","true","true"
"principal","accounting:reports:balance-sheet","true","true"
"principal","accounting:reports:tax-summary","true","true"
"principal","accounting:settings:read","true","true"
"principal","accounting:settings:update","false","false"
"principal","accounting:exports:create","false","false"
"principal","accounting:posting-batches:read","true","true"
"principal","accounting:posting-batches:retry","false","false"
"principal","accounting:payroll-handoff:read","true","true"
"principal","accounting:payroll-handoff:post","false","false"
"principal","accounting:expenses:read","true","true"
"principal","accounting:expenses:write","false","false"
"principal","accounting:vendors:read","true","true"
"principal","accounting:vendors:write","false","false"
"principal","accounting:payables:read","true","true"
"principal","accounting:payables:write","false","false"
"principal","accounting:reconciliation:read","true","true"
"principal","accounting:reconciliation:manage","false","false"
"principal","accounting:reconciliation:finalize","false","false"
"principal","finance:principal:read","true","true"
"principal","finance:approvals:read","false","false"
"principal","finance:approvals:decide","false","false"
"principal","accounting:budgets:read","true","true"
"principal","accounting:budgets:write","false","false"
"principal","accounting:reports:budget-vs-actual","true","true"
"principal","accounting:reports:cash-flow-statement","true","true"
"principal","activity_feed:create","false","false"
"principal","activity_feed:read","true","true"
"principal","activity_feed:moderate","false","false"
"principal","advanced:approvals:read","true","true"
"principal","advanced:approvals:manage","false","false"
"principal","advanced:approvals:decide","true","true"
"principal","advanced:automation:read","false","true"
"principal","advanced:automation:manage","false","false"
"principal","advanced:automation:execute","false","false"
"principal","advanced:analytics:read","false","true"
"principal","advanced:analytics:refresh","false","false"
"principal","advanced:documents:read","false","true"
"principal","advanced:documents:manage","false","false"
"principal","advanced:exports:read","false","true"
"principal","advanced:exports:create","false","false"
"principal","attendance:mark","false","false"
"principal","attendance:read","true","true"
"principal","attendance:review_conflicts","true","true"
"principal","attendance:manage_all","false","false"
"principal","attendance:override_lock","true","true"
"principal","attendance:staff:update","false","false"
"principal","users:create","false","false"
"principal","users:read","false","false"
"principal","users:update_status","false","false"
"principal","users:reset_password","false","false"
"principal","roles:read","true","true"
"principal","roles:create","false","false"
"principal","roles:assign","false","false"
"principal","roles:manage_permissions","false","false"
"principal","canteen:menu:create","false","false"
"principal","canteen:menu:read","false","false"
"principal","canteen:menu:update","false","false"
"principal","canteen:plans:create","false","false"
"principal","canteen:plans:read","false","false"
"principal","canteen:plans:update","false","false"
"principal","canteen:enrollments:create","false","false"
"principal","canteen:enrollments:read","false","false"
"principal","canteen:enrollments:update","false","false"
"principal","canteen:serving:create","false","false"
"principal","canteen:serving:read","false","false"
"principal","canteen:serving:update","false","false"
"principal","canteen:wallets:create","false","false"
"principal","canteen:wallets:read","false","false"
"principal","canteen:wallets:update","false","false"
"principal","canteen:pos:create","false","false"
"principal","canteen:pos:read","false","false"
"principal","canteen:pos:update","false","false"
"principal","canteen:inventory:read","false","false"
"principal","canteen:inventory:update","false","false"
"principal","canteen:controls:create","false","false"
"principal","canteen:controls:read","false","false"
"principal","canteen:controls:update","false","false"
"principal","canteen:reports:read","false","false"
"principal","canteen:parent:read","false","false"
"principal","notifications:view_own","true","true"
"principal","notifications:manage_templates","false","false"
"principal","notifications:manage_preferences","false","true"
"principal","notifications:view_delivery_diagnostics","false","true"
"principal","notifications:retry_deliveries","false","false"
"principal","notices:create","false","false"
"principal","notices:edit","false","false"
"principal","notices:publish","false","false"
"principal","notices:schedule","false","false"
"principal","notices:cancel","false","false"
"principal","notices:archive","false","false"
"principal","notices:read","true","true"
"principal","notices:approve","true","true"
"principal","notices:send_emergency","false","false"
"principal","notices:read_reports","true","true"
"principal","events:create","false","false"
"principal","events:read","true","true"
"principal","communications:read_deliveries","true","true"
"principal","communications:retry_deliveries","false","false"
"principal","communications:manage_templates","false","false"
"principal","communications:manage_consent","false","false"
"principal","consents:manage","false","false"
"principal","service_requests:create","false","false"
"principal","service_requests:read","true","true"
"principal","service_requests:manage","false","false"
"principal","fees:manage","false","false"
"principal","fees:bill","false","false"
"principal","fees:discount","false","false"
"principal","fees:adjust","false","false"
"principal","payments:collect","false","false"
"principal","payments:refund","false","false"
"principal","payments:close","false","false"
"principal","payments:reverse","false","false"
"principal","receipts:read","false","false"
"principal","receipts:manage","false","false"
"principal","ledger:read","false","false"
"principal","hr:manage","false","false"
"principal","hr:read","true","true"
"principal","hr:staff:read","true","true"
"principal","hr:staff:create","false","false"
"principal","hr:staff:update","false","false"
"principal","hr:staff:lifecycle","false","false"
"principal","hr:staff:terminate","false","false"
"principal","hr:staff:archive","false","false"
"principal","hr:attendance:read","true","true"
"principal","hr:attendance:write","false","false"
"principal","hr:attendance:correct","false","true"
"principal","hr:leave:read","true","true"
"principal","hr:leave:request","false","true"
"principal","hr:leave:approve","true","true"
"principal","hr:leave:adjust","false","false"
"principal","learning:read","false","false"
"principal","learning:manage","false","false"
"principal","learning:create","false","false"
"principal","learning:update","false","false"
"principal","learning:delete","false","false"
"principal","learning:launch","false","false"
"principal","learning:attempt","false","false"
"principal","learning:progress","false","false"
"principal","library:read","false","false"
"principal","library:manage","false","false"
"principal","library:books:create","false","false"
"principal","library:books:read","false","false"
"principal","library:books:update","false","false"
"principal","library:copies:create","false","false"
"principal","library:copies:read","false","false"
"principal","library:copies:update","false","false"
"principal","library:issues:create","false","false"
"principal","library:issues:read","false","false"
"principal","library:issues:return","false","false"
"principal","library:fines:create","false","false"
"principal","library:fines:update","false","false"
"principal","library:fines:post","false","false"
"principal","library:reports:read","false","false"
"principal","library:reports:export","false","false"
"principal","messaging:create","false","false"
"principal","messaging:read","false","false"
"principal","messaging:manage","false","false"
"principal","payroll:manage","false","false"
"principal","payroll:read","false","false"
"principal","payroll:salary:read","false","false"
"principal","payroll:salary:write","false","false"
"principal","payroll:run:create","false","false"
"principal","payroll:run:read","false","false"
"principal","payroll:run:review","false","false"
"principal","payroll:run:approve","false","false"
"principal","payroll:run:post","false","false"
"principal","payroll:run:pay","false","false"
"principal","payroll:run:reverse","false","false"
"principal","payroll:payslip:read","false","true"
"principal","payroll:payslip:generate","false","false"
"principal","payroll:reports:read","false","false"
"principal","payroll:exports:create","false","false"
"principal","tenants:manage","false","false"
"principal","tenants:read","false","false"
"principal","platform:read","false","false"
"principal","platform:manage","false","false"
"principal","platform:dashboard:read","false","false"
"principal","platform:tenants:read","false","false"
"principal","platform:tenants:status","false","false"
"principal","platform:plans:read","false","false"
"principal","platform:plans:manage","false","false"
"principal","platform:subscriptions:read","false","false"
"principal","platform:subscriptions:manage","false","false"
"principal","platform:usage:read","false","false"
"principal","platform:billing:read","false","false"
"principal","platform:billing:manage","false","false"
"principal","platform:providers:read","false","false"
"principal","platform:providers:manage","false","false"
"principal","platform:api-keys:read","false","false"
"principal","platform:api-keys:manage","false","false"
"principal","platform:queues:read","false","false"
"principal","platform:queues:retry","false","false"
"principal","platform:queues:manage","false","false"
"principal","platform:support:override","false","false"
"principal","platform:audit:read","false","false"
"principal","platform:health:read","false","false"
"principal","platform:reports:read","false","false"
"principal","platform:onboarding:read","false","false"
"principal","platform:onboarding:manage","false","false"
"principal","platform:demo-requests:read","false","false"
"principal","platform:demo-requests:manage","false","false"
"principal","settings:read_public","true","true"
"principal","settings:read","true","true"
"principal","settings:manage","false","false"
"principal","settings:delegate","false","false"
"principal","settings:audit:read","true","true"
"principal","settings:identity:manage","false","false"
"principal","settings:academic:manage","false","false"
"principal","settings:attendance:manage","false","false"
"principal","settings:finance:manage","false","false"
"principal","settings:hr:manage","false","false"
"principal","settings:accounting:manage","false","false"
"principal","settings:communication:manage","false","false"
"principal","settings:security:manage","false","false"
"principal","reports:read","true","true"
"principal","reports:export","false","false"
"principal","staff:create","false","false"
"principal","staff:read","true","true"
"principal","staff:update","false","false"
"principal","students:create","false","false"
"principal","students:read","true","true"
"principal","students:update","false","false"
"principal","students:delete","false","false"
"principal","students:manage_lifecycle","false","false"
"principal","admission_policy:read","true","true"
"principal","admission_policy:manage","false","false"
"principal","students:qr:generate","false","false"
"principal","students:qr:read","false","false"
"principal","students:qr:rotate","false","false"
"principal","students:qr:revoke","false","false"
"principal","students:qr:resolve","false","false"
"principal","students:qr:resolve_all","false","false"
"principal","guardians:create","false","false"
"principal","guardians:read","true","true"
"principal","guardians:update","false","false"
"principal","guardians:verify","false","false"
"principal","student_documents:manage","false","false"
"principal","siblings:manage","false","false"
"principal","enrollments:create","false","false"
"principal","enrollments:read","true","true"
"principal","transport:read","false","false"
"principal","transport:manage","false","false"
"principal","transport:operate","false","false"
"principal","transport:routes:create","false","false"
"principal","transport:routes:read","false","false"
"principal","transport:routes:update","false","false"
"principal","transport:vehicles:create","false","false"
"principal","transport:vehicles:read","false","false"
"principal","transport:vehicles:update","false","false"
"principal","transport:assignments:create","false","false"
"principal","transport:assignments:read","false","false"
"principal","transport:assignments:update","false","false"
"principal","transport:trips:create","false","false"
"principal","transport:trips:read","false","false"
"principal","transport:trips:update","false","false"
"principal","transport:location:read","false","false"
"principal","transport:location:update","false","false"
"principal","transport:tracking:parent","false","false"
"principal","transport:reports:read","false","false"
"teacher","classes:create","false","false"
"teacher","classes:read","true","true"
"teacher","streams:create","false","false"
"teacher","streams:read","false","false"
"teacher","academic_years:create","false","false"
"teacher","academic_years:read","true","true"
"teacher","sections:create","false","false"
"teacher","sections:read","true","true"
"teacher","academics:manage","false","false"
"teacher","academics:read","true","true"
"teacher","academics:enter_marks","true","true"
"teacher","academics:manage_report_cards","false","false"
"teacher","academics:create","false","false"
"teacher","academics:update","false","false"
"teacher","academics:delete","false","false"
"teacher","exam-terms:read","true","true"
"teacher","exam-terms:manage","false","false"
"teacher","exam-terms:unlock","false","false"
"teacher","assessment-components:read","true","true"
"teacher","assessment-components:manage","false","false"
"teacher","marks:read","true","true"
"teacher","marks:manage","false","false"
"teacher","marks:review_lock","false","false"
"teacher","academics:cas:manage","false","false"
"teacher","cas-records:read","true","true"
"teacher","cas-records:manage","false","false"
"teacher","results:read","true","true"
"teacher","results:publish","false","false"
"teacher","results:unpublish","false","false"
"teacher","academics:report_cards:review","false","false"
"teacher","timetable:manage","false","false"
"teacher","timetable:read_published","false","true"
"teacher","timetable:read","true","true"
"teacher","timetable:create","false","false"
"teacher","timetable:update","false","false"
"teacher","timetable:delete","false","false"
"teacher","timetable:publish","false","false"
"teacher","timetable:substitute","false","false"
"teacher","homework:create","true","true"
"teacher","homework:read_published","false","true"
"teacher","homework:read","true","true"
"teacher","homework:review","true","true"
"teacher","homework:update","true","true"
"teacher","homework:delete","false","false"
"teacher","homework:notify","true","true"
"teacher","homework:submit","false","false"
"teacher","accounting:read","false","false"
"teacher","accounting:close","false","false"
"teacher","accounting:reverse","false","false"
"teacher","accounting:accounts:read","false","false"
"teacher","accounting:accounts:write","false","false"
"teacher","accounting:fiscal:manage","false","false"
"teacher","accounting:fiscal:reopen","false","false"
"teacher","accounting:journals:read","false","false"
"teacher","accounting:journals:create","false","false"
"teacher","accounting:journals:submit","false","false"
"teacher","accounting:journals:approve","false","false"
"teacher","accounting:journals:reject","false","false"
"teacher","accounting:journals:post","false","false"
"teacher","accounting:journals:cancel","false","false"
"teacher","accounting:journals:reverse","false","false"
"teacher","accounting:reports:read","false","false"
"teacher","accounting:audit:read","false","false"
"teacher","accounting:reports:trial-balance","false","false"
"teacher","accounting:reports:general-ledger","false","false"
"teacher","accounting:reports:cash-book","false","false"
"teacher","accounting:reports:income-statement","false","false"
"teacher","accounting:reports:balance-sheet","false","false"
"teacher","accounting:reports:tax-summary","false","false"
"teacher","accounting:settings:read","false","false"
"teacher","accounting:settings:update","false","false"
"teacher","accounting:exports:create","false","false"
"teacher","accounting:posting-batches:read","false","false"
"teacher","accounting:posting-batches:retry","false","false"
"teacher","accounting:payroll-handoff:read","false","false"
"teacher","accounting:payroll-handoff:post","false","false"
"teacher","accounting:expenses:read","false","false"
"teacher","accounting:expenses:write","false","false"
"teacher","accounting:vendors:read","false","false"
"teacher","accounting:vendors:write","false","false"
"teacher","accounting:payables:read","false","false"
"teacher","accounting:payables:write","false","false"
"teacher","accounting:reconciliation:read","false","false"
"teacher","accounting:reconciliation:manage","false","false"
"teacher","accounting:reconciliation:finalize","false","false"
"teacher","finance:principal:read","false","false"
"teacher","finance:approvals:read","false","false"
"teacher","finance:approvals:decide","false","false"
"teacher","accounting:budgets:read","false","false"
"teacher","accounting:budgets:write","false","false"
"teacher","accounting:reports:budget-vs-actual","false","false"
"teacher","accounting:reports:cash-flow-statement","false","false"
"teacher","activity_feed:create","true","true"
"teacher","activity_feed:read","true","true"
"teacher","activity_feed:moderate","false","false"
"teacher","advanced:approvals:read","false","true"
"teacher","advanced:approvals:manage","false","false"
"teacher","advanced:approvals:decide","false","false"
"teacher","advanced:automation:read","false","true"
"teacher","advanced:automation:manage","false","false"
"teacher","advanced:automation:execute","false","false"
"teacher","advanced:analytics:read","false","true"
"teacher","advanced:analytics:refresh","false","false"
"teacher","advanced:documents:read","false","true"
"teacher","advanced:documents:manage","false","false"
"teacher","advanced:exports:read","false","true"
"teacher","advanced:exports:create","false","false"
"teacher","attendance:mark","true","true"
"teacher","attendance:read","true","true"
"teacher","attendance:review_conflicts","false","false"
"teacher","attendance:manage_all","false","false"
"teacher","attendance:override_lock","false","false"
"teacher","attendance:staff:update","false","false"
"teacher","users:create","false","false"
"teacher","users:read","false","false"
"teacher","users:update_status","false","false"
"teacher","users:reset_password","false","false"
"teacher","roles:read","true","true"
"teacher","roles:create","false","false"
"teacher","roles:assign","false","false"
"teacher","roles:manage_permissions","false","false"
"teacher","canteen:menu:create","false","false"
"teacher","canteen:menu:read","false","false"
"teacher","canteen:menu:update","false","false"
"teacher","canteen:plans:create","false","false"
"teacher","canteen:plans:read","false","false"
"teacher","canteen:plans:update","false","false"
"teacher","canteen:enrollments:create","false","false"
"teacher","canteen:enrollments:read","false","false"
"teacher","canteen:enrollments:update","false","false"
"teacher","canteen:serving:create","false","false"
"teacher","canteen:serving:read","false","false"
"teacher","canteen:serving:update","false","false"
"teacher","canteen:wallets:create","false","false"
"teacher","canteen:wallets:read","false","false"
"teacher","canteen:wallets:update","false","false"
"teacher","canteen:pos:create","false","false"
"teacher","canteen:pos:read","false","false"
"teacher","canteen:pos:update","false","false"
"teacher","canteen:inventory:read","false","false"
"teacher","canteen:inventory:update","false","false"
"teacher","canteen:controls:create","false","false"
"teacher","canteen:controls:read","false","false"
"teacher","canteen:controls:update","false","false"
"teacher","canteen:reports:read","false","false"
"teacher","canteen:parent:read","false","false"
"teacher","notifications:view_own","false","true"
"teacher","notifications:manage_templates","false","false"
"teacher","notifications:manage_preferences","false","true"
"teacher","notifications:view_delivery_diagnostics","false","false"
"teacher","notifications:retry_deliveries","false","false"
"teacher","notices:create","false","false"
"teacher","notices:edit","false","false"
"teacher","notices:publish","false","false"
"teacher","notices:schedule","false","false"
"teacher","notices:cancel","false","false"
"teacher","notices:archive","false","false"
"teacher","notices:read","true","true"
"teacher","notices:approve","false","false"
"teacher","notices:send_emergency","false","false"
"teacher","notices:read_reports","false","false"
"teacher","events:create","false","false"
"teacher","events:read","true","true"
"teacher","communications:read_deliveries","false","false"
"teacher","communications:retry_deliveries","false","false"
"teacher","communications:manage_templates","false","false"
"teacher","communications:manage_consent","false","false"
"teacher","consents:manage","false","false"
"teacher","service_requests:create","false","false"
"teacher","service_requests:read","false","false"
"teacher","service_requests:manage","false","false"
"teacher","fees:manage","false","false"
"teacher","fees:bill","false","false"
"teacher","fees:discount","false","false"
"teacher","fees:adjust","false","false"
"teacher","payments:collect","false","false"
"teacher","payments:refund","false","false"
"teacher","payments:close","false","false"
"teacher","payments:reverse","false","false"
"teacher","receipts:read","false","false"
"teacher","receipts:manage","false","false"
"teacher","ledger:read","false","false"
"teacher","hr:manage","false","false"
"teacher","hr:read","false","false"
"teacher","hr:staff:read","true","true"
"teacher","hr:staff:create","false","false"
"teacher","hr:staff:update","false","false"
"teacher","hr:staff:lifecycle","false","false"
"teacher","hr:staff:terminate","false","false"
"teacher","hr:staff:archive","false","false"
"teacher","hr:attendance:read","false","true"
"teacher","hr:attendance:write","false","true"
"teacher","hr:attendance:correct","false","false"
"teacher","hr:leave:read","true","true"
"teacher","hr:leave:request","true","true"
"teacher","hr:leave:approve","false","false"
"teacher","hr:leave:adjust","false","false"
"teacher","learning:read","true","true"
"teacher","learning:manage","false","false"
"teacher","learning:create","true","true"
"teacher","learning:update","true","true"
"teacher","learning:delete","true","true"
"teacher","learning:launch","true","true"
"teacher","learning:attempt","false","false"
"teacher","learning:progress","true","true"
"teacher","library:read","false","false"
"teacher","library:manage","false","false"
"teacher","library:books:create","false","false"
"teacher","library:books:read","true","true"
"teacher","library:books:update","false","false"
"teacher","library:copies:create","false","false"
"teacher","library:copies:read","true","true"
"teacher","library:copies:update","false","false"
"teacher","library:issues:create","false","false"
"teacher","library:issues:read","true","true"
"teacher","library:issues:return","false","false"
"teacher","library:fines:create","false","false"
"teacher","library:fines:update","false","false"
"teacher","library:fines:post","false","false"
"teacher","library:reports:read","false","false"
"teacher","library:reports:export","false","false"
"teacher","messaging:create","false","false"
"teacher","messaging:read","true","true"
"teacher","messaging:manage","false","false"
"teacher","payroll:manage","false","false"
"teacher","payroll:read","false","false"
"teacher","payroll:salary:read","false","false"
"teacher","payroll:salary:write","false","false"
"teacher","payroll:run:create","false","false"
"teacher","payroll:run:read","false","false"
"teacher","payroll:run:review","false","false"
"teacher","payroll:run:approve","false","false"
"teacher","payroll:run:post","false","false"
"teacher","payroll:run:pay","false","false"
"teacher","payroll:run:reverse","false","false"
"teacher","payroll:payslip:read","true","true"
"teacher","payroll:payslip:generate","false","false"
"teacher","payroll:reports:read","false","false"
"teacher","payroll:exports:create","false","false"
"teacher","tenants:manage","false","false"
"teacher","tenants:read","false","false"
"teacher","platform:read","false","false"
"teacher","platform:manage","false","false"
"teacher","platform:dashboard:read","false","false"
"teacher","platform:tenants:read","false","false"
"teacher","platform:tenants:status","false","false"
"teacher","platform:plans:read","false","false"
"teacher","platform:plans:manage","false","false"
"teacher","platform:subscriptions:read","false","false"
"teacher","platform:subscriptions:manage","false","false"
"teacher","platform:usage:read","false","false"
"teacher","platform:billing:read","false","false"
"teacher","platform:billing:manage","false","false"
"teacher","platform:providers:read","false","false"
"teacher","platform:providers:manage","false","false"
"teacher","platform:api-keys:read","false","false"
"teacher","platform:api-keys:manage","false","false"
"teacher","platform:queues:read","false","false"
"teacher","platform:queues:retry","false","false"
"teacher","platform:queues:manage","false","false"
"teacher","platform:support:override","false","false"
"teacher","platform:audit:read","false","false"
"teacher","platform:health:read","false","false"
"teacher","platform:reports:read","false","false"
"teacher","platform:onboarding:read","false","false"
"teacher","platform:onboarding:manage","false","false"
"teacher","platform:demo-requests:read","false","false"
"teacher","platform:demo-requests:manage","false","false"
"teacher","settings:read_public","true","true"
"teacher","settings:read","true","true"
"teacher","settings:manage","false","false"
"teacher","settings:delegate","false","false"
"teacher","settings:audit:read","false","false"
"teacher","settings:identity:manage","false","false"
"teacher","settings:academic:manage","false","false"
"teacher","settings:attendance:manage","false","false"
"teacher","settings:finance:manage","false","false"
"teacher","settings:hr:manage","false","false"
"teacher","settings:accounting:manage","false","false"
"teacher","settings:communication:manage","false","false"
"teacher","settings:security:manage","false","false"
"teacher","reports:read","true","true"
"teacher","reports:export","false","false"
"teacher","staff:create","false","false"
"teacher","staff:read","true","true"
"teacher","staff:update","false","false"
"teacher","students:create","false","false"
"teacher","students:read","true","true"
"teacher","students:update","false","false"
"teacher","students:delete","false","false"
"teacher","students:manage_lifecycle","false","false"
"teacher","admission_policy:read","false","false"
"teacher","admission_policy:manage","false","false"
"teacher","students:qr:generate","false","false"
"teacher","students:qr:read","false","false"
"teacher","students:qr:rotate","false","false"
"teacher","students:qr:revoke","false","false"
"teacher","students:qr:resolve","false","false"
"teacher","students:qr:resolve_all","false","false"
"teacher","guardians:create","false","false"
"teacher","guardians:read","false","false"
"teacher","guardians:update","false","false"
"teacher","guardians:verify","false","false"
"teacher","student_documents:manage","false","false"
"teacher","siblings:manage","false","false"
"teacher","enrollments:create","false","false"
"teacher","enrollments:read","false","false"
"teacher","transport:read","false","false"
"teacher","transport:manage","false","false"
"teacher","transport:operate","false","false"
"teacher","transport:routes:create","false","false"
"teacher","transport:routes:read","false","false"
"teacher","transport:routes:update","false","false"
"teacher","transport:vehicles:create","false","false"
"teacher","transport:vehicles:read","false","false"
"teacher","transport:vehicles:update","false","false"
"teacher","transport:assignments:create","false","false"
"teacher","transport:assignments:read","false","false"
"teacher","transport:assignments:update","false","false"
"teacher","transport:trips:create","false","false"
"teacher","transport:trips:read","false","false"
"teacher","transport:trips:update","false","false"
"teacher","transport:location:read","false","false"
"teacher","transport:location:update","false","false"
"teacher","transport:tracking:parent","false","false"
"teacher","transport:reports:read","false","false"
"subject_teacher","classes:create","false","false"
"subject_teacher","classes:read","true","true"
"subject_teacher","streams:create","false","false"
"subject_teacher","streams:read","false","false"
"subject_teacher","academic_years:create","false","false"
"subject_teacher","academic_years:read","true","true"
"subject_teacher","sections:create","false","false"
"subject_teacher","sections:read","true","true"
"subject_teacher","academics:manage","false","false"
"subject_teacher","academics:read","true","true"
"subject_teacher","academics:enter_marks","true","true"
"subject_teacher","academics:manage_report_cards","false","false"
"subject_teacher","academics:create","false","false"
"subject_teacher","academics:update","false","false"
"subject_teacher","academics:delete","false","false"
"subject_teacher","exam-terms:read","true","true"
"subject_teacher","exam-terms:manage","false","false"
"subject_teacher","exam-terms:unlock","false","false"
"subject_teacher","assessment-components:read","true","true"
"subject_teacher","assessment-components:manage","false","false"
"subject_teacher","marks:read","true","true"
"subject_teacher","marks:manage","false","false"
"subject_teacher","marks:review_lock","false","false"
"subject_teacher","academics:cas:manage","false","false"
"subject_teacher","cas-records:read","true","true"
"subject_teacher","cas-records:manage","false","false"
"subject_teacher","results:read","true","true"
"subject_teacher","results:publish","false","false"
"subject_teacher","results:unpublish","false","false"
"subject_teacher","academics:report_cards:review","false","false"
"subject_teacher","timetable:manage","false","false"
"subject_teacher","timetable:read_published","false","true"
"subject_teacher","timetable:read","true","true"
"subject_teacher","timetable:create","false","false"
"subject_teacher","timetable:update","false","false"
"subject_teacher","timetable:delete","false","false"
"subject_teacher","timetable:publish","false","false"
"subject_teacher","timetable:substitute","false","false"
"subject_teacher","homework:create","true","true"
"subject_teacher","homework:read_published","false","true"
"subject_teacher","homework:read","true","true"
"subject_teacher","homework:review","true","true"
"subject_teacher","homework:update","true","true"
"subject_teacher","homework:delete","false","false"
"subject_teacher","homework:notify","true","true"
"subject_teacher","homework:submit","false","false"
"subject_teacher","accounting:read","false","false"
"subject_teacher","accounting:close","false","false"
"subject_teacher","accounting:reverse","false","false"
"subject_teacher","accounting:accounts:read","false","false"
"subject_teacher","accounting:accounts:write","false","false"
"subject_teacher","accounting:fiscal:manage","false","false"
"subject_teacher","accounting:fiscal:reopen","false","false"
"subject_teacher","accounting:journals:read","false","false"
"subject_teacher","accounting:journals:create","false","false"
"subject_teacher","accounting:journals:submit","false","false"
"subject_teacher","accounting:journals:approve","false","false"
"subject_teacher","accounting:journals:reject","false","false"
"subject_teacher","accounting:journals:post","false","false"
"subject_teacher","accounting:journals:cancel","false","false"
"subject_teacher","accounting:journals:reverse","false","false"
"subject_teacher","accounting:reports:read","false","false"
"subject_teacher","accounting:audit:read","false","false"
"subject_teacher","accounting:reports:trial-balance","false","false"
"subject_teacher","accounting:reports:general-ledger","false","false"
"subject_teacher","accounting:reports:cash-book","false","false"
"subject_teacher","accounting:reports:income-statement","false","false"
"subject_teacher","accounting:reports:balance-sheet","false","false"
"subject_teacher","accounting:reports:tax-summary","false","false"
"subject_teacher","accounting:settings:read","false","false"
"subject_teacher","accounting:settings:update","false","false"
"subject_teacher","accounting:exports:create","false","false"
"subject_teacher","accounting:posting-batches:read","false","false"
"subject_teacher","accounting:posting-batches:retry","false","false"
"subject_teacher","accounting:payroll-handoff:read","false","false"
"subject_teacher","accounting:payroll-handoff:post","false","false"
"subject_teacher","accounting:expenses:read","false","false"
"subject_teacher","accounting:expenses:write","false","false"
"subject_teacher","accounting:vendors:read","false","false"
"subject_teacher","accounting:vendors:write","false","false"
"subject_teacher","accounting:payables:read","false","false"
"subject_teacher","accounting:payables:write","false","false"
"subject_teacher","accounting:reconciliation:read","false","false"
"subject_teacher","accounting:reconciliation:manage","false","false"
"subject_teacher","accounting:reconciliation:finalize","false","false"
"subject_teacher","finance:principal:read","false","false"
"subject_teacher","finance:approvals:read","false","false"
"subject_teacher","finance:approvals:decide","false","false"
"subject_teacher","accounting:budgets:read","false","false"
"subject_teacher","accounting:budgets:write","false","false"
"subject_teacher","accounting:reports:budget-vs-actual","false","false"
"subject_teacher","accounting:reports:cash-flow-statement","false","false"
"subject_teacher","activity_feed:create","true","true"
"subject_teacher","activity_feed:read","true","true"
"subject_teacher","activity_feed:moderate","false","false"
"subject_teacher","advanced:approvals:read","false","false"
"subject_teacher","advanced:approvals:manage","false","false"
"subject_teacher","advanced:approvals:decide","false","false"
"subject_teacher","advanced:automation:read","false","false"
"subject_teacher","advanced:automation:manage","false","false"
"subject_teacher","advanced:automation:execute","false","false"
"subject_teacher","advanced:analytics:read","false","true"
"subject_teacher","advanced:analytics:refresh","false","false"
"subject_teacher","advanced:documents:read","false","true"
"subject_teacher","advanced:documents:manage","false","false"
"subject_teacher","advanced:exports:read","false","true"
"subject_teacher","advanced:exports:create","false","false"
"subject_teacher","attendance:mark","false","false"
"subject_teacher","attendance:read","true","true"
"subject_teacher","attendance:review_conflicts","false","false"
"subject_teacher","attendance:manage_all","false","false"
"subject_teacher","attendance:override_lock","false","false"
"subject_teacher","attendance:staff:update","false","false"
"subject_teacher","users:create","false","false"
"subject_teacher","users:read","false","false"
"subject_teacher","users:update_status","false","false"
"subject_teacher","users:reset_password","false","false"
"subject_teacher","roles:read","true","true"
"subject_teacher","roles:create","false","false"
"subject_teacher","roles:assign","false","false"
"subject_teacher","roles:manage_permissions","false","false"
"subject_teacher","canteen:menu:create","false","false"
"subject_teacher","canteen:menu:read","false","false"
"subject_teacher","canteen:menu:update","false","false"
"subject_teacher","canteen:plans:create","false","false"
"subject_teacher","canteen:plans:read","false","false"
"subject_teacher","canteen:plans:update","false","false"
"subject_teacher","canteen:enrollments:create","false","false"
"subject_teacher","canteen:enrollments:read","false","false"
"subject_teacher","canteen:enrollments:update","false","false"
"subject_teacher","canteen:serving:create","false","false"
"subject_teacher","canteen:serving:read","false","false"
"subject_teacher","canteen:serving:update","false","false"
"subject_teacher","canteen:wallets:create","false","false"
"subject_teacher","canteen:wallets:read","false","false"
"subject_teacher","canteen:wallets:update","false","false"
"subject_teacher","canteen:pos:create","false","false"
"subject_teacher","canteen:pos:read","false","false"
"subject_teacher","canteen:pos:update","false","false"
"subject_teacher","canteen:inventory:read","false","false"
"subject_teacher","canteen:inventory:update","false","false"
"subject_teacher","canteen:controls:create","false","false"
"subject_teacher","canteen:controls:read","false","false"
"subject_teacher","canteen:controls:update","false","false"
"subject_teacher","canteen:reports:read","false","false"
"subject_teacher","canteen:parent:read","false","false"
"subject_teacher","notifications:view_own","false","true"
"subject_teacher","notifications:manage_templates","false","false"
"subject_teacher","notifications:manage_preferences","false","true"
"subject_teacher","notifications:view_delivery_diagnostics","false","false"
"subject_teacher","notifications:retry_deliveries","false","false"
"subject_teacher","notices:create","false","false"
"subject_teacher","notices:edit","false","false"
"subject_teacher","notices:publish","false","false"
"subject_teacher","notices:schedule","false","false"
"subject_teacher","notices:cancel","false","false"
"subject_teacher","notices:archive","false","false"
"subject_teacher","notices:read","true","true"
"subject_teacher","notices:approve","false","false"
"subject_teacher","notices:send_emergency","false","false"
"subject_teacher","notices:read_reports","false","false"
"subject_teacher","events:create","false","false"
"subject_teacher","events:read","true","true"
"subject_teacher","communications:read_deliveries","false","false"
"subject_teacher","communications:retry_deliveries","false","false"
"subject_teacher","communications:manage_templates","false","false"
"subject_teacher","communications:manage_consent","false","false"
"subject_teacher","consents:manage","false","false"
"subject_teacher","service_requests:create","false","false"
"subject_teacher","service_requests:read","false","false"
"subject_teacher","service_requests:manage","false","false"
"subject_teacher","fees:manage","false","false"
"subject_teacher","fees:bill","false","false"
"subject_teacher","fees:discount","false","false"
"subject_teacher","fees:adjust","false","false"
"subject_teacher","payments:collect","false","false"
"subject_teacher","payments:refund","false","false"
"subject_teacher","payments:close","false","false"
"subject_teacher","payments:reverse","false","false"
"subject_teacher","receipts:read","false","false"
"subject_teacher","receipts:manage","false","false"
"subject_teacher","ledger:read","false","false"
"subject_teacher","hr:manage","false","false"
"subject_teacher","hr:read","false","false"
"subject_teacher","hr:staff:read","true","true"
"subject_teacher","hr:staff:create","false","false"
"subject_teacher","hr:staff:update","false","false"
"subject_teacher","hr:staff:lifecycle","false","false"
"subject_teacher","hr:staff:terminate","false","false"
"subject_teacher","hr:staff:archive","false","false"
"subject_teacher","hr:attendance:read","false","true"
"subject_teacher","hr:attendance:write","false","false"
"subject_teacher","hr:attendance:correct","false","false"
"subject_teacher","hr:leave:read","true","true"
"subject_teacher","hr:leave:request","true","true"
"subject_teacher","hr:leave:approve","false","false"
"subject_teacher","hr:leave:adjust","false","false"
"subject_teacher","learning:read","true","true"
"subject_teacher","learning:manage","false","false"
"subject_teacher","learning:create","true","true"
"subject_teacher","learning:update","true","true"
"subject_teacher","learning:delete","true","true"
"subject_teacher","learning:launch","true","true"
"subject_teacher","learning:attempt","false","false"
"subject_teacher","learning:progress","true","true"
"subject_teacher","library:read","false","false"
"subject_teacher","library:manage","false","false"
"subject_teacher","library:books:create","false","false"
"subject_teacher","library:books:read","true","true"
"subject_teacher","library:books:update","false","false"
"subject_teacher","library:copies:create","false","false"
"subject_teacher","library:copies:read","true","true"
"subject_teacher","library:copies:update","false","false"
"subject_teacher","library:issues:create","false","false"
"subject_teacher","library:issues:read","true","true"
"subject_teacher","library:issues:return","false","false"
"subject_teacher","library:fines:create","false","false"
"subject_teacher","library:fines:update","false","false"
"subject_teacher","library:fines:post","false","false"
"subject_teacher","library:reports:read","false","false"
"subject_teacher","library:reports:export","false","false"
"subject_teacher","messaging:create","false","false"
"subject_teacher","messaging:read","true","true"
"subject_teacher","messaging:manage","false","false"
"subject_teacher","payroll:manage","false","false"
"subject_teacher","payroll:read","false","false"
"subject_teacher","payroll:salary:read","false","false"
"subject_teacher","payroll:salary:write","false","false"
"subject_teacher","payroll:run:create","false","false"
"subject_teacher","payroll:run:read","false","false"
"subject_teacher","payroll:run:review","false","false"
"subject_teacher","payroll:run:approve","false","false"
"subject_teacher","payroll:run:post","false","false"
"subject_teacher","payroll:run:pay","false","false"
"subject_teacher","payroll:run:reverse","false","false"
"subject_teacher","payroll:payslip:read","true","true"
"subject_teacher","payroll:payslip:generate","false","false"
"subject_teacher","payroll:reports:read","false","false"
"subject_teacher","payroll:exports:create","false","false"
"subject_teacher","tenants:manage","false","false"
"subject_teacher","tenants:read","false","false"
"subject_teacher","platform:read","false","false"
"subject_teacher","platform:manage","false","false"
"subject_teacher","platform:dashboard:read","false","false"
"subject_teacher","platform:tenants:read","false","false"
"subject_teacher","platform:tenants:status","false","false"
"subject_teacher","platform:plans:read","false","false"
"subject_teacher","platform:plans:manage","false","false"
"subject_teacher","platform:subscriptions:read","false","false"
"subject_teacher","platform:subscriptions:manage","false","false"
"subject_teacher","platform:usage:read","false","false"
"subject_teacher","platform:billing:read","false","false"
"subject_teacher","platform:billing:manage","false","false"
"subject_teacher","platform:providers:read","false","false"
"subject_teacher","platform:providers:manage","false","false"
"subject_teacher","platform:api-keys:read","false","false"
"subject_teacher","platform:api-keys:manage","false","false"
"subject_teacher","platform:queues:read","false","false"
"subject_teacher","platform:queues:retry","false","false"
"subject_teacher","platform:queues:manage","false","false"
"subject_teacher","platform:support:override","false","false"
"subject_teacher","platform:audit:read","false","false"
"subject_teacher","platform:health:read","false","false"
"subject_teacher","platform:reports:read","false","false"
"subject_teacher","platform:onboarding:read","false","false"
"subject_teacher","platform:onboarding:manage","false","false"
"subject_teacher","platform:demo-requests:read","false","false"
"subject_teacher","platform:demo-requests:manage","false","false"
"subject_teacher","settings:read_public","true","true"
"subject_teacher","settings:read","false","false"
"subject_teacher","settings:manage","false","false"
"subject_teacher","settings:delegate","false","false"
"subject_teacher","settings:audit:read","false","false"
"subject_teacher","settings:identity:manage","false","false"
"subject_teacher","settings:academic:manage","false","false"
"subject_teacher","settings:attendance:manage","false","false"
"subject_teacher","settings:finance:manage","false","false"
"subject_teacher","settings:hr:manage","false","false"
"subject_teacher","settings:accounting:manage","false","false"
"subject_teacher","settings:communication:manage","false","false"
"subject_teacher","settings:security:manage","false","false"
"subject_teacher","reports:read","true","true"
"subject_teacher","reports:export","false","false"
"subject_teacher","staff:create","false","false"
"subject_teacher","staff:read","false","false"
"subject_teacher","staff:update","false","false"
"subject_teacher","students:create","false","false"
"subject_teacher","students:read","true","true"
"subject_teacher","students:update","false","false"
"subject_teacher","students:delete","false","false"
"subject_teacher","students:manage_lifecycle","false","false"
"subject_teacher","admission_policy:read","false","false"
"subject_teacher","admission_policy:manage","false","false"
"subject_teacher","students:qr:generate","false","false"
"subject_teacher","students:qr:read","false","false"
"subject_teacher","students:qr:rotate","false","false"
"subject_teacher","students:qr:revoke","false","false"
"subject_teacher","students:qr:resolve","false","false"
"subject_teacher","students:qr:resolve_all","false","false"
"subject_teacher","guardians:create","false","false"
"subject_teacher","guardians:read","false","false"
"subject_teacher","guardians:update","false","false"
"subject_teacher","guardians:verify","false","false"
"subject_teacher","student_documents:manage","false","false"
"subject_teacher","siblings:manage","false","false"
"subject_teacher","enrollments:create","false","false"
"subject_teacher","enrollments:read","false","false"
"subject_teacher","transport:read","false","false"
"subject_teacher","transport:manage","false","false"
"subject_teacher","transport:operate","false","false"
"subject_teacher","transport:routes:create","false","false"
"subject_teacher","transport:routes:read","false","false"
"subject_teacher","transport:routes:update","false","false"
"subject_teacher","transport:vehicles:create","false","false"
"subject_teacher","transport:vehicles:read","false","false"
"subject_teacher","transport:vehicles:update","false","false"
"subject_teacher","transport:assignments:create","false","false"
"subject_teacher","transport:assignments:read","false","false"
"subject_teacher","transport:assignments:update","false","false"
"subject_teacher","transport:trips:create","false","false"
"subject_teacher","transport:trips:read","false","false"
"subject_teacher","transport:trips:update","false","false"
"subject_teacher","transport:location:read","false","false"
"subject_teacher","transport:location:update","false","false"
"subject_teacher","transport:tracking:parent","false","false"
"subject_teacher","transport:reports:read","false","false"
"support_staff","classes:create","false","false"
"support_staff","classes:read","false","false"
"support_staff","streams:create","false","false"
"support_staff","streams:read","false","false"
"support_staff","academic_years:create","false","false"
"support_staff","academic_years:read","false","false"
"support_staff","sections:create","false","false"
"support_staff","sections:read","false","false"
"support_staff","academics:manage","false","false"
"support_staff","academics:read","false","false"
"support_staff","academics:enter_marks","false","false"
"support_staff","academics:manage_report_cards","false","false"
"support_staff","academics:create","false","false"
"support_staff","academics:update","false","false"
"support_staff","academics:delete","false","false"
"support_staff","exam-terms:read","false","false"
"support_staff","exam-terms:manage","false","false"
"support_staff","exam-terms:unlock","false","false"
"support_staff","assessment-components:read","false","false"
"support_staff","assessment-components:manage","false","false"
"support_staff","marks:read","false","false"
"support_staff","marks:manage","false","false"
"support_staff","marks:review_lock","false","false"
"support_staff","academics:cas:manage","false","false"
"support_staff","cas-records:read","false","false"
"support_staff","cas-records:manage","false","false"
"support_staff","results:read","false","false"
"support_staff","results:publish","false","false"
"support_staff","results:unpublish","false","false"
"support_staff","academics:report_cards:review","false","false"
"support_staff","timetable:manage","false","false"
"support_staff","timetable:read_published","false","false"
"support_staff","timetable:read","false","false"
"support_staff","timetable:create","false","false"
"support_staff","timetable:update","false","false"
"support_staff","timetable:delete","false","false"
"support_staff","timetable:publish","false","false"
"support_staff","timetable:substitute","false","false"
"support_staff","homework:create","false","false"
"support_staff","homework:read_published","false","false"
"support_staff","homework:read","false","false"
"support_staff","homework:review","false","false"
"support_staff","homework:update","false","false"
"support_staff","homework:delete","false","false"
"support_staff","homework:notify","false","false"
"support_staff","homework:submit","false","false"
"support_staff","accounting:read","false","false"
"support_staff","accounting:close","false","false"
"support_staff","accounting:reverse","false","false"
"support_staff","accounting:accounts:read","false","false"
"support_staff","accounting:accounts:write","false","false"
"support_staff","accounting:fiscal:manage","false","false"
"support_staff","accounting:fiscal:reopen","false","false"
"support_staff","accounting:journals:read","false","false"
"support_staff","accounting:journals:create","false","false"
"support_staff","accounting:journals:submit","false","false"
"support_staff","accounting:journals:approve","false","false"
"support_staff","accounting:journals:reject","false","false"
"support_staff","accounting:journals:post","false","false"
"support_staff","accounting:journals:cancel","false","false"
"support_staff","accounting:journals:reverse","false","false"
"support_staff","accounting:reports:read","false","false"
"support_staff","accounting:audit:read","false","false"
"support_staff","accounting:reports:trial-balance","false","false"
"support_staff","accounting:reports:general-ledger","false","false"
"support_staff","accounting:reports:cash-book","false","false"
"support_staff","accounting:reports:income-statement","false","false"
"support_staff","accounting:reports:balance-sheet","false","false"
"support_staff","accounting:reports:tax-summary","false","false"
"support_staff","accounting:settings:read","false","false"
"support_staff","accounting:settings:update","false","false"
"support_staff","accounting:exports:create","false","false"
"support_staff","accounting:posting-batches:read","false","false"
"support_staff","accounting:posting-batches:retry","false","false"
"support_staff","accounting:payroll-handoff:read","false","false"
"support_staff","accounting:payroll-handoff:post","false","false"
"support_staff","accounting:expenses:read","false","false"
"support_staff","accounting:expenses:write","false","false"
"support_staff","accounting:vendors:read","false","false"
"support_staff","accounting:vendors:write","false","false"
"support_staff","accounting:payables:read","false","false"
"support_staff","accounting:payables:write","false","false"
"support_staff","accounting:reconciliation:read","false","false"
"support_staff","accounting:reconciliation:manage","false","false"
"support_staff","accounting:reconciliation:finalize","false","false"
"support_staff","finance:principal:read","false","false"
"support_staff","finance:approvals:read","false","false"
"support_staff","finance:approvals:decide","false","false"
"support_staff","accounting:budgets:read","false","false"
"support_staff","accounting:budgets:write","false","false"
"support_staff","accounting:reports:budget-vs-actual","false","false"
"support_staff","accounting:reports:cash-flow-statement","false","false"
"support_staff","activity_feed:create","false","false"
"support_staff","activity_feed:read","false","false"
"support_staff","activity_feed:moderate","false","false"
"support_staff","advanced:approvals:read","false","false"
"support_staff","advanced:approvals:manage","false","false"
"support_staff","advanced:approvals:decide","false","false"
"support_staff","advanced:automation:read","false","false"
"support_staff","advanced:automation:manage","false","false"
"support_staff","advanced:automation:execute","false","false"
"support_staff","advanced:analytics:read","false","false"
"support_staff","advanced:analytics:refresh","false","false"
"support_staff","advanced:documents:read","false","false"
"support_staff","advanced:documents:manage","false","false"
"support_staff","advanced:exports:read","false","false"
"support_staff","advanced:exports:create","false","false"
"support_staff","attendance:mark","false","false"
"support_staff","attendance:read","false","false"
"support_staff","attendance:review_conflicts","false","false"
"support_staff","attendance:manage_all","false","false"
"support_staff","attendance:override_lock","false","false"
"support_staff","attendance:staff:update","false","false"
"support_staff","users:create","false","false"
"support_staff","users:read","false","false"
"support_staff","users:update_status","false","false"
"support_staff","users:reset_password","false","false"
"support_staff","roles:read","true","true"
"support_staff","roles:create","false","false"
"support_staff","roles:assign","false","false"
"support_staff","roles:manage_permissions","false","false"
"support_staff","canteen:menu:create","false","false"
"support_staff","canteen:menu:read","false","false"
"support_staff","canteen:menu:update","false","false"
"support_staff","canteen:plans:create","false","false"
"support_staff","canteen:plans:read","false","false"
"support_staff","canteen:plans:update","false","false"
"support_staff","canteen:enrollments:create","false","false"
"support_staff","canteen:enrollments:read","false","false"
"support_staff","canteen:enrollments:update","false","false"
"support_staff","canteen:serving:create","false","false"
"support_staff","canteen:serving:read","false","false"
"support_staff","canteen:serving:update","false","false"
"support_staff","canteen:wallets:create","false","false"
"support_staff","canteen:wallets:read","false","false"
"support_staff","canteen:wallets:update","false","false"
"support_staff","canteen:pos:create","false","false"
"support_staff","canteen:pos:read","false","false"
"support_staff","canteen:pos:update","false","false"
"support_staff","canteen:inventory:read","false","false"
"support_staff","canteen:inventory:update","false","false"
"support_staff","canteen:controls:create","false","false"
"support_staff","canteen:controls:read","false","false"
"support_staff","canteen:controls:update","false","false"
"support_staff","canteen:reports:read","false","false"
"support_staff","canteen:parent:read","false","false"
"support_staff","notifications:view_own","false","true"
"support_staff","notifications:manage_templates","false","false"
"support_staff","notifications:manage_preferences","false","true"
"support_staff","notifications:view_delivery_diagnostics","false","false"
"support_staff","notifications:retry_deliveries","false","false"
"support_staff","notices:create","false","false"
"support_staff","notices:edit","false","false"
"support_staff","notices:publish","false","false"
"support_staff","notices:schedule","false","false"
"support_staff","notices:cancel","false","false"
"support_staff","notices:archive","false","false"
"support_staff","notices:read","true","true"
"support_staff","notices:approve","false","false"
"support_staff","notices:send_emergency","false","false"
"support_staff","notices:read_reports","false","false"
"support_staff","events:create","false","false"
"support_staff","events:read","true","true"
"support_staff","communications:read_deliveries","false","false"
"support_staff","communications:retry_deliveries","false","false"
"support_staff","communications:manage_templates","false","false"
"support_staff","communications:manage_consent","false","false"
"support_staff","consents:manage","false","false"
"support_staff","service_requests:create","false","false"
"support_staff","service_requests:read","false","false"
"support_staff","service_requests:manage","false","false"
"support_staff","fees:manage","false","false"
"support_staff","fees:bill","false","false"
"support_staff","fees:discount","false","false"
"support_staff","fees:adjust","false","false"
"support_staff","payments:collect","false","false"
"support_staff","payments:refund","false","false"
"support_staff","payments:close","false","false"
"support_staff","payments:reverse","false","false"
"support_staff","receipts:read","false","false"
"support_staff","receipts:manage","false","false"
"support_staff","ledger:read","false","false"
"support_staff","hr:manage","false","false"
"support_staff","hr:read","false","false"
"support_staff","hr:staff:read","false","true"
"support_staff","hr:staff:create","false","false"
"support_staff","hr:staff:update","false","false"
"support_staff","hr:staff:lifecycle","false","false"
"support_staff","hr:staff:terminate","false","false"
"support_staff","hr:staff:archive","false","false"
"support_staff","hr:attendance:read","false","false"
"support_staff","hr:attendance:write","false","false"
"support_staff","hr:attendance:correct","false","false"
"support_staff","hr:leave:read","false","false"
"support_staff","hr:leave:request","false","true"
"support_staff","hr:leave:approve","false","false"
"support_staff","hr:leave:adjust","false","false"
"support_staff","learning:read","false","false"
"support_staff","learning:manage","false","false"
"support_staff","learning:create","false","false"
"support_staff","learning:update","false","false"
"support_staff","learning:delete","false","false"
"support_staff","learning:launch","false","false"
"support_staff","learning:attempt","false","false"
"support_staff","learning:progress","false","false"
"support_staff","library:read","false","false"
"support_staff","library:manage","false","false"
"support_staff","library:books:create","false","false"
"support_staff","library:books:read","false","false"
"support_staff","library:books:update","false","false"
"support_staff","library:copies:create","false","false"
"support_staff","library:copies:read","false","false"
"support_staff","library:copies:update","false","false"
"support_staff","library:issues:create","false","false"
"support_staff","library:issues:read","false","false"
"support_staff","library:issues:return","false","false"
"support_staff","library:fines:create","false","false"
"support_staff","library:fines:update","false","false"
"support_staff","library:fines:post","false","false"
"support_staff","library:reports:read","false","false"
"support_staff","library:reports:export","false","false"
"support_staff","messaging:create","false","false"
"support_staff","messaging:read","true","true"
"support_staff","messaging:manage","false","false"
"support_staff","payroll:manage","false","false"
"support_staff","payroll:read","false","false"
"support_staff","payroll:salary:read","false","false"
"support_staff","payroll:salary:write","false","false"
"support_staff","payroll:run:create","false","false"
"support_staff","payroll:run:read","false","false"
"support_staff","payroll:run:review","false","false"
"support_staff","payroll:run:approve","false","false"
"support_staff","payroll:run:post","false","false"
"support_staff","payroll:run:pay","false","false"
"support_staff","payroll:run:reverse","false","false"
"support_staff","payroll:payslip:read","false","true"
"support_staff","payroll:payslip:generate","false","false"
"support_staff","payroll:reports:read","false","false"
"support_staff","payroll:exports:create","false","false"
"support_staff","tenants:manage","false","false"
"support_staff","tenants:read","false","false"
"support_staff","platform:read","false","false"
"support_staff","platform:manage","false","false"
"support_staff","platform:dashboard:read","false","false"
"support_staff","platform:tenants:read","false","false"
"support_staff","platform:tenants:status","false","false"
"support_staff","platform:plans:read","false","false"
"support_staff","platform:plans:manage","false","false"
"support_staff","platform:subscriptions:read","false","false"
"support_staff","platform:subscriptions:manage","false","false"
"support_staff","platform:usage:read","false","false"
"support_staff","platform:billing:read","false","false"
"support_staff","platform:billing:manage","false","false"
"support_staff","platform:providers:read","false","false"
"support_staff","platform:providers:manage","false","false"
"support_staff","platform:api-keys:read","false","false"
"support_staff","platform:api-keys:manage","false","false"
"support_staff","platform:queues:read","false","false"
"support_staff","platform:queues:retry","false","false"
"support_staff","platform:queues:manage","false","false"
"support_staff","platform:support:override","false","false"
"support_staff","platform:audit:read","false","false"
"support_staff","platform:health:read","false","false"
"support_staff","platform:reports:read","false","false"
"support_staff","platform:onboarding:read","false","false"
"support_staff","platform:onboarding:manage","false","false"
"support_staff","platform:demo-requests:read","false","false"
"support_staff","platform:demo-requests:manage","false","false"
"support_staff","settings:read_public","true","true"
"support_staff","settings:read","false","false"
"support_staff","settings:manage","false","false"
"support_staff","settings:delegate","false","false"
"support_staff","settings:audit:read","false","false"
"support_staff","settings:identity:manage","false","false"
"support_staff","settings:academic:manage","false","false"
"support_staff","settings:attendance:manage","false","false"
"support_staff","settings:finance:manage","false","false"
"support_staff","settings:hr:manage","false","false"
"support_staff","settings:accounting:manage","false","false"
"support_staff","settings:communication:manage","false","false"
"support_staff","settings:security:manage","false","false"
"support_staff","reports:read","false","false"
"support_staff","reports:export","false","false"
"support_staff","staff:create","false","false"
"support_staff","staff:read","true","true"
"support_staff","staff:update","false","false"
"support_staff","students:create","false","false"
"support_staff","students:read","false","false"
"support_staff","students:update","false","false"
"support_staff","students:delete","false","false"
"support_staff","students:manage_lifecycle","false","false"
"support_staff","admission_policy:read","false","false"
"support_staff","admission_policy:manage","false","false"
"support_staff","students:qr:generate","false","false"
"support_staff","students:qr:read","false","false"
"support_staff","students:qr:rotate","false","false"
"support_staff","students:qr:revoke","false","false"
"support_staff","students:qr:resolve","false","false"
"support_staff","students:qr:resolve_all","false","false"
"support_staff","guardians:create","false","false"
"support_staff","guardians:read","false","false"
"support_staff","guardians:update","false","false"
"support_staff","guardians:verify","false","false"
"support_staff","student_documents:manage","false","false"
"support_staff","siblings:manage","false","false"
"support_staff","enrollments:create","false","false"
"support_staff","enrollments:read","false","false"
"support_staff","transport:read","false","false"
"support_staff","transport:manage","false","false"
"support_staff","transport:operate","false","false"
"support_staff","transport:routes:create","false","false"
"support_staff","transport:routes:read","false","false"
"support_staff","transport:routes:update","false","false"
"support_staff","transport:vehicles:create","false","false"
"support_staff","transport:vehicles:read","false","false"
"support_staff","transport:vehicles:update","false","false"
"support_staff","transport:assignments:create","false","false"
"support_staff","transport:assignments:read","false","false"
"support_staff","transport:assignments:update","false","false"
"support_staff","transport:trips:create","false","false"
"support_staff","transport:trips:read","false","false"
"support_staff","transport:trips:update","false","false"
"support_staff","transport:location:read","false","false"
"support_staff","transport:location:update","false","false"
"support_staff","transport:tracking:parent","false","false"
"support_staff","transport:reports:read","false","false"
"student","classes:create","false","false"
"student","classes:read","false","false"
"student","streams:create","false","false"
"student","streams:read","false","false"
"student","academic_years:create","false","false"
"student","academic_years:read","false","false"
"student","sections:create","false","false"
"student","sections:read","false","false"
"student","academics:manage","false","false"
"student","academics:read","false","false"
"student","academics:enter_marks","false","false"
"student","academics:manage_report_cards","false","false"
"student","academics:create","false","false"
"student","academics:update","false","false"
"student","academics:delete","false","false"
"student","exam-terms:read","false","false"
"student","exam-terms:manage","false","false"
"student","exam-terms:unlock","false","false"
"student","assessment-components:read","false","false"
"student","assessment-components:manage","false","false"
"student","marks:read","false","false"
"student","marks:manage","false","false"
"student","marks:review_lock","false","false"
"student","academics:cas:manage","false","false"
"student","cas-records:read","false","false"
"student","cas-records:manage","false","false"
"student","results:read","false","false"
"student","results:publish","false","false"
"student","results:unpublish","false","false"
"student","academics:report_cards:review","false","false"
"student","timetable:manage","false","false"
"student","timetable:read_published","false","true"
"student","timetable:read","true","true"
"student","timetable:create","false","false"
"student","timetable:update","false","false"
"student","timetable:delete","false","false"
"student","timetable:publish","false","false"
"student","timetable:substitute","false","false"
"student","homework:create","false","false"
"student","homework:read_published","false","true"
"student","homework:read","true","true"
"student","homework:review","false","false"
"student","homework:update","false","false"
"student","homework:delete","false","false"
"student","homework:notify","false","false"
"student","homework:submit","true","true"
"student","accounting:read","false","false"
"student","accounting:close","false","false"
"student","accounting:reverse","false","false"
"student","accounting:accounts:read","false","false"
"student","accounting:accounts:write","false","false"
"student","accounting:fiscal:manage","false","false"
"student","accounting:fiscal:reopen","false","false"
"student","accounting:journals:read","false","false"
"student","accounting:journals:create","false","false"
"student","accounting:journals:submit","false","false"
"student","accounting:journals:approve","false","false"
"student","accounting:journals:reject","false","false"
"student","accounting:journals:post","false","false"
"student","accounting:journals:cancel","false","false"
"student","accounting:journals:reverse","false","false"
"student","accounting:reports:read","false","false"
"student","accounting:audit:read","false","false"
"student","accounting:reports:trial-balance","false","false"
"student","accounting:reports:general-ledger","false","false"
"student","accounting:reports:cash-book","false","false"
"student","accounting:reports:income-statement","false","false"
"student","accounting:reports:balance-sheet","false","false"
"student","accounting:reports:tax-summary","false","false"
"student","accounting:settings:read","false","false"
"student","accounting:settings:update","false","false"
"student","accounting:exports:create","false","false"
"student","accounting:posting-batches:read","false","false"
"student","accounting:posting-batches:retry","false","false"
"student","accounting:payroll-handoff:read","false","false"
"student","accounting:payroll-handoff:post","false","false"
"student","accounting:expenses:read","false","false"
"student","accounting:expenses:write","false","false"
"student","accounting:vendors:read","false","false"
"student","accounting:vendors:write","false","false"
"student","accounting:payables:read","false","false"
"student","accounting:payables:write","false","false"
"student","accounting:reconciliation:read","false","false"
"student","accounting:reconciliation:manage","false","false"
"student","accounting:reconciliation:finalize","false","false"
"student","finance:principal:read","false","false"
"student","finance:approvals:read","false","false"
"student","finance:approvals:decide","false","false"
"student","accounting:budgets:read","false","false"
"student","accounting:budgets:write","false","false"
"student","accounting:reports:budget-vs-actual","false","false"
"student","accounting:reports:cash-flow-statement","false","false"
"student","activity_feed:create","false","false"
"student","activity_feed:read","true","true"
"student","activity_feed:moderate","false","false"
"student","advanced:approvals:read","false","false"
"student","advanced:approvals:manage","false","false"
"student","advanced:approvals:decide","false","false"
"student","advanced:automation:read","false","false"
"student","advanced:automation:manage","false","false"
"student","advanced:automation:execute","false","false"
"student","advanced:analytics:read","false","false"
"student","advanced:analytics:refresh","false","false"
"student","advanced:documents:read","false","false"
"student","advanced:documents:manage","false","false"
"student","advanced:exports:read","false","false"
"student","advanced:exports:create","false","false"
"student","attendance:mark","false","false"
"student","attendance:read","false","false"
"student","attendance:review_conflicts","false","false"
"student","attendance:manage_all","false","false"
"student","attendance:override_lock","false","false"
"student","attendance:staff:update","false","false"
"student","users:create","false","false"
"student","users:read","false","false"
"student","users:update_status","false","false"
"student","users:reset_password","false","false"
"student","roles:read","false","false"
"student","roles:create","false","false"
"student","roles:assign","false","false"
"student","roles:manage_permissions","false","false"
"student","canteen:menu:create","false","false"
"student","canteen:menu:read","false","false"
"student","canteen:menu:update","false","false"
"student","canteen:plans:create","false","false"
"student","canteen:plans:read","false","false"
"student","canteen:plans:update","false","false"
"student","canteen:enrollments:create","false","false"
"student","canteen:enrollments:read","false","false"
"student","canteen:enrollments:update","false","false"
"student","canteen:serving:create","false","false"
"student","canteen:serving:read","false","false"
"student","canteen:serving:update","false","false"
"student","canteen:wallets:create","false","false"
"student","canteen:wallets:read","false","false"
"student","canteen:wallets:update","false","false"
"student","canteen:pos:create","false","false"
"student","canteen:pos:read","false","false"
"student","canteen:pos:update","false","false"
"student","canteen:inventory:read","false","false"
"student","canteen:inventory:update","false","false"
"student","canteen:controls:create","false","false"
"student","canteen:controls:read","false","false"
"student","canteen:controls:update","false","false"
"student","canteen:reports:read","false","false"
"student","canteen:parent:read","false","false"
"student","notifications:view_own","false","true"
"student","notifications:manage_templates","false","false"
"student","notifications:manage_preferences","false","true"
"student","notifications:view_delivery_diagnostics","false","false"
"student","notifications:retry_deliveries","false","false"
"student","notices:create","false","false"
"student","notices:edit","false","false"
"student","notices:publish","false","false"
"student","notices:schedule","false","false"
"student","notices:cancel","false","false"
"student","notices:archive","false","false"
"student","notices:read","true","true"
"student","notices:approve","false","false"
"student","notices:send_emergency","false","false"
"student","notices:read_reports","false","false"
"student","events:create","false","false"
"student","events:read","true","true"
"student","communications:read_deliveries","false","false"
"student","communications:retry_deliveries","false","false"
"student","communications:manage_templates","false","false"
"student","communications:manage_consent","false","false"
"student","consents:manage","false","false"
"student","service_requests:create","false","false"
"student","service_requests:read","false","false"
"student","service_requests:manage","false","false"
"student","fees:manage","false","false"
"student","fees:bill","false","false"
"student","fees:discount","false","false"
"student","fees:adjust","false","false"
"student","payments:collect","false","false"
"student","payments:refund","false","false"
"student","payments:close","false","false"
"student","payments:reverse","false","false"
"student","receipts:read","false","false"
"student","receipts:manage","false","false"
"student","ledger:read","false","false"
"student","hr:manage","false","false"
"student","hr:read","false","false"
"student","hr:staff:read","false","false"
"student","hr:staff:create","false","false"
"student","hr:staff:update","false","false"
"student","hr:staff:lifecycle","false","false"
"student","hr:staff:terminate","false","false"
"student","hr:staff:archive","false","false"
"student","hr:attendance:read","false","false"
"student","hr:attendance:write","false","false"
"student","hr:attendance:correct","false","false"
"student","hr:leave:read","false","false"
"student","hr:leave:request","false","false"
"student","hr:leave:approve","false","false"
"student","hr:leave:adjust","false","false"
"student","learning:read","true","true"
"student","learning:manage","false","false"
"student","learning:create","false","false"
"student","learning:update","false","false"
"student","learning:delete","false","false"
"student","learning:launch","false","false"
"student","learning:attempt","true","true"
"student","learning:progress","true","true"
"student","library:read","false","false"
"student","library:manage","false","false"
"student","library:books:create","false","false"
"student","library:books:read","false","false"
"student","library:books:update","false","false"
"student","library:copies:create","false","false"
"student","library:copies:read","false","false"
"student","library:copies:update","false","false"
"student","library:issues:create","false","false"
"student","library:issues:read","false","false"
"student","library:issues:return","false","false"
"student","library:fines:create","false","false"
"student","library:fines:update","false","false"
"student","library:fines:post","false","false"
"student","library:reports:read","false","false"
"student","library:reports:export","false","false"
"student","messaging:create","false","false"
"student","messaging:read","false","false"
"student","messaging:manage","false","false"
"student","payroll:manage","false","false"
"student","payroll:read","false","false"
"student","payroll:salary:read","false","false"
"student","payroll:salary:write","false","false"
"student","payroll:run:create","false","false"
"student","payroll:run:read","false","false"
"student","payroll:run:review","false","false"
"student","payroll:run:approve","false","false"
"student","payroll:run:post","false","false"
"student","payroll:run:pay","false","false"
"student","payroll:run:reverse","false","false"
"student","payroll:payslip:read","false","false"
"student","payroll:payslip:generate","false","false"
"student","payroll:reports:read","false","false"
"student","payroll:exports:create","false","false"
"student","tenants:manage","false","false"
"student","tenants:read","false","false"
"student","platform:read","false","false"
"student","platform:manage","false","false"
"student","platform:dashboard:read","false","false"
"student","platform:tenants:read","false","false"
"student","platform:tenants:status","false","false"
"student","platform:plans:read","false","false"
"student","platform:plans:manage","false","false"
"student","platform:subscriptions:read","false","false"
"student","platform:subscriptions:manage","false","false"
"student","platform:usage:read","false","false"
"student","platform:billing:read","false","false"
"student","platform:billing:manage","false","false"
"student","platform:providers:read","false","false"
"student","platform:providers:manage","false","false"
"student","platform:api-keys:read","false","false"
"student","platform:api-keys:manage","false","false"
"student","platform:queues:read","false","false"
"student","platform:queues:retry","false","false"
"student","platform:queues:manage","false","false"
"student","platform:support:override","false","false"
"student","platform:audit:read","false","false"
"student","platform:health:read","false","false"
"student","platform:reports:read","false","false"
"student","platform:onboarding:read","false","false"
"student","platform:onboarding:manage","false","false"
"student","platform:demo-requests:read","false","false"
"student","platform:demo-requests:manage","false","false"
"student","settings:read_public","true","true"
"student","settings:read","false","false"
"student","settings:manage","false","false"
"student","settings:delegate","false","false"
"student","settings:audit:read","false","false"
"student","settings:identity:manage","false","false"
"student","settings:academic:manage","false","false"
"student","settings:attendance:manage","false","false"
"student","settings:finance:manage","false","false"
"student","settings:hr:manage","false","false"
"student","settings:accounting:manage","false","false"
"student","settings:communication:manage","false","false"
"student","settings:security:manage","false","false"
"student","reports:read","false","false"
"student","reports:export","false","false"
"student","staff:create","false","false"
"student","staff:read","false","false"
"student","staff:update","false","false"
"student","students:create","false","false"
"student","students:read","false","false"
"student","students:update","false","false"
"student","students:delete","false","false"
"student","students:manage_lifecycle","false","false"
"student","admission_policy:read","false","false"
"student","admission_policy:manage","false","false"
"student","students:qr:generate","false","false"
"student","students:qr:read","false","false"
"student","students:qr:rotate","false","false"
"student","students:qr:revoke","false","false"
"student","students:qr:resolve","false","false"
"student","students:qr:resolve_all","false","false"
"student","guardians:create","false","false"
"student","guardians:read","false","false"
"student","guardians:update","false","false"
"student","guardians:verify","false","false"
"student","student_documents:manage","false","false"
"student","siblings:manage","false","false"
"student","enrollments:create","false","false"
"student","enrollments:read","false","false"
"student","transport:read","false","false"
"student","transport:manage","false","false"
"student","transport:operate","false","false"
"student","transport:routes:create","false","false"
"student","transport:routes:read","false","false"
"student","transport:routes:update","false","false"
"student","transport:vehicles:create","false","false"
"student","transport:vehicles:read","false","false"
"student","transport:vehicles:update","false","false"
"student","transport:assignments:create","false","false"
"student","transport:assignments:read","false","false"
"student","transport:assignments:update","false","false"
"student","transport:trips:create","false","false"
"student","transport:trips:read","false","false"
"student","transport:trips:update","false","false"
"student","transport:location:read","false","false"
"student","transport:location:update","false","false"
"student","transport:tracking:parent","false","false"
"student","transport:reports:read","false","false"
"parent","classes:create","false","false"
"parent","classes:read","false","false"
"parent","streams:create","false","false"
"parent","streams:read","false","false"
"parent","academic_years:create","false","false"
"parent","academic_years:read","false","false"
"parent","sections:create","false","false"
"parent","sections:read","false","false"
"parent","academics:manage","false","false"
"parent","academics:read","false","false"
"parent","academics:enter_marks","false","false"
"parent","academics:manage_report_cards","false","false"
"parent","academics:create","false","false"
"parent","academics:update","false","false"
"parent","academics:delete","false","false"
"parent","exam-terms:read","false","false"
"parent","exam-terms:manage","false","false"
"parent","exam-terms:unlock","false","false"
"parent","assessment-components:read","false","false"
"parent","assessment-components:manage","false","false"
"parent","marks:read","false","false"
"parent","marks:manage","false","false"
"parent","marks:review_lock","false","false"
"parent","academics:cas:manage","false","false"
"parent","cas-records:read","false","false"
"parent","cas-records:manage","false","false"
"parent","results:read","false","false"
"parent","results:publish","false","false"
"parent","results:unpublish","false","false"
"parent","academics:report_cards:review","false","false"
"parent","timetable:manage","false","false"
"parent","timetable:read_published","false","true"
"parent","timetable:read","true","true"
"parent","timetable:create","false","false"
"parent","timetable:update","false","false"
"parent","timetable:delete","false","false"
"parent","timetable:publish","false","false"
"parent","timetable:substitute","false","false"
"parent","homework:create","false","false"
"parent","homework:read_published","false","true"
"parent","homework:read","true","true"
"parent","homework:review","false","false"
"parent","homework:update","false","false"
"parent","homework:delete","false","false"
"parent","homework:notify","false","false"
"parent","homework:submit","true","true"
"parent","accounting:read","false","false"
"parent","accounting:close","false","false"
"parent","accounting:reverse","false","false"
"parent","accounting:accounts:read","false","false"
"parent","accounting:accounts:write","false","false"
"parent","accounting:fiscal:manage","false","false"
"parent","accounting:fiscal:reopen","false","false"
"parent","accounting:journals:read","false","false"
"parent","accounting:journals:create","false","false"
"parent","accounting:journals:submit","false","false"
"parent","accounting:journals:approve","false","false"
"parent","accounting:journals:reject","false","false"
"parent","accounting:journals:post","false","false"
"parent","accounting:journals:cancel","false","false"
"parent","accounting:journals:reverse","false","false"
"parent","accounting:reports:read","false","false"
"parent","accounting:audit:read","false","false"
"parent","accounting:reports:trial-balance","false","false"
"parent","accounting:reports:general-ledger","false","false"
"parent","accounting:reports:cash-book","false","false"
"parent","accounting:reports:income-statement","false","false"
"parent","accounting:reports:balance-sheet","false","false"
"parent","accounting:reports:tax-summary","false","false"
"parent","accounting:settings:read","false","false"
"parent","accounting:settings:update","false","false"
"parent","accounting:exports:create","false","false"
"parent","accounting:posting-batches:read","false","false"
"parent","accounting:posting-batches:retry","false","false"
"parent","accounting:payroll-handoff:read","false","false"
"parent","accounting:payroll-handoff:post","false","false"
"parent","accounting:expenses:read","false","false"
"parent","accounting:expenses:write","false","false"
"parent","accounting:vendors:read","false","false"
"parent","accounting:vendors:write","false","false"
"parent","accounting:payables:read","false","false"
"parent","accounting:payables:write","false","false"
"parent","accounting:reconciliation:read","false","false"
"parent","accounting:reconciliation:manage","false","false"
"parent","accounting:reconciliation:finalize","false","false"
"parent","finance:principal:read","false","false"
"parent","finance:approvals:read","false","false"
"parent","finance:approvals:decide","false","false"
"parent","accounting:budgets:read","false","false"
"parent","accounting:budgets:write","false","false"
"parent","accounting:reports:budget-vs-actual","false","false"
"parent","accounting:reports:cash-flow-statement","false","false"
"parent","activity_feed:create","false","false"
"parent","activity_feed:read","true","true"
"parent","activity_feed:moderate","false","false"
"parent","advanced:approvals:read","false","false"
"parent","advanced:approvals:manage","false","false"
"parent","advanced:approvals:decide","false","false"
"parent","advanced:automation:read","false","false"
"parent","advanced:automation:manage","false","false"
"parent","advanced:automation:execute","false","false"
"parent","advanced:analytics:read","false","false"
"parent","advanced:analytics:refresh","false","false"
"parent","advanced:documents:read","false","false"
"parent","advanced:documents:manage","false","false"
"parent","advanced:exports:read","false","false"
"parent","advanced:exports:create","false","false"
"parent","attendance:mark","false","false"
"parent","attendance:read","false","false"
"parent","attendance:review_conflicts","false","false"
"parent","attendance:manage_all","false","false"
"parent","attendance:override_lock","false","false"
"parent","attendance:staff:update","false","false"
"parent","users:create","false","false"
"parent","users:read","false","false"
"parent","users:update_status","false","false"
"parent","users:reset_password","false","false"
"parent","roles:read","false","false"
"parent","roles:create","false","false"
"parent","roles:assign","false","false"
"parent","roles:manage_permissions","false","false"
"parent","canteen:menu:create","false","false"
"parent","canteen:menu:read","false","false"
"parent","canteen:menu:update","false","false"
"parent","canteen:plans:create","false","false"
"parent","canteen:plans:read","false","false"
"parent","canteen:plans:update","false","false"
"parent","canteen:enrollments:create","false","false"
"parent","canteen:enrollments:read","false","false"
"parent","canteen:enrollments:update","false","false"
"parent","canteen:serving:create","false","false"
"parent","canteen:serving:read","false","false"
"parent","canteen:serving:update","false","false"
"parent","canteen:wallets:create","false","false"
"parent","canteen:wallets:read","false","false"
"parent","canteen:wallets:update","false","false"
"parent","canteen:pos:create","false","false"
"parent","canteen:pos:read","false","false"
"parent","canteen:pos:update","false","false"
"parent","canteen:inventory:read","false","false"
"parent","canteen:inventory:update","false","false"
"parent","canteen:controls:create","false","false"
"parent","canteen:controls:read","false","false"
"parent","canteen:controls:update","false","false"
"parent","canteen:reports:read","false","false"
"parent","canteen:parent:read","true","true"
"parent","notifications:view_own","false","true"
"parent","notifications:manage_templates","false","false"
"parent","notifications:manage_preferences","false","true"
"parent","notifications:view_delivery_diagnostics","false","false"
"parent","notifications:retry_deliveries","false","false"
"parent","notices:create","false","false"
"parent","notices:edit","false","false"
"parent","notices:publish","false","false"
"parent","notices:schedule","false","false"
"parent","notices:cancel","false","false"
"parent","notices:archive","false","false"
"parent","notices:read","true","true"
"parent","notices:approve","false","false"
"parent","notices:send_emergency","false","false"
"parent","notices:read_reports","false","false"
"parent","events:create","false","false"
"parent","events:read","true","true"
"parent","communications:read_deliveries","false","false"
"parent","communications:retry_deliveries","false","false"
"parent","communications:manage_templates","false","false"
"parent","communications:manage_consent","false","false"
"parent","consents:manage","false","false"
"parent","service_requests:create","true","true"
"parent","service_requests:read","true","true"
"parent","service_requests:manage","false","false"
"parent","fees:manage","false","false"
"parent","fees:bill","false","false"
"parent","fees:discount","false","false"
"parent","fees:adjust","false","false"
"parent","payments:collect","false","false"
"parent","payments:refund","false","false"
"parent","payments:close","false","false"
"parent","payments:reverse","false","false"
"parent","receipts:read","false","false"
"parent","receipts:manage","false","false"
"parent","ledger:read","false","false"
"parent","hr:manage","false","false"
"parent","hr:read","false","false"
"parent","hr:staff:read","false","false"
"parent","hr:staff:create","false","false"
"parent","hr:staff:update","false","false"
"parent","hr:staff:lifecycle","false","false"
"parent","hr:staff:terminate","false","false"
"parent","hr:staff:archive","false","false"
"parent","hr:attendance:read","false","false"
"parent","hr:attendance:write","false","false"
"parent","hr:attendance:correct","false","false"
"parent","hr:leave:read","false","false"
"parent","hr:leave:request","false","false"
"parent","hr:leave:approve","false","false"
"parent","hr:leave:adjust","false","false"
"parent","learning:read","true","true"
"parent","learning:manage","false","false"
"parent","learning:create","false","false"
"parent","learning:update","false","false"
"parent","learning:delete","false","false"
"parent","learning:launch","false","false"
"parent","learning:attempt","false","false"
"parent","learning:progress","true","true"
"parent","library:read","false","false"
"parent","library:manage","false","false"
"parent","library:books:create","false","false"
"parent","library:books:read","false","false"
"parent","library:books:update","false","false"
"parent","library:copies:create","false","false"
"parent","library:copies:read","false","false"
"parent","library:copies:update","false","false"
"parent","library:issues:create","false","false"
"parent","library:issues:read","false","false"
"parent","library:issues:return","false","false"
"parent","library:fines:create","false","false"
"parent","library:fines:update","false","false"
"parent","library:fines:post","false","false"
"parent","library:reports:read","false","false"
"parent","library:reports:export","false","false"
"parent","messaging:create","false","false"
"parent","messaging:read","true","true"
"parent","messaging:manage","false","false"
"parent","payroll:manage","false","false"
"parent","payroll:read","false","false"
"parent","payroll:salary:read","false","false"
"parent","payroll:salary:write","false","false"
"parent","payroll:run:create","false","false"
"parent","payroll:run:read","false","false"
"parent","payroll:run:review","false","false"
"parent","payroll:run:approve","false","false"
"parent","payroll:run:post","false","false"
"parent","payroll:run:pay","false","false"
"parent","payroll:run:reverse","false","false"
"parent","payroll:payslip:read","false","false"
"parent","payroll:payslip:generate","false","false"
"parent","payroll:reports:read","false","false"
"parent","payroll:exports:create","false","false"
"parent","tenants:manage","false","false"
"parent","tenants:read","false","false"
"parent","platform:read","false","false"
"parent","platform:manage","false","false"
"parent","platform:dashboard:read","false","false"
"parent","platform:tenants:read","false","false"
"parent","platform:tenants:status","false","false"
"parent","platform:plans:read","false","false"
"parent","platform:plans:manage","false","false"
"parent","platform:subscriptions:read","false","false"
"parent","platform:subscriptions:manage","false","false"
"parent","platform:usage:read","false","false"
"parent","platform:billing:read","false","false"
"parent","platform:billing:manage","false","false"
"parent","platform:providers:read","false","false"
"parent","platform:providers:manage","false","false"
"parent","platform:api-keys:read","false","false"
"parent","platform:api-keys:manage","false","false"
"parent","platform:queues:read","false","false"
"parent","platform:queues:retry","false","false"
"parent","platform:queues:manage","false","false"
"parent","platform:support:override","false","false"
"parent","platform:audit:read","false","false"
"parent","platform:health:read","false","false"
"parent","platform:reports:read","false","false"
"parent","platform:onboarding:read","false","false"
"parent","platform:onboarding:manage","false","false"
"parent","platform:demo-requests:read","false","false"
"parent","platform:demo-requests:manage","false","false"
"parent","settings:read_public","true","true"
"parent","settings:read","false","false"
"parent","settings:manage","false","false"
"parent","settings:delegate","false","false"
"parent","settings:audit:read","false","false"
"parent","settings:identity:manage","false","false"
"parent","settings:academic:manage","false","false"
"parent","settings:attendance:manage","false","false"
"parent","settings:finance:manage","false","false"
"parent","settings:hr:manage","false","false"
"parent","settings:accounting:manage","false","false"
"parent","settings:communication:manage","false","false"
"parent","settings:security:manage","false","false"
"parent","reports:read","false","false"
"parent","reports:export","false","false"
"parent","staff:create","false","false"
"parent","staff:read","false","false"
"parent","staff:update","false","false"
"parent","students:create","false","false"
"parent","students:read","false","false"
"parent","students:update","false","false"
"parent","students:delete","false","false"
"parent","students:manage_lifecycle","false","false"
"parent","admission_policy:read","false","false"
"parent","admission_policy:manage","false","false"
"parent","students:qr:generate","false","false"
"parent","students:qr:read","false","false"
"parent","students:qr:rotate","false","false"
"parent","students:qr:revoke","false","false"
"parent","students:qr:resolve","false","false"
"parent","students:qr:resolve_all","false","false"
"parent","guardians:create","false","false"
"parent","guardians:read","false","false"
"parent","guardians:update","false","false"
"parent","guardians:verify","false","false"
"parent","student_documents:manage","false","false"
"parent","siblings:manage","false","false"
"parent","enrollments:create","false","false"
"parent","enrollments:read","false","false"
"parent","transport:read","false","false"
"parent","transport:manage","false","false"
"parent","transport:operate","false","false"
"parent","transport:routes:create","false","false"
"parent","transport:routes:read","false","false"
"parent","transport:routes:update","false","false"
"parent","transport:vehicles:create","false","false"
"parent","transport:vehicles:read","false","false"
"parent","transport:vehicles:update","false","false"
"parent","transport:assignments:create","false","false"
"parent","transport:assignments:read","false","false"
"parent","transport:assignments:update","false","false"
"parent","transport:trips:create","false","false"
"parent","transport:trips:read","false","false"
"parent","transport:trips:update","false","false"
"parent","transport:location:read","false","false"
"parent","transport:location:update","false","false"
"parent","transport:tracking:parent","true","true"
"parent","transport:reports:read","false","false"
"accountant","classes:create","false","false"
"accountant","classes:read","false","false"
"accountant","streams:create","false","false"
"accountant","streams:read","false","false"
"accountant","academic_years:create","false","false"
"accountant","academic_years:read","false","false"
"accountant","sections:create","false","false"
"accountant","sections:read","false","false"
"accountant","academics:manage","false","false"
"accountant","academics:read","false","false"
"accountant","academics:enter_marks","false","false"
"accountant","academics:manage_report_cards","false","false"
"accountant","academics:create","false","false"
"accountant","academics:update","false","false"
"accountant","academics:delete","false","false"
"accountant","exam-terms:read","false","false"
"accountant","exam-terms:manage","false","false"
"accountant","exam-terms:unlock","false","false"
"accountant","assessment-components:read","false","false"
"accountant","assessment-components:manage","false","false"
"accountant","marks:read","false","false"
"accountant","marks:manage","false","false"
"accountant","marks:review_lock","false","false"
"accountant","academics:cas:manage","false","false"
"accountant","cas-records:read","false","false"
"accountant","cas-records:manage","false","false"
"accountant","results:read","false","false"
"accountant","results:publish","false","false"
"accountant","results:unpublish","false","false"
"accountant","academics:report_cards:review","false","false"
"accountant","timetable:manage","false","false"
"accountant","timetable:read_published","false","false"
"accountant","timetable:read","false","false"
"accountant","timetable:create","false","false"
"accountant","timetable:update","false","false"
"accountant","timetable:delete","false","false"
"accountant","timetable:publish","false","false"
"accountant","timetable:substitute","false","false"
"accountant","homework:create","false","false"
"accountant","homework:read_published","false","false"
"accountant","homework:read","false","false"
"accountant","homework:review","false","false"
"accountant","homework:update","false","false"
"accountant","homework:delete","false","false"
"accountant","homework:notify","false","false"
"accountant","homework:submit","false","false"
"accountant","accounting:read","true","true"
"accountant","accounting:close","true","true"
"accountant","accounting:reverse","true","true"
"accountant","accounting:accounts:read","true","true"
"accountant","accounting:accounts:write","true","true"
"accountant","accounting:fiscal:manage","true","true"
"accountant","accounting:fiscal:reopen","true","true"
"accountant","accounting:journals:read","true","true"
"accountant","accounting:journals:create","true","true"
"accountant","accounting:journals:submit","true","true"
"accountant","accounting:journals:approve","true","true"
"accountant","accounting:journals:reject","true","true"
"accountant","accounting:journals:post","true","true"
"accountant","accounting:journals:cancel","true","true"
"accountant","accounting:journals:reverse","true","true"
"accountant","accounting:reports:read","true","true"
"accountant","accounting:audit:read","true","true"
"accountant","accounting:reports:trial-balance","true","true"
"accountant","accounting:reports:general-ledger","true","true"
"accountant","accounting:reports:cash-book","true","true"
"accountant","accounting:reports:income-statement","true","true"
"accountant","accounting:reports:balance-sheet","true","true"
"accountant","accounting:reports:tax-summary","true","true"
"accountant","accounting:settings:read","true","true"
"accountant","accounting:settings:update","true","true"
"accountant","accounting:exports:create","true","true"
"accountant","accounting:posting-batches:read","true","true"
"accountant","accounting:posting-batches:retry","true","true"
"accountant","accounting:payroll-handoff:read","true","true"
"accountant","accounting:payroll-handoff:post","true","true"
"accountant","accounting:expenses:read","true","true"
"accountant","accounting:expenses:write","true","true"
"accountant","accounting:vendors:read","true","true"
"accountant","accounting:vendors:write","true","true"
"accountant","accounting:payables:read","true","true"
"accountant","accounting:payables:write","true","true"
"accountant","accounting:reconciliation:read","true","true"
"accountant","accounting:reconciliation:manage","true","true"
"accountant","accounting:reconciliation:finalize","true","true"
"accountant","finance:principal:read","false","false"
"accountant","finance:approvals:read","false","false"
"accountant","finance:approvals:decide","false","false"
"accountant","accounting:budgets:read","true","true"
"accountant","accounting:budgets:write","true","true"
"accountant","accounting:reports:budget-vs-actual","true","true"
"accountant","accounting:reports:cash-flow-statement","true","true"
"accountant","activity_feed:create","false","false"
"accountant","activity_feed:read","false","false"
"accountant","activity_feed:moderate","false","false"
"accountant","advanced:approvals:read","false","true"
"accountant","advanced:approvals:manage","false","false"
"accountant","advanced:approvals:decide","false","false"
"accountant","advanced:automation:read","false","true"
"accountant","advanced:automation:manage","false","false"
"accountant","advanced:automation:execute","false","false"
"accountant","advanced:analytics:read","false","true"
"accountant","advanced:analytics:refresh","false","true"
"accountant","advanced:documents:read","false","true"
"accountant","advanced:documents:manage","false","true"
"accountant","advanced:exports:read","false","true"
"accountant","advanced:exports:create","false","true"
"accountant","attendance:mark","false","false"
"accountant","attendance:read","false","false"
"accountant","attendance:review_conflicts","false","false"
"accountant","attendance:manage_all","false","false"
"accountant","attendance:override_lock","false","false"
"accountant","attendance:staff:update","false","false"
"accountant","users:create","false","false"
"accountant","users:read","true","true"
"accountant","users:update_status","false","false"
"accountant","users:reset_password","false","false"
"accountant","roles:read","true","true"
"accountant","roles:create","false","false"
"accountant","roles:assign","false","false"
"accountant","roles:manage_permissions","false","false"
"accountant","canteen:menu:create","false","false"
"accountant","canteen:menu:read","false","false"
"accountant","canteen:menu:update","false","false"
"accountant","canteen:plans:create","false","false"
"accountant","canteen:plans:read","false","false"
"accountant","canteen:plans:update","false","false"
"accountant","canteen:enrollments:create","false","false"
"accountant","canteen:enrollments:read","false","false"
"accountant","canteen:enrollments:update","false","false"
"accountant","canteen:serving:create","false","false"
"accountant","canteen:serving:read","false","false"
"accountant","canteen:serving:update","false","false"
"accountant","canteen:wallets:create","false","false"
"accountant","canteen:wallets:read","false","false"
"accountant","canteen:wallets:update","false","false"
"accountant","canteen:pos:create","false","false"
"accountant","canteen:pos:read","false","false"
"accountant","canteen:pos:update","false","false"
"accountant","canteen:inventory:read","false","false"
"accountant","canteen:inventory:update","false","false"
"accountant","canteen:controls:create","false","false"
"accountant","canteen:controls:read","false","false"
"accountant","canteen:controls:update","false","false"
"accountant","canteen:reports:read","false","false"
"accountant","canteen:parent:read","false","false"
"accountant","notifications:view_own","false","false"
"accountant","notifications:manage_templates","false","false"
"accountant","notifications:manage_preferences","false","false"
"accountant","notifications:view_delivery_diagnostics","false","false"
"accountant","notifications:retry_deliveries","false","false"
"accountant","notices:create","false","false"
"accountant","notices:edit","false","false"
"accountant","notices:publish","false","false"
"accountant","notices:schedule","false","false"
"accountant","notices:cancel","false","false"
"accountant","notices:archive","false","false"
"accountant","notices:read","false","false"
"accountant","notices:approve","false","false"
"accountant","notices:send_emergency","false","false"
"accountant","notices:read_reports","false","false"
"accountant","events:create","false","false"
"accountant","events:read","false","false"
"accountant","communications:read_deliveries","false","false"
"accountant","communications:retry_deliveries","false","false"
"accountant","communications:manage_templates","false","false"
"accountant","communications:manage_consent","false","false"
"accountant","consents:manage","false","false"
"accountant","service_requests:create","false","false"
"accountant","service_requests:read","true","true"
"accountant","service_requests:manage","true","true"
"accountant","fees:manage","true","true"
"accountant","fees:bill","true","true"
"accountant","fees:discount","true","true"
"accountant","fees:adjust","true","true"
"accountant","payments:collect","true","true"
"accountant","payments:refund","true","true"
"accountant","payments:close","true","true"
"accountant","payments:reverse","false","false"
"accountant","receipts:read","true","true"
"accountant","receipts:manage","true","true"
"accountant","ledger:read","true","true"
"accountant","hr:manage","false","false"
"accountant","hr:read","false","false"
"accountant","hr:staff:read","false","true"
"accountant","hr:staff:create","false","false"
"accountant","hr:staff:update","false","false"
"accountant","hr:staff:lifecycle","false","false"
"accountant","hr:staff:terminate","false","false"
"accountant","hr:staff:archive","false","false"
"accountant","hr:attendance:read","false","false"
"accountant","hr:attendance:write","false","false"
"accountant","hr:attendance:correct","false","false"
"accountant","hr:leave:read","false","false"
"accountant","hr:leave:request","false","true"
"accountant","hr:leave:approve","false","false"
"accountant","hr:leave:adjust","false","false"
"accountant","learning:read","false","false"
"accountant","learning:manage","false","false"
"accountant","learning:create","false","false"
"accountant","learning:update","false","false"
"accountant","learning:delete","false","false"
"accountant","learning:launch","false","false"
"accountant","learning:attempt","false","false"
"accountant","learning:progress","false","false"
"accountant","library:read","false","false"
"accountant","library:manage","false","false"
"accountant","library:books:create","false","false"
"accountant","library:books:read","false","false"
"accountant","library:books:update","false","false"
"accountant","library:copies:create","false","false"
"accountant","library:copies:read","false","false"
"accountant","library:copies:update","false","false"
"accountant","library:issues:create","false","false"
"accountant","library:issues:read","false","false"
"accountant","library:issues:return","false","false"
"accountant","library:fines:create","false","false"
"accountant","library:fines:update","false","false"
"accountant","library:fines:post","false","false"
"accountant","library:reports:read","false","false"
"accountant","library:reports:export","false","false"
"accountant","messaging:create","false","false"
"accountant","messaging:read","false","false"
"accountant","messaging:manage","false","false"
"accountant","payroll:manage","false","false"
"accountant","payroll:read","false","false"
"accountant","payroll:salary:read","false","false"
"accountant","payroll:salary:write","false","false"
"accountant","payroll:run:create","false","false"
"accountant","payroll:run:read","false","false"
"accountant","payroll:run:review","false","false"
"accountant","payroll:run:approve","false","false"
"accountant","payroll:run:post","false","false"
"accountant","payroll:run:pay","false","false"
"accountant","payroll:run:reverse","false","false"
"accountant","payroll:payslip:read","false","true"
"accountant","payroll:payslip:generate","false","false"
"accountant","payroll:reports:read","false","false"
"accountant","payroll:exports:create","false","true"
"accountant","tenants:manage","false","false"
"accountant","tenants:read","false","false"
"accountant","platform:read","false","false"
"accountant","platform:manage","false","false"
"accountant","platform:dashboard:read","false","false"
"accountant","platform:tenants:read","false","false"
"accountant","platform:tenants:status","false","false"
"accountant","platform:plans:read","false","false"
"accountant","platform:plans:manage","false","false"
"accountant","platform:subscriptions:read","false","false"
"accountant","platform:subscriptions:manage","false","false"
"accountant","platform:usage:read","false","false"
"accountant","platform:billing:read","false","false"
"accountant","platform:billing:manage","false","false"
"accountant","platform:providers:read","false","false"
"accountant","platform:providers:manage","false","false"
"accountant","platform:api-keys:read","false","false"
"accountant","platform:api-keys:manage","false","false"
"accountant","platform:queues:read","false","false"
"accountant","platform:queues:retry","false","false"
"accountant","platform:queues:manage","false","false"
"accountant","platform:support:override","false","false"
"accountant","platform:audit:read","false","false"
"accountant","platform:health:read","false","false"
"accountant","platform:reports:read","false","false"
"accountant","platform:onboarding:read","false","false"
"accountant","platform:onboarding:manage","false","false"
"accountant","platform:demo-requests:read","false","false"
"accountant","platform:demo-requests:manage","false","false"
"accountant","settings:read_public","true","true"
"accountant","settings:read","true","true"
"accountant","settings:manage","false","false"
"accountant","settings:delegate","false","false"
"accountant","settings:audit:read","false","false"
"accountant","settings:identity:manage","false","false"
"accountant","settings:academic:manage","false","false"
"accountant","settings:attendance:manage","false","false"
"accountant","settings:finance:manage","true","true"
"accountant","settings:hr:manage","false","false"
"accountant","settings:accounting:manage","true","true"
"accountant","settings:communication:manage","false","false"
"accountant","settings:security:manage","false","false"
"accountant","reports:read","true","true"
"accountant","reports:export","true","true"
"accountant","staff:create","false","false"
"accountant","staff:read","true","true"
"accountant","staff:update","false","false"
"accountant","students:create","false","false"
"accountant","students:read","true","true"
"accountant","students:update","false","false"
"accountant","students:delete","false","false"
"accountant","students:manage_lifecycle","false","false"
"accountant","admission_policy:read","false","false"
"accountant","admission_policy:manage","false","false"
"accountant","students:qr:generate","false","false"
"accountant","students:qr:read","false","false"
"accountant","students:qr:rotate","false","false"
"accountant","students:qr:revoke","false","false"
"accountant","students:qr:resolve","false","false"
"accountant","students:qr:resolve_all","false","false"
"accountant","guardians:create","false","false"
"accountant","guardians:read","false","false"
"accountant","guardians:update","false","false"
"accountant","guardians:verify","false","false"
"accountant","student_documents:manage","false","false"
"accountant","siblings:manage","false","false"
"accountant","enrollments:create","false","false"
"accountant","enrollments:read","false","false"
"accountant","transport:read","false","false"
"accountant","transport:manage","false","false"
"accountant","transport:operate","false","false"
"accountant","transport:routes:create","false","false"
"accountant","transport:routes:read","false","false"
"accountant","transport:routes:update","false","false"
"accountant","transport:vehicles:create","false","false"
"accountant","transport:vehicles:read","false","false"
"accountant","transport:vehicles:update","false","false"
"accountant","transport:assignments:create","false","false"
"accountant","transport:assignments:read","false","false"
"accountant","transport:assignments:update","false","false"
"accountant","transport:trips:create","false","false"
"accountant","transport:trips:read","false","false"
"accountant","transport:trips:update","false","false"
"accountant","transport:location:read","false","false"
"accountant","transport:location:update","false","false"
"accountant","transport:tracking:parent","false","false"
"accountant","transport:reports:read","false","false"
"financial_auditor","classes:create","false","false"
"financial_auditor","classes:read","false","false"
"financial_auditor","streams:create","false","false"
"financial_auditor","streams:read","false","false"
"financial_auditor","academic_years:create","false","false"
"financial_auditor","academic_years:read","false","false"
"financial_auditor","sections:create","false","false"
"financial_auditor","sections:read","false","false"
"financial_auditor","academics:manage","false","false"
"financial_auditor","academics:read","false","false"
"financial_auditor","academics:enter_marks","false","false"
"financial_auditor","academics:manage_report_cards","false","false"
"financial_auditor","academics:create","false","false"
"financial_auditor","academics:update","false","false"
"financial_auditor","academics:delete","false","false"
"financial_auditor","exam-terms:read","false","false"
"financial_auditor","exam-terms:manage","false","false"
"financial_auditor","exam-terms:unlock","false","false"
"financial_auditor","assessment-components:read","false","false"
"financial_auditor","assessment-components:manage","false","false"
"financial_auditor","marks:read","false","false"
"financial_auditor","marks:manage","false","false"
"financial_auditor","marks:review_lock","false","false"
"financial_auditor","academics:cas:manage","false","false"
"financial_auditor","cas-records:read","false","false"
"financial_auditor","cas-records:manage","false","false"
"financial_auditor","results:read","false","false"
"financial_auditor","results:publish","false","false"
"financial_auditor","results:unpublish","false","false"
"financial_auditor","academics:report_cards:review","false","false"
"financial_auditor","timetable:manage","false","false"
"financial_auditor","timetable:read_published","false","false"
"financial_auditor","timetable:read","false","false"
"financial_auditor","timetable:create","false","false"
"financial_auditor","timetable:update","false","false"
"financial_auditor","timetable:delete","false","false"
"financial_auditor","timetable:publish","false","false"
"financial_auditor","timetable:substitute","false","false"
"financial_auditor","homework:create","false","false"
"financial_auditor","homework:read_published","false","false"
"financial_auditor","homework:read","false","false"
"financial_auditor","homework:review","false","false"
"financial_auditor","homework:update","false","false"
"financial_auditor","homework:delete","false","false"
"financial_auditor","homework:notify","false","false"
"financial_auditor","homework:submit","false","false"
"financial_auditor","accounting:read","true","true"
"financial_auditor","accounting:close","false","false"
"financial_auditor","accounting:reverse","false","false"
"financial_auditor","accounting:accounts:read","true","true"
"financial_auditor","accounting:accounts:write","false","false"
"financial_auditor","accounting:fiscal:manage","false","false"
"financial_auditor","accounting:fiscal:reopen","false","false"
"financial_auditor","accounting:journals:read","true","true"
"financial_auditor","accounting:journals:create","false","false"
"financial_auditor","accounting:journals:submit","false","false"
"financial_auditor","accounting:journals:approve","false","false"
"financial_auditor","accounting:journals:reject","false","false"
"financial_auditor","accounting:journals:post","false","false"
"financial_auditor","accounting:journals:cancel","false","false"
"financial_auditor","accounting:journals:reverse","false","false"
"financial_auditor","accounting:reports:read","true","true"
"financial_auditor","accounting:audit:read","true","true"
"financial_auditor","accounting:reports:trial-balance","true","true"
"financial_auditor","accounting:reports:general-ledger","true","true"
"financial_auditor","accounting:reports:cash-book","true","true"
"financial_auditor","accounting:reports:income-statement","true","true"
"financial_auditor","accounting:reports:balance-sheet","true","true"
"financial_auditor","accounting:reports:tax-summary","true","true"
"financial_auditor","accounting:settings:read","true","true"
"financial_auditor","accounting:settings:update","false","false"
"financial_auditor","accounting:exports:create","true","true"
"financial_auditor","accounting:posting-batches:read","true","true"
"financial_auditor","accounting:posting-batches:retry","false","false"
"financial_auditor","accounting:payroll-handoff:read","true","true"
"financial_auditor","accounting:payroll-handoff:post","false","false"
"financial_auditor","accounting:expenses:read","true","true"
"financial_auditor","accounting:expenses:write","false","false"
"financial_auditor","accounting:vendors:read","true","true"
"financial_auditor","accounting:vendors:write","false","false"
"financial_auditor","accounting:payables:read","true","true"
"financial_auditor","accounting:payables:write","false","false"
"financial_auditor","accounting:reconciliation:read","true","true"
"financial_auditor","accounting:reconciliation:manage","false","false"
"financial_auditor","accounting:reconciliation:finalize","false","false"
"financial_auditor","finance:principal:read","false","false"
"financial_auditor","finance:approvals:read","false","false"
"financial_auditor","finance:approvals:decide","false","false"
"financial_auditor","accounting:budgets:read","false","false"
"financial_auditor","accounting:budgets:write","false","false"
"financial_auditor","accounting:reports:budget-vs-actual","false","false"
"financial_auditor","accounting:reports:cash-flow-statement","false","false"
"financial_auditor","activity_feed:create","false","false"
"financial_auditor","activity_feed:read","false","false"
"financial_auditor","activity_feed:moderate","false","false"
"financial_auditor","advanced:approvals:read","false","true"
"financial_auditor","advanced:approvals:manage","false","false"
"financial_auditor","advanced:approvals:decide","false","false"
"financial_auditor","advanced:automation:read","false","true"
"financial_auditor","advanced:automation:manage","false","false"
"financial_auditor","advanced:automation:execute","false","false"
"financial_auditor","advanced:analytics:read","false","true"
"financial_auditor","advanced:analytics:refresh","false","true"
"financial_auditor","advanced:documents:read","false","true"
"financial_auditor","advanced:documents:manage","false","true"
"financial_auditor","advanced:exports:read","false","true"
"financial_auditor","advanced:exports:create","false","true"
"financial_auditor","attendance:mark","false","false"
"financial_auditor","attendance:read","false","false"
"financial_auditor","attendance:review_conflicts","false","false"
"financial_auditor","attendance:manage_all","false","false"
"financial_auditor","attendance:override_lock","false","false"
"financial_auditor","attendance:staff:update","false","false"
"financial_auditor","users:create","false","false"
"financial_auditor","users:read","false","false"
"financial_auditor","users:update_status","false","false"
"financial_auditor","users:reset_password","false","false"
"financial_auditor","roles:read","true","true"
"financial_auditor","roles:create","false","false"
"financial_auditor","roles:assign","false","false"
"financial_auditor","roles:manage_permissions","false","false"
"financial_auditor","canteen:menu:create","false","false"
"financial_auditor","canteen:menu:read","false","false"
"financial_auditor","canteen:menu:update","false","false"
"financial_auditor","canteen:plans:create","false","false"
"financial_auditor","canteen:plans:read","false","false"
"financial_auditor","canteen:plans:update","false","false"
"financial_auditor","canteen:enrollments:create","false","false"
"financial_auditor","canteen:enrollments:read","false","false"
"financial_auditor","canteen:enrollments:update","false","false"
"financial_auditor","canteen:serving:create","false","false"
"financial_auditor","canteen:serving:read","false","false"
"financial_auditor","canteen:serving:update","false","false"
"financial_auditor","canteen:wallets:create","false","false"
"financial_auditor","canteen:wallets:read","false","false"
"financial_auditor","canteen:wallets:update","false","false"
"financial_auditor","canteen:pos:create","false","false"
"financial_auditor","canteen:pos:read","false","false"
"financial_auditor","canteen:pos:update","false","false"
"financial_auditor","canteen:inventory:read","false","false"
"financial_auditor","canteen:inventory:update","false","false"
"financial_auditor","canteen:controls:create","false","false"
"financial_auditor","canteen:controls:read","false","false"
"financial_auditor","canteen:controls:update","false","false"
"financial_auditor","canteen:reports:read","false","false"
"financial_auditor","canteen:parent:read","false","false"
"financial_auditor","notifications:view_own","false","false"
"financial_auditor","notifications:manage_templates","false","false"
"financial_auditor","notifications:manage_preferences","false","false"
"financial_auditor","notifications:view_delivery_diagnostics","false","false"
"financial_auditor","notifications:retry_deliveries","false","false"
"financial_auditor","notices:create","false","false"
"financial_auditor","notices:edit","false","false"
"financial_auditor","notices:publish","false","false"
"financial_auditor","notices:schedule","false","false"
"financial_auditor","notices:cancel","false","false"
"financial_auditor","notices:archive","false","false"
"financial_auditor","notices:read","false","false"
"financial_auditor","notices:approve","false","false"
"financial_auditor","notices:send_emergency","false","false"
"financial_auditor","notices:read_reports","false","false"
"financial_auditor","events:create","false","false"
"financial_auditor","events:read","false","false"
"financial_auditor","communications:read_deliveries","false","false"
"financial_auditor","communications:retry_deliveries","false","false"
"financial_auditor","communications:manage_templates","false","false"
"financial_auditor","communications:manage_consent","false","false"
"financial_auditor","consents:manage","false","false"
"financial_auditor","service_requests:create","false","false"
"financial_auditor","service_requests:read","false","false"
"financial_auditor","service_requests:manage","false","false"
"financial_auditor","fees:manage","false","false"
"financial_auditor","fees:bill","false","false"
"financial_auditor","fees:discount","false","false"
"financial_auditor","fees:adjust","false","false"
"financial_auditor","payments:collect","false","false"
"financial_auditor","payments:refund","false","false"
"financial_auditor","payments:close","false","false"
"financial_auditor","payments:reverse","false","false"
"financial_auditor","receipts:read","true","true"
"financial_auditor","receipts:manage","false","false"
"financial_auditor","ledger:read","false","false"
"financial_auditor","hr:manage","false","false"
"financial_auditor","hr:read","false","false"
"financial_auditor","hr:staff:read","false","false"
"financial_auditor","hr:staff:create","false","false"
"financial_auditor","hr:staff:update","false","false"
"financial_auditor","hr:staff:lifecycle","false","false"
"financial_auditor","hr:staff:terminate","false","false"
"financial_auditor","hr:staff:archive","false","false"
"financial_auditor","hr:attendance:read","false","false"
"financial_auditor","hr:attendance:write","false","false"
"financial_auditor","hr:attendance:correct","false","false"
"financial_auditor","hr:leave:read","false","false"
"financial_auditor","hr:leave:request","false","false"
"financial_auditor","hr:leave:approve","false","false"
"financial_auditor","hr:leave:adjust","false","false"
"financial_auditor","learning:read","false","false"
"financial_auditor","learning:manage","false","false"
"financial_auditor","learning:create","false","false"
"financial_auditor","learning:update","false","false"
"financial_auditor","learning:delete","false","false"
"financial_auditor","learning:launch","false","false"
"financial_auditor","learning:attempt","false","false"
"financial_auditor","learning:progress","false","false"
"financial_auditor","library:read","false","false"
"financial_auditor","library:manage","false","false"
"financial_auditor","library:books:create","false","false"
"financial_auditor","library:books:read","false","false"
"financial_auditor","library:books:update","false","false"
"financial_auditor","library:copies:create","false","false"
"financial_auditor","library:copies:read","false","false"
"financial_auditor","library:copies:update","false","false"
"financial_auditor","library:issues:create","false","false"
"financial_auditor","library:issues:read","false","false"
"financial_auditor","library:issues:return","false","false"
"financial_auditor","library:fines:create","false","false"
"financial_auditor","library:fines:update","false","false"
"financial_auditor","library:fines:post","false","false"
"financial_auditor","library:reports:read","false","false"
"financial_auditor","library:reports:export","false","false"
"financial_auditor","messaging:create","false","false"
"financial_auditor","messaging:read","false","false"
"financial_auditor","messaging:manage","false","false"
"financial_auditor","payroll:manage","false","false"
"financial_auditor","payroll:read","false","false"
"financial_auditor","payroll:salary:read","false","false"
"financial_auditor","payroll:salary:write","false","false"
"financial_auditor","payroll:run:create","false","false"
"financial_auditor","payroll:run:read","false","false"
"financial_auditor","payroll:run:review","false","false"
"financial_auditor","payroll:run:approve","false","false"
"financial_auditor","payroll:run:post","false","false"
"financial_auditor","payroll:run:pay","false","false"
"financial_auditor","payroll:run:reverse","false","false"
"financial_auditor","payroll:payslip:read","false","false"
"financial_auditor","payroll:payslip:generate","false","false"
"financial_auditor","payroll:reports:read","false","false"
"financial_auditor","payroll:exports:create","false","true"
"financial_auditor","tenants:manage","false","false"
"financial_auditor","tenants:read","false","false"
"financial_auditor","platform:read","false","false"
"financial_auditor","platform:manage","false","false"
"financial_auditor","platform:dashboard:read","false","false"
"financial_auditor","platform:tenants:read","false","false"
"financial_auditor","platform:tenants:status","false","false"
"financial_auditor","platform:plans:read","false","false"
"financial_auditor","platform:plans:manage","false","false"
"financial_auditor","platform:subscriptions:read","false","false"
"financial_auditor","platform:subscriptions:manage","false","false"
"financial_auditor","platform:usage:read","false","false"
"financial_auditor","platform:billing:read","false","false"
"financial_auditor","platform:billing:manage","false","false"
"financial_auditor","platform:providers:read","false","false"
"financial_auditor","platform:providers:manage","false","false"
"financial_auditor","platform:api-keys:read","false","false"
"financial_auditor","platform:api-keys:manage","false","false"
"financial_auditor","platform:queues:read","false","false"
"financial_auditor","platform:queues:retry","false","false"
"financial_auditor","platform:queues:manage","false","false"
"financial_auditor","platform:support:override","false","false"
"financial_auditor","platform:audit:read","false","false"
"financial_auditor","platform:health:read","false","false"
"financial_auditor","platform:reports:read","false","false"
"financial_auditor","platform:onboarding:read","false","false"
"financial_auditor","platform:onboarding:manage","false","false"
"financial_auditor","platform:demo-requests:read","false","false"
"financial_auditor","platform:demo-requests:manage","false","false"
"financial_auditor","settings:read_public","true","true"
"financial_auditor","settings:read","true","true"
"financial_auditor","settings:manage","false","false"
"financial_auditor","settings:delegate","false","false"
"financial_auditor","settings:audit:read","false","false"
"financial_auditor","settings:identity:manage","false","false"
"financial_auditor","settings:academic:manage","false","false"
"financial_auditor","settings:attendance:manage","false","false"
"financial_auditor","settings:finance:manage","false","false"
"financial_auditor","settings:hr:manage","false","false"
"financial_auditor","settings:accounting:manage","false","false"
"financial_auditor","settings:communication:manage","false","false"
"financial_auditor","settings:security:manage","false","false"
"financial_auditor","reports:read","true","true"
"financial_auditor","reports:export","true","true"
"financial_auditor","staff:create","false","false"
"financial_auditor","staff:read","false","false"
"financial_auditor","staff:update","false","false"
"financial_auditor","students:create","false","false"
"financial_auditor","students:read","false","false"
"financial_auditor","students:update","false","false"
"financial_auditor","students:delete","false","false"
"financial_auditor","students:manage_lifecycle","false","false"
"financial_auditor","admission_policy:read","false","false"
"financial_auditor","admission_policy:manage","false","false"
"financial_auditor","students:qr:generate","false","false"
"financial_auditor","students:qr:read","false","false"
"financial_auditor","students:qr:rotate","false","false"
"financial_auditor","students:qr:revoke","false","false"
"financial_auditor","students:qr:resolve","false","false"
"financial_auditor","students:qr:resolve_all","false","false"
"financial_auditor","guardians:create","false","false"
"financial_auditor","guardians:read","false","false"
"financial_auditor","guardians:update","false","false"
"financial_auditor","guardians:verify","false","false"
"financial_auditor","student_documents:manage","false","false"
"financial_auditor","siblings:manage","false","false"
"financial_auditor","enrollments:create","false","false"
"financial_auditor","enrollments:read","false","false"
"financial_auditor","transport:read","false","false"
"financial_auditor","transport:manage","false","false"
"financial_auditor","transport:operate","false","false"
"financial_auditor","transport:routes:create","false","false"
"financial_auditor","transport:routes:read","false","false"
"financial_auditor","transport:routes:update","false","false"
"financial_auditor","transport:vehicles:create","false","false"
"financial_auditor","transport:vehicles:read","false","false"
"financial_auditor","transport:vehicles:update","false","false"
"financial_auditor","transport:assignments:create","false","false"
"financial_auditor","transport:assignments:read","false","false"
"financial_auditor","transport:assignments:update","false","false"
"financial_auditor","transport:trips:create","false","false"
"financial_auditor","transport:trips:read","false","false"
"financial_auditor","transport:trips:update","false","false"
"financial_auditor","transport:location:read","false","false"
"financial_auditor","transport:location:update","false","false"
"financial_auditor","transport:tracking:parent","false","false"
"financial_auditor","transport:reports:read","false","false"
"hr_manager","classes:create","false","false"
"hr_manager","classes:read","false","false"
"hr_manager","streams:create","false","false"
"hr_manager","streams:read","false","false"
"hr_manager","academic_years:create","false","false"
"hr_manager","academic_years:read","false","false"
"hr_manager","sections:create","false","false"
"hr_manager","sections:read","false","false"
"hr_manager","academics:manage","false","false"
"hr_manager","academics:read","false","false"
"hr_manager","academics:enter_marks","false","false"
"hr_manager","academics:manage_report_cards","false","false"
"hr_manager","academics:create","false","false"
"hr_manager","academics:update","false","false"
"hr_manager","academics:delete","false","false"
"hr_manager","exam-terms:read","false","false"
"hr_manager","exam-terms:manage","false","false"
"hr_manager","exam-terms:unlock","false","false"
"hr_manager","assessment-components:read","false","false"
"hr_manager","assessment-components:manage","false","false"
"hr_manager","marks:read","false","false"
"hr_manager","marks:manage","false","false"
"hr_manager","marks:review_lock","false","false"
"hr_manager","academics:cas:manage","false","false"
"hr_manager","cas-records:read","false","false"
"hr_manager","cas-records:manage","false","false"
"hr_manager","results:read","false","false"
"hr_manager","results:publish","false","false"
"hr_manager","results:unpublish","false","false"
"hr_manager","academics:report_cards:review","false","false"
"hr_manager","timetable:manage","false","false"
"hr_manager","timetable:read_published","false","false"
"hr_manager","timetable:read","false","false"
"hr_manager","timetable:create","false","false"
"hr_manager","timetable:update","false","false"
"hr_manager","timetable:delete","false","false"
"hr_manager","timetable:publish","false","false"
"hr_manager","timetable:substitute","false","false"
"hr_manager","homework:create","false","false"
"hr_manager","homework:read_published","false","false"
"hr_manager","homework:read","false","false"
"hr_manager","homework:review","false","false"
"hr_manager","homework:update","false","false"
"hr_manager","homework:delete","false","false"
"hr_manager","homework:notify","false","false"
"hr_manager","homework:submit","false","false"
"hr_manager","accounting:read","false","false"
"hr_manager","accounting:close","false","false"
"hr_manager","accounting:reverse","false","false"
"hr_manager","accounting:accounts:read","false","false"
"hr_manager","accounting:accounts:write","false","false"
"hr_manager","accounting:fiscal:manage","false","false"
"hr_manager","accounting:fiscal:reopen","false","false"
"hr_manager","accounting:journals:read","false","false"
"hr_manager","accounting:journals:create","false","false"
"hr_manager","accounting:journals:submit","false","false"
"hr_manager","accounting:journals:approve","false","false"
"hr_manager","accounting:journals:reject","false","false"
"hr_manager","accounting:journals:post","false","false"
"hr_manager","accounting:journals:cancel","false","false"
"hr_manager","accounting:journals:reverse","false","false"
"hr_manager","accounting:reports:read","false","false"
"hr_manager","accounting:audit:read","false","false"
"hr_manager","accounting:reports:trial-balance","false","false"
"hr_manager","accounting:reports:general-ledger","false","false"
"hr_manager","accounting:reports:cash-book","false","false"
"hr_manager","accounting:reports:income-statement","false","false"
"hr_manager","accounting:reports:balance-sheet","false","false"
"hr_manager","accounting:reports:tax-summary","false","false"
"hr_manager","accounting:settings:read","false","false"
"hr_manager","accounting:settings:update","false","false"
"hr_manager","accounting:exports:create","false","false"
"hr_manager","accounting:posting-batches:read","false","false"
"hr_manager","accounting:posting-batches:retry","false","false"
"hr_manager","accounting:payroll-handoff:read","false","false"
"hr_manager","accounting:payroll-handoff:post","false","false"
"hr_manager","accounting:expenses:read","false","false"
"hr_manager","accounting:expenses:write","false","false"
"hr_manager","accounting:vendors:read","false","false"
"hr_manager","accounting:vendors:write","false","false"
"hr_manager","accounting:payables:read","false","false"
"hr_manager","accounting:payables:write","false","false"
"hr_manager","accounting:reconciliation:read","false","false"
"hr_manager","accounting:reconciliation:manage","false","false"
"hr_manager","accounting:reconciliation:finalize","false","false"
"hr_manager","finance:principal:read","false","false"
"hr_manager","finance:approvals:read","false","false"
"hr_manager","finance:approvals:decide","false","false"
"hr_manager","accounting:budgets:read","false","false"
"hr_manager","accounting:budgets:write","false","false"
"hr_manager","accounting:reports:budget-vs-actual","false","false"
"hr_manager","accounting:reports:cash-flow-statement","false","false"
"hr_manager","activity_feed:create","false","false"
"hr_manager","activity_feed:read","false","false"
"hr_manager","activity_feed:moderate","false","false"
"hr_manager","advanced:approvals:read","false","true"
"hr_manager","advanced:approvals:manage","false","false"
"hr_manager","advanced:approvals:decide","false","false"
"hr_manager","advanced:automation:read","false","true"
"hr_manager","advanced:automation:manage","false","false"
"hr_manager","advanced:automation:execute","false","false"
"hr_manager","advanced:analytics:read","false","true"
"hr_manager","advanced:analytics:refresh","false","false"
"hr_manager","advanced:documents:read","false","true"
"hr_manager","advanced:documents:manage","false","false"
"hr_manager","advanced:exports:read","false","true"
"hr_manager","advanced:exports:create","false","false"
"hr_manager","attendance:mark","false","false"
"hr_manager","attendance:read","false","false"
"hr_manager","attendance:review_conflicts","false","false"
"hr_manager","attendance:manage_all","false","false"
"hr_manager","attendance:override_lock","false","false"
"hr_manager","attendance:staff:update","false","false"
"hr_manager","users:create","false","false"
"hr_manager","users:read","true","true"
"hr_manager","users:update_status","false","false"
"hr_manager","users:reset_password","false","false"
"hr_manager","roles:read","true","true"
"hr_manager","roles:create","false","false"
"hr_manager","roles:assign","false","false"
"hr_manager","roles:manage_permissions","false","false"
"hr_manager","canteen:menu:create","false","false"
"hr_manager","canteen:menu:read","false","false"
"hr_manager","canteen:menu:update","false","false"
"hr_manager","canteen:plans:create","false","false"
"hr_manager","canteen:plans:read","false","false"
"hr_manager","canteen:plans:update","false","false"
"hr_manager","canteen:enrollments:create","false","false"
"hr_manager","canteen:enrollments:read","false","false"
"hr_manager","canteen:enrollments:update","false","false"
"hr_manager","canteen:serving:create","false","false"
"hr_manager","canteen:serving:read","false","false"
"hr_manager","canteen:serving:update","false","false"
"hr_manager","canteen:wallets:create","false","false"
"hr_manager","canteen:wallets:read","false","false"
"hr_manager","canteen:wallets:update","false","false"
"hr_manager","canteen:pos:create","false","false"
"hr_manager","canteen:pos:read","false","false"
"hr_manager","canteen:pos:update","false","false"
"hr_manager","canteen:inventory:read","false","false"
"hr_manager","canteen:inventory:update","false","false"
"hr_manager","canteen:controls:create","false","false"
"hr_manager","canteen:controls:read","false","false"
"hr_manager","canteen:controls:update","false","false"
"hr_manager","canteen:reports:read","false","false"
"hr_manager","canteen:parent:read","false","false"
"hr_manager","notifications:view_own","false","true"
"hr_manager","notifications:manage_templates","false","false"
"hr_manager","notifications:manage_preferences","false","true"
"hr_manager","notifications:view_delivery_diagnostics","false","false"
"hr_manager","notifications:retry_deliveries","false","false"
"hr_manager","notices:create","true","true"
"hr_manager","notices:edit","false","false"
"hr_manager","notices:publish","false","false"
"hr_manager","notices:schedule","false","false"
"hr_manager","notices:cancel","false","false"
"hr_manager","notices:archive","false","false"
"hr_manager","notices:read","true","true"
"hr_manager","notices:approve","false","false"
"hr_manager","notices:send_emergency","false","false"
"hr_manager","notices:read_reports","false","false"
"hr_manager","events:create","false","false"
"hr_manager","events:read","true","true"
"hr_manager","communications:read_deliveries","false","false"
"hr_manager","communications:retry_deliveries","false","false"
"hr_manager","communications:manage_templates","false","false"
"hr_manager","communications:manage_consent","false","false"
"hr_manager","consents:manage","false","false"
"hr_manager","service_requests:create","false","false"
"hr_manager","service_requests:read","false","false"
"hr_manager","service_requests:manage","false","false"
"hr_manager","fees:manage","false","false"
"hr_manager","fees:bill","false","false"
"hr_manager","fees:discount","false","false"
"hr_manager","fees:adjust","false","false"
"hr_manager","payments:collect","false","false"
"hr_manager","payments:refund","false","false"
"hr_manager","payments:close","false","false"
"hr_manager","payments:reverse","false","false"
"hr_manager","receipts:read","false","false"
"hr_manager","receipts:manage","false","false"
"hr_manager","ledger:read","false","false"
"hr_manager","hr:manage","true","true"
"hr_manager","hr:read","true","true"
"hr_manager","hr:staff:read","true","true"
"hr_manager","hr:staff:create","true","true"
"hr_manager","hr:staff:update","true","true"
"hr_manager","hr:staff:lifecycle","true","true"
"hr_manager","hr:staff:terminate","true","true"
"hr_manager","hr:staff:archive","true","true"
"hr_manager","hr:attendance:read","true","true"
"hr_manager","hr:attendance:write","true","true"
"hr_manager","hr:attendance:correct","true","true"
"hr_manager","hr:leave:read","true","true"
"hr_manager","hr:leave:request","true","true"
"hr_manager","hr:leave:approve","true","true"
"hr_manager","hr:leave:adjust","true","true"
"hr_manager","learning:read","false","false"
"hr_manager","learning:manage","false","false"
"hr_manager","learning:create","false","false"
"hr_manager","learning:update","false","false"
"hr_manager","learning:delete","false","false"
"hr_manager","learning:launch","false","false"
"hr_manager","learning:attempt","false","false"
"hr_manager","learning:progress","false","false"
"hr_manager","library:read","false","false"
"hr_manager","library:manage","false","false"
"hr_manager","library:books:create","false","false"
"hr_manager","library:books:read","false","false"
"hr_manager","library:books:update","false","false"
"hr_manager","library:copies:create","false","false"
"hr_manager","library:copies:read","false","false"
"hr_manager","library:copies:update","false","false"
"hr_manager","library:issues:create","false","false"
"hr_manager","library:issues:read","false","false"
"hr_manager","library:issues:return","false","false"
"hr_manager","library:fines:create","false","false"
"hr_manager","library:fines:update","false","false"
"hr_manager","library:fines:post","false","false"
"hr_manager","library:reports:read","false","false"
"hr_manager","library:reports:export","false","false"
"hr_manager","messaging:create","false","false"
"hr_manager","messaging:read","false","false"
"hr_manager","messaging:manage","false","false"
"hr_manager","payroll:manage","false","false"
"hr_manager","payroll:read","true","true"
"hr_manager","payroll:salary:read","true","true"
"hr_manager","payroll:salary:write","true","true"
"hr_manager","payroll:run:create","true","true"
"hr_manager","payroll:run:read","true","true"
"hr_manager","payroll:run:review","true","true"
"hr_manager","payroll:run:approve","false","false"
"hr_manager","payroll:run:post","false","false"
"hr_manager","payroll:run:pay","false","false"
"hr_manager","payroll:run:reverse","false","false"
"hr_manager","payroll:payslip:read","true","true"
"hr_manager","payroll:payslip:generate","true","true"
"hr_manager","payroll:reports:read","true","true"
"hr_manager","payroll:exports:create","false","false"
"hr_manager","tenants:manage","false","false"
"hr_manager","tenants:read","false","false"
"hr_manager","platform:read","false","false"
"hr_manager","platform:manage","false","false"
"hr_manager","platform:dashboard:read","false","false"
"hr_manager","platform:tenants:read","false","false"
"hr_manager","platform:tenants:status","false","false"
"hr_manager","platform:plans:read","false","false"
"hr_manager","platform:plans:manage","false","false"
"hr_manager","platform:subscriptions:read","false","false"
"hr_manager","platform:subscriptions:manage","false","false"
"hr_manager","platform:usage:read","false","false"
"hr_manager","platform:billing:read","false","false"
"hr_manager","platform:billing:manage","false","false"
"hr_manager","platform:providers:read","false","false"
"hr_manager","platform:providers:manage","false","false"
"hr_manager","platform:api-keys:read","false","false"
"hr_manager","platform:api-keys:manage","false","false"
"hr_manager","platform:queues:read","false","false"
"hr_manager","platform:queues:retry","false","false"
"hr_manager","platform:queues:manage","false","false"
"hr_manager","platform:support:override","false","false"
"hr_manager","platform:audit:read","false","false"
"hr_manager","platform:health:read","false","false"
"hr_manager","platform:reports:read","false","false"
"hr_manager","platform:onboarding:read","false","false"
"hr_manager","platform:onboarding:manage","false","false"
"hr_manager","platform:demo-requests:read","false","false"
"hr_manager","platform:demo-requests:manage","false","false"
"hr_manager","settings:read_public","true","true"
"hr_manager","settings:read","true","true"
"hr_manager","settings:manage","false","false"
"hr_manager","settings:delegate","false","false"
"hr_manager","settings:audit:read","false","false"
"hr_manager","settings:identity:manage","false","false"
"hr_manager","settings:academic:manage","false","false"
"hr_manager","settings:attendance:manage","false","false"
"hr_manager","settings:finance:manage","false","false"
"hr_manager","settings:hr:manage","true","true"
"hr_manager","settings:accounting:manage","false","false"
"hr_manager","settings:communication:manage","false","false"
"hr_manager","settings:security:manage","false","false"
"hr_manager","reports:read","true","true"
"hr_manager","reports:export","false","false"
"hr_manager","staff:create","true","true"
"hr_manager","staff:read","true","true"
"hr_manager","staff:update","true","true"
"hr_manager","students:create","false","false"
"hr_manager","students:read","false","false"
"hr_manager","students:update","false","false"
"hr_manager","students:delete","false","false"
"hr_manager","students:manage_lifecycle","false","false"
"hr_manager","admission_policy:read","false","false"
"hr_manager","admission_policy:manage","false","false"
"hr_manager","students:qr:generate","false","false"
"hr_manager","students:qr:read","false","false"
"hr_manager","students:qr:rotate","false","false"
"hr_manager","students:qr:revoke","false","false"
"hr_manager","students:qr:resolve","false","false"
"hr_manager","students:qr:resolve_all","false","false"
"hr_manager","guardians:create","false","false"
"hr_manager","guardians:read","false","false"
"hr_manager","guardians:update","false","false"
"hr_manager","guardians:verify","false","false"
"hr_manager","student_documents:manage","false","false"
"hr_manager","siblings:manage","false","false"
"hr_manager","enrollments:create","false","false"
"hr_manager","enrollments:read","false","false"
"hr_manager","transport:read","false","false"
"hr_manager","transport:manage","false","false"
"hr_manager","transport:operate","false","false"
"hr_manager","transport:routes:create","false","false"
"hr_manager","transport:routes:read","false","false"
"hr_manager","transport:routes:update","false","false"
"hr_manager","transport:vehicles:create","false","false"
"hr_manager","transport:vehicles:read","false","false"
"hr_manager","transport:vehicles:update","false","false"
"hr_manager","transport:assignments:create","false","false"
"hr_manager","transport:assignments:read","false","false"
"hr_manager","transport:assignments:update","false","false"
"hr_manager","transport:trips:create","false","false"
"hr_manager","transport:trips:read","false","false"
"hr_manager","transport:trips:update","false","false"
"hr_manager","transport:location:read","false","false"
"hr_manager","transport:location:update","false","false"
"hr_manager","transport:tracking:parent","false","false"
"hr_manager","transport:reports:read","false","false"
"librarian","classes:create","false","false"
"librarian","classes:read","true","true"
"librarian","streams:create","false","false"
"librarian","streams:read","false","false"
"librarian","academic_years:create","false","false"
"librarian","academic_years:read","false","false"
"librarian","sections:create","false","false"
"librarian","sections:read","true","true"
"librarian","academics:manage","false","false"
"librarian","academics:read","false","false"
"librarian","academics:enter_marks","false","false"
"librarian","academics:manage_report_cards","false","false"
"librarian","academics:create","false","false"
"librarian","academics:update","false","false"
"librarian","academics:delete","false","false"
"librarian","exam-terms:read","false","false"
"librarian","exam-terms:manage","false","false"
"librarian","exam-terms:unlock","false","false"
"librarian","assessment-components:read","false","false"
"librarian","assessment-components:manage","false","false"
"librarian","marks:read","false","false"
"librarian","marks:manage","false","false"
"librarian","marks:review_lock","false","false"
"librarian","academics:cas:manage","false","false"
"librarian","cas-records:read","false","false"
"librarian","cas-records:manage","false","false"
"librarian","results:read","false","false"
"librarian","results:publish","false","false"
"librarian","results:unpublish","false","false"
"librarian","academics:report_cards:review","false","false"
"librarian","timetable:manage","false","false"
"librarian","timetable:read_published","false","false"
"librarian","timetable:read","false","false"
"librarian","timetable:create","false","false"
"librarian","timetable:update","false","false"
"librarian","timetable:delete","false","false"
"librarian","timetable:publish","false","false"
"librarian","timetable:substitute","false","false"
"librarian","homework:create","false","false"
"librarian","homework:read_published","false","false"
"librarian","homework:read","false","false"
"librarian","homework:review","false","false"
"librarian","homework:update","false","false"
"librarian","homework:delete","false","false"
"librarian","homework:notify","false","false"
"librarian","homework:submit","false","false"
"librarian","accounting:read","false","false"
"librarian","accounting:close","false","false"
"librarian","accounting:reverse","false","false"
"librarian","accounting:accounts:read","false","false"
"librarian","accounting:accounts:write","false","false"
"librarian","accounting:fiscal:manage","false","false"
"librarian","accounting:fiscal:reopen","false","false"
"librarian","accounting:journals:read","false","false"
"librarian","accounting:journals:create","false","false"
"librarian","accounting:journals:submit","false","false"
"librarian","accounting:journals:approve","false","false"
"librarian","accounting:journals:reject","false","false"
"librarian","accounting:journals:post","false","false"
"librarian","accounting:journals:cancel","false","false"
"librarian","accounting:journals:reverse","false","false"
"librarian","accounting:reports:read","false","false"
"librarian","accounting:audit:read","false","false"
"librarian","accounting:reports:trial-balance","false","false"
"librarian","accounting:reports:general-ledger","false","false"
"librarian","accounting:reports:cash-book","false","false"
"librarian","accounting:reports:income-statement","false","false"
"librarian","accounting:reports:balance-sheet","false","false"
"librarian","accounting:reports:tax-summary","false","false"
"librarian","accounting:settings:read","false","false"
"librarian","accounting:settings:update","false","false"
"librarian","accounting:exports:create","false","false"
"librarian","accounting:posting-batches:read","false","false"
"librarian","accounting:posting-batches:retry","false","false"
"librarian","accounting:payroll-handoff:read","false","false"
"librarian","accounting:payroll-handoff:post","false","false"
"librarian","accounting:expenses:read","false","false"
"librarian","accounting:expenses:write","false","false"
"librarian","accounting:vendors:read","false","false"
"librarian","accounting:vendors:write","false","false"
"librarian","accounting:payables:read","false","false"
"librarian","accounting:payables:write","false","false"
"librarian","accounting:reconciliation:read","false","false"
"librarian","accounting:reconciliation:manage","false","false"
"librarian","accounting:reconciliation:finalize","false","false"
"librarian","finance:principal:read","false","false"
"librarian","finance:approvals:read","false","false"
"librarian","finance:approvals:decide","false","false"
"librarian","accounting:budgets:read","false","false"
"librarian","accounting:budgets:write","false","false"
"librarian","accounting:reports:budget-vs-actual","false","false"
"librarian","accounting:reports:cash-flow-statement","false","false"
"librarian","activity_feed:create","false","false"
"librarian","activity_feed:read","false","false"
"librarian","activity_feed:moderate","false","false"
"librarian","advanced:approvals:read","false","false"
"librarian","advanced:approvals:manage","false","false"
"librarian","advanced:approvals:decide","false","false"
"librarian","advanced:automation:read","false","false"
"librarian","advanced:automation:manage","false","false"
"librarian","advanced:automation:execute","false","false"
"librarian","advanced:analytics:read","false","false"
"librarian","advanced:analytics:refresh","false","false"
"librarian","advanced:documents:read","false","false"
"librarian","advanced:documents:manage","false","false"
"librarian","advanced:exports:read","false","false"
"librarian","advanced:exports:create","false","false"
"librarian","attendance:mark","false","false"
"librarian","attendance:read","false","false"
"librarian","attendance:review_conflicts","false","false"
"librarian","attendance:manage_all","false","false"
"librarian","attendance:override_lock","false","false"
"librarian","attendance:staff:update","false","false"
"librarian","users:create","false","false"
"librarian","users:read","false","false"
"librarian","users:update_status","false","false"
"librarian","users:reset_password","false","false"
"librarian","roles:read","true","true"
"librarian","roles:create","false","false"
"librarian","roles:assign","false","false"
"librarian","roles:manage_permissions","false","false"
"librarian","canteen:menu:create","false","false"
"librarian","canteen:menu:read","false","false"
"librarian","canteen:menu:update","false","false"
"librarian","canteen:plans:create","false","false"
"librarian","canteen:plans:read","false","false"
"librarian","canteen:plans:update","false","false"
"librarian","canteen:enrollments:create","false","false"
"librarian","canteen:enrollments:read","false","false"
"librarian","canteen:enrollments:update","false","false"
"librarian","canteen:serving:create","false","false"
"librarian","canteen:serving:read","false","false"
"librarian","canteen:serving:update","false","false"
"librarian","canteen:wallets:create","false","false"
"librarian","canteen:wallets:read","false","false"
"librarian","canteen:wallets:update","false","false"
"librarian","canteen:pos:create","false","false"
"librarian","canteen:pos:read","false","false"
"librarian","canteen:pos:update","false","false"
"librarian","canteen:inventory:read","false","false"
"librarian","canteen:inventory:update","false","false"
"librarian","canteen:controls:create","false","false"
"librarian","canteen:controls:read","false","false"
"librarian","canteen:controls:update","false","false"
"librarian","canteen:reports:read","false","false"
"librarian","canteen:parent:read","false","false"
"librarian","notifications:view_own","false","false"
"librarian","notifications:manage_templates","false","false"
"librarian","notifications:manage_preferences","false","false"
"librarian","notifications:view_delivery_diagnostics","false","false"
"librarian","notifications:retry_deliveries","false","false"
"librarian","notices:create","false","false"
"librarian","notices:edit","false","false"
"librarian","notices:publish","false","false"
"librarian","notices:schedule","false","false"
"librarian","notices:cancel","false","false"
"librarian","notices:archive","false","false"
"librarian","notices:read","false","false"
"librarian","notices:approve","false","false"
"librarian","notices:send_emergency","false","false"
"librarian","notices:read_reports","false","false"
"librarian","events:create","false","false"
"librarian","events:read","false","false"
"librarian","communications:read_deliveries","false","false"
"librarian","communications:retry_deliveries","false","false"
"librarian","communications:manage_templates","false","false"
"librarian","communications:manage_consent","false","false"
"librarian","consents:manage","false","false"
"librarian","service_requests:create","false","false"
"librarian","service_requests:read","false","false"
"librarian","service_requests:manage","false","false"
"librarian","fees:manage","false","false"
"librarian","fees:bill","false","false"
"librarian","fees:discount","false","false"
"librarian","fees:adjust","false","false"
"librarian","payments:collect","false","false"
"librarian","payments:refund","false","false"
"librarian","payments:close","false","false"
"librarian","payments:reverse","false","false"
"librarian","receipts:read","false","false"
"librarian","receipts:manage","false","false"
"librarian","ledger:read","false","false"
"librarian","hr:manage","false","false"
"librarian","hr:read","false","false"
"librarian","hr:staff:read","false","false"
"librarian","hr:staff:create","false","false"
"librarian","hr:staff:update","false","false"
"librarian","hr:staff:lifecycle","false","false"
"librarian","hr:staff:terminate","false","false"
"librarian","hr:staff:archive","false","false"
"librarian","hr:attendance:read","false","false"
"librarian","hr:attendance:write","false","false"
"librarian","hr:attendance:correct","false","false"
"librarian","hr:leave:read","false","false"
"librarian","hr:leave:request","false","false"
"librarian","hr:leave:approve","false","false"
"librarian","hr:leave:adjust","false","false"
"librarian","learning:read","false","false"
"librarian","learning:manage","false","false"
"librarian","learning:create","false","false"
"librarian","learning:update","false","false"
"librarian","learning:delete","false","false"
"librarian","learning:launch","false","false"
"librarian","learning:attempt","false","false"
"librarian","learning:progress","false","false"
"librarian","library:read","true","true"
"librarian","library:manage","true","true"
"librarian","library:books:create","false","true"
"librarian","library:books:read","false","true"
"librarian","library:books:update","false","true"
"librarian","library:copies:create","false","true"
"librarian","library:copies:read","false","true"
"librarian","library:copies:update","false","true"
"librarian","library:issues:create","false","true"
"librarian","library:issues:read","false","true"
"librarian","library:issues:return","false","true"
"librarian","library:fines:create","false","true"
"librarian","library:fines:update","false","true"
"librarian","library:fines:post","false","true"
"librarian","library:reports:read","false","true"
"librarian","library:reports:export","false","false"
"librarian","messaging:create","false","false"
"librarian","messaging:read","false","false"
"librarian","messaging:manage","false","false"
"librarian","payroll:manage","false","false"
"librarian","payroll:read","false","false"
"librarian","payroll:salary:read","false","false"
"librarian","payroll:salary:write","false","false"
"librarian","payroll:run:create","false","false"
"librarian","payroll:run:read","false","false"
"librarian","payroll:run:review","false","false"
"librarian","payroll:run:approve","false","false"
"librarian","payroll:run:post","false","false"
"librarian","payroll:run:pay","false","false"
"librarian","payroll:run:reverse","false","false"
"librarian","payroll:payslip:read","false","false"
"librarian","payroll:payslip:generate","false","false"
"librarian","payroll:reports:read","false","false"
"librarian","payroll:exports:create","false","false"
"librarian","tenants:manage","false","false"
"librarian","tenants:read","false","false"
"librarian","platform:read","false","false"
"librarian","platform:manage","false","false"
"librarian","platform:dashboard:read","false","false"
"librarian","platform:tenants:read","false","false"
"librarian","platform:tenants:status","false","false"
"librarian","platform:plans:read","false","false"
"librarian","platform:plans:manage","false","false"
"librarian","platform:subscriptions:read","false","false"
"librarian","platform:subscriptions:manage","false","false"
"librarian","platform:usage:read","false","false"
"librarian","platform:billing:read","false","false"
"librarian","platform:billing:manage","false","false"
"librarian","platform:providers:read","false","false"
"librarian","platform:providers:manage","false","false"
"librarian","platform:api-keys:read","false","false"
"librarian","platform:api-keys:manage","false","false"
"librarian","platform:queues:read","false","false"
"librarian","platform:queues:retry","false","false"
"librarian","platform:queues:manage","false","false"
"librarian","platform:support:override","false","false"
"librarian","platform:audit:read","false","false"
"librarian","platform:health:read","false","false"
"librarian","platform:reports:read","false","false"
"librarian","platform:onboarding:read","false","false"
"librarian","platform:onboarding:manage","false","false"
"librarian","platform:demo-requests:read","false","false"
"librarian","platform:demo-requests:manage","false","false"
"librarian","settings:read_public","true","true"
"librarian","settings:read","false","false"
"librarian","settings:manage","false","false"
"librarian","settings:delegate","false","false"
"librarian","settings:audit:read","false","false"
"librarian","settings:identity:manage","false","false"
"librarian","settings:academic:manage","false","false"
"librarian","settings:attendance:manage","false","false"
"librarian","settings:finance:manage","false","false"
"librarian","settings:hr:manage","false","false"
"librarian","settings:accounting:manage","false","false"
"librarian","settings:communication:manage","false","false"
"librarian","settings:security:manage","false","false"
"librarian","reports:read","false","false"
"librarian","reports:export","false","false"
"librarian","staff:create","false","false"
"librarian","staff:read","false","false"
"librarian","staff:update","false","false"
"librarian","students:create","false","false"
"librarian","students:read","false","false"
"librarian","students:update","false","false"
"librarian","students:delete","false","false"
"librarian","students:manage_lifecycle","false","false"
"librarian","admission_policy:read","false","false"
"librarian","admission_policy:manage","false","false"
"librarian","students:qr:generate","false","false"
"librarian","students:qr:read","false","false"
"librarian","students:qr:rotate","false","false"
"librarian","students:qr:revoke","false","false"
"librarian","students:qr:resolve","false","false"
"librarian","students:qr:resolve_all","false","false"
"librarian","guardians:create","false","false"
"librarian","guardians:read","false","false"
"librarian","guardians:update","false","false"
"librarian","guardians:verify","false","false"
"librarian","student_documents:manage","false","false"
"librarian","siblings:manage","false","false"
"librarian","enrollments:create","false","false"
"librarian","enrollments:read","false","false"
"librarian","transport:read","false","false"
"librarian","transport:manage","false","false"
"librarian","transport:operate","false","false"
"librarian","transport:routes:create","false","false"
"librarian","transport:routes:read","false","false"
"librarian","transport:routes:update","false","false"
"librarian","transport:vehicles:create","false","false"
"librarian","transport:vehicles:read","false","false"
"librarian","transport:vehicles:update","false","false"
"librarian","transport:assignments:create","false","false"
"librarian","transport:assignments:read","false","false"
"librarian","transport:assignments:update","false","false"
"librarian","transport:trips:create","false","false"
"librarian","transport:trips:read","false","false"
"librarian","transport:trips:update","false","false"
"librarian","transport:location:read","false","false"
"librarian","transport:location:update","false","false"
"librarian","transport:tracking:parent","false","false"
"librarian","transport:reports:read","false","false"
"driver","classes:create","false","false"
"driver","classes:read","false","false"
"driver","streams:create","false","false"
"driver","streams:read","false","false"
"driver","academic_years:create","false","false"
"driver","academic_years:read","false","false"
"driver","sections:create","false","false"
"driver","sections:read","false","false"
"driver","academics:manage","false","false"
"driver","academics:read","false","false"
"driver","academics:enter_marks","false","false"
"driver","academics:manage_report_cards","false","false"
"driver","academics:create","false","false"
"driver","academics:update","false","false"
"driver","academics:delete","false","false"
"driver","exam-terms:read","false","false"
"driver","exam-terms:manage","false","false"
"driver","exam-terms:unlock","false","false"
"driver","assessment-components:read","false","false"
"driver","assessment-components:manage","false","false"
"driver","marks:read","false","false"
"driver","marks:manage","false","false"
"driver","marks:review_lock","false","false"
"driver","academics:cas:manage","false","false"
"driver","cas-records:read","false","false"
"driver","cas-records:manage","false","false"
"driver","results:read","false","false"
"driver","results:publish","false","false"
"driver","results:unpublish","false","false"
"driver","academics:report_cards:review","false","false"
"driver","timetable:manage","false","false"
"driver","timetable:read_published","false","false"
"driver","timetable:read","false","false"
"driver","timetable:create","false","false"
"driver","timetable:update","false","false"
"driver","timetable:delete","false","false"
"driver","timetable:publish","false","false"
"driver","timetable:substitute","false","false"
"driver","homework:create","false","false"
"driver","homework:read_published","false","false"
"driver","homework:read","false","false"
"driver","homework:review","false","false"
"driver","homework:update","false","false"
"driver","homework:delete","false","false"
"driver","homework:notify","false","false"
"driver","homework:submit","false","false"
"driver","accounting:read","false","false"
"driver","accounting:close","false","false"
"driver","accounting:reverse","false","false"
"driver","accounting:accounts:read","false","false"
"driver","accounting:accounts:write","false","false"
"driver","accounting:fiscal:manage","false","false"
"driver","accounting:fiscal:reopen","false","false"
"driver","accounting:journals:read","false","false"
"driver","accounting:journals:create","false","false"
"driver","accounting:journals:submit","false","false"
"driver","accounting:journals:approve","false","false"
"driver","accounting:journals:reject","false","false"
"driver","accounting:journals:post","false","false"
"driver","accounting:journals:cancel","false","false"
"driver","accounting:journals:reverse","false","false"
"driver","accounting:reports:read","false","false"
"driver","accounting:audit:read","false","false"
"driver","accounting:reports:trial-balance","false","false"
"driver","accounting:reports:general-ledger","false","false"
"driver","accounting:reports:cash-book","false","false"
"driver","accounting:reports:income-statement","false","false"
"driver","accounting:reports:balance-sheet","false","false"
"driver","accounting:reports:tax-summary","false","false"
"driver","accounting:settings:read","false","false"
"driver","accounting:settings:update","false","false"
"driver","accounting:exports:create","false","false"
"driver","accounting:posting-batches:read","false","false"
"driver","accounting:posting-batches:retry","false","false"
"driver","accounting:payroll-handoff:read","false","false"
"driver","accounting:payroll-handoff:post","false","false"
"driver","accounting:expenses:read","false","false"
"driver","accounting:expenses:write","false","false"
"driver","accounting:vendors:read","false","false"
"driver","accounting:vendors:write","false","false"
"driver","accounting:payables:read","false","false"
"driver","accounting:payables:write","false","false"
"driver","accounting:reconciliation:read","false","false"
"driver","accounting:reconciliation:manage","false","false"
"driver","accounting:reconciliation:finalize","false","false"
"driver","finance:principal:read","false","false"
"driver","finance:approvals:read","false","false"
"driver","finance:approvals:decide","false","false"
"driver","accounting:budgets:read","false","false"
"driver","accounting:budgets:write","false","false"
"driver","accounting:reports:budget-vs-actual","false","false"
"driver","accounting:reports:cash-flow-statement","false","false"
"driver","activity_feed:create","false","false"
"driver","activity_feed:read","false","false"
"driver","activity_feed:moderate","false","false"
"driver","advanced:approvals:read","false","false"
"driver","advanced:approvals:manage","false","false"
"driver","advanced:approvals:decide","false","false"
"driver","advanced:automation:read","false","false"
"driver","advanced:automation:manage","false","false"
"driver","advanced:automation:execute","false","false"
"driver","advanced:analytics:read","false","false"
"driver","advanced:analytics:refresh","false","false"
"driver","advanced:documents:read","false","false"
"driver","advanced:documents:manage","false","false"
"driver","advanced:exports:read","false","false"
"driver","advanced:exports:create","false","false"
"driver","attendance:mark","false","false"
"driver","attendance:read","false","false"
"driver","attendance:review_conflicts","false","false"
"driver","attendance:manage_all","false","false"
"driver","attendance:override_lock","false","false"
"driver","attendance:staff:update","false","false"
"driver","users:create","false","false"
"driver","users:read","false","false"
"driver","users:update_status","false","false"
"driver","users:reset_password","false","false"
"driver","roles:read","true","true"
"driver","roles:create","false","false"
"driver","roles:assign","false","false"
"driver","roles:manage_permissions","false","false"
"driver","canteen:menu:create","false","false"
"driver","canteen:menu:read","false","false"
"driver","canteen:menu:update","false","false"
"driver","canteen:plans:create","false","false"
"driver","canteen:plans:read","false","false"
"driver","canteen:plans:update","false","false"
"driver","canteen:enrollments:create","false","false"
"driver","canteen:enrollments:read","false","false"
"driver","canteen:enrollments:update","false","false"
"driver","canteen:serving:create","false","false"
"driver","canteen:serving:read","false","false"
"driver","canteen:serving:update","false","false"
"driver","canteen:wallets:create","false","false"
"driver","canteen:wallets:read","false","false"
"driver","canteen:wallets:update","false","false"
"driver","canteen:pos:create","false","false"
"driver","canteen:pos:read","false","false"
"driver","canteen:pos:update","false","false"
"driver","canteen:inventory:read","false","false"
"driver","canteen:inventory:update","false","false"
"driver","canteen:controls:create","false","false"
"driver","canteen:controls:read","false","false"
"driver","canteen:controls:update","false","false"
"driver","canteen:reports:read","false","false"
"driver","canteen:parent:read","false","false"
"driver","notifications:view_own","false","false"
"driver","notifications:manage_templates","false","false"
"driver","notifications:manage_preferences","false","false"
"driver","notifications:view_delivery_diagnostics","false","false"
"driver","notifications:retry_deliveries","false","false"
"driver","notices:create","false","false"
"driver","notices:edit","false","false"
"driver","notices:publish","false","false"
"driver","notices:schedule","false","false"
"driver","notices:cancel","false","false"
"driver","notices:archive","false","false"
"driver","notices:read","false","false"
"driver","notices:approve","false","false"
"driver","notices:send_emergency","false","false"
"driver","notices:read_reports","false","false"
"driver","events:create","false","false"
"driver","events:read","true","true"
"driver","communications:read_deliveries","false","false"
"driver","communications:retry_deliveries","false","false"
"driver","communications:manage_templates","false","false"
"driver","communications:manage_consent","false","false"
"driver","consents:manage","false","false"
"driver","service_requests:create","false","false"
"driver","service_requests:read","false","false"
"driver","service_requests:manage","false","false"
"driver","fees:manage","false","false"
"driver","fees:bill","false","false"
"driver","fees:discount","false","false"
"driver","fees:adjust","false","false"
"driver","payments:collect","false","false"
"driver","payments:refund","false","false"
"driver","payments:close","false","false"
"driver","payments:reverse","false","false"
"driver","receipts:read","false","false"
"driver","receipts:manage","false","false"
"driver","ledger:read","false","false"
"driver","hr:manage","false","false"
"driver","hr:read","false","false"
"driver","hr:staff:read","false","false"
"driver","hr:staff:create","false","false"
"driver","hr:staff:update","false","false"
"driver","hr:staff:lifecycle","false","false"
"driver","hr:staff:terminate","false","false"
"driver","hr:staff:archive","false","false"
"driver","hr:attendance:read","false","false"
"driver","hr:attendance:write","false","false"
"driver","hr:attendance:correct","false","false"
"driver","hr:leave:read","false","false"
"driver","hr:leave:request","false","false"
"driver","hr:leave:approve","false","false"
"driver","hr:leave:adjust","false","false"
"driver","learning:read","false","false"
"driver","learning:manage","false","false"
"driver","learning:create","false","false"
"driver","learning:update","false","false"
"driver","learning:delete","false","false"
"driver","learning:launch","false","false"
"driver","learning:attempt","false","false"
"driver","learning:progress","false","false"
"driver","library:read","false","false"
"driver","library:manage","false","false"
"driver","library:books:create","false","false"
"driver","library:books:read","false","false"
"driver","library:books:update","false","false"
"driver","library:copies:create","false","false"
"driver","library:copies:read","false","false"
"driver","library:copies:update","false","false"
"driver","library:issues:create","false","false"
"driver","library:issues:read","false","false"
"driver","library:issues:return","false","false"
"driver","library:fines:create","false","false"
"driver","library:fines:update","false","false"
"driver","library:fines:post","false","false"
"driver","library:reports:read","false","false"
"driver","library:reports:export","false","false"
"driver","messaging:create","false","false"
"driver","messaging:read","false","false"
"driver","messaging:manage","false","false"
"driver","payroll:manage","false","false"
"driver","payroll:read","false","false"
"driver","payroll:salary:read","false","false"
"driver","payroll:salary:write","false","false"
"driver","payroll:run:create","false","false"
"driver","payroll:run:read","false","false"
"driver","payroll:run:review","false","false"
"driver","payroll:run:approve","false","false"
"driver","payroll:run:post","false","false"
"driver","payroll:run:pay","false","false"
"driver","payroll:run:reverse","false","false"
"driver","payroll:payslip:read","false","false"
"driver","payroll:payslip:generate","false","false"
"driver","payroll:reports:read","false","false"
"driver","payroll:exports:create","false","false"
"driver","tenants:manage","false","false"
"driver","tenants:read","false","false"
"driver","platform:read","false","false"
"driver","platform:manage","false","false"
"driver","platform:dashboard:read","false","false"
"driver","platform:tenants:read","false","false"
"driver","platform:tenants:status","false","false"
"driver","platform:plans:read","false","false"
"driver","platform:plans:manage","false","false"
"driver","platform:subscriptions:read","false","false"
"driver","platform:subscriptions:manage","false","false"
"driver","platform:usage:read","false","false"
"driver","platform:billing:read","false","false"
"driver","platform:billing:manage","false","false"
"driver","platform:providers:read","false","false"
"driver","platform:providers:manage","false","false"
"driver","platform:api-keys:read","false","false"
"driver","platform:api-keys:manage","false","false"
"driver","platform:queues:read","false","false"
"driver","platform:queues:retry","false","false"
"driver","platform:queues:manage","false","false"
"driver","platform:support:override","false","false"
"driver","platform:audit:read","false","false"
"driver","platform:health:read","false","false"
"driver","platform:reports:read","false","false"
"driver","platform:onboarding:read","false","false"
"driver","platform:onboarding:manage","false","false"
"driver","platform:demo-requests:read","false","false"
"driver","platform:demo-requests:manage","false","false"
"driver","settings:read_public","true","true"
"driver","settings:read","false","false"
"driver","settings:manage","false","false"
"driver","settings:delegate","false","false"
"driver","settings:audit:read","false","false"
"driver","settings:identity:manage","false","false"
"driver","settings:academic:manage","false","false"
"driver","settings:attendance:manage","false","false"
"driver","settings:finance:manage","false","false"
"driver","settings:hr:manage","false","false"
"driver","settings:accounting:manage","false","false"
"driver","settings:communication:manage","false","false"
"driver","settings:security:manage","false","false"
"driver","reports:read","false","false"
"driver","reports:export","false","false"
"driver","staff:create","false","false"
"driver","staff:read","false","false"
"driver","staff:update","false","false"
"driver","students:create","false","false"
"driver","students:read","false","false"
"driver","students:update","false","false"
"driver","students:delete","false","false"
"driver","students:manage_lifecycle","false","false"
"driver","admission_policy:read","false","false"
"driver","admission_policy:manage","false","false"
"driver","students:qr:generate","false","false"
"driver","students:qr:read","false","false"
"driver","students:qr:rotate","false","false"
"driver","students:qr:revoke","false","false"
"driver","students:qr:resolve","false","false"
"driver","students:qr:resolve_all","false","false"
"driver","guardians:create","false","false"
"driver","guardians:read","false","false"
"driver","guardians:update","false","false"
"driver","guardians:verify","false","false"
"driver","student_documents:manage","false","false"
"driver","siblings:manage","false","false"
"driver","enrollments:create","false","false"
"driver","enrollments:read","false","false"
"driver","transport:read","true","true"
"driver","transport:manage","false","false"
"driver","transport:operate","true","true"
"driver","transport:routes:create","false","false"
"driver","transport:routes:read","false","true"
"driver","transport:routes:update","false","false"
"driver","transport:vehicles:create","false","false"
"driver","transport:vehicles:read","false","true"
"driver","transport:vehicles:update","false","false"
"driver","transport:assignments:create","false","false"
"driver","transport:assignments:read","false","true"
"driver","transport:assignments:update","false","false"
"driver","transport:trips:create","false","true"
"driver","transport:trips:read","false","true"
"driver","transport:trips:update","false","true"
"driver","transport:location:read","false","true"
"driver","transport:location:update","false","true"
"driver","transport:tracking:parent","false","true"
"driver","transport:reports:read","false","true"
"platform_super_admin","classes:create","false","false"
"platform_super_admin","classes:read","false","false"
"platform_super_admin","streams:create","false","false"
"platform_super_admin","streams:read","false","false"
"platform_super_admin","academic_years:create","false","false"
"platform_super_admin","academic_years:read","false","false"
"platform_super_admin","sections:create","false","false"
"platform_super_admin","sections:read","false","false"
"platform_super_admin","academics:manage","false","false"
"platform_super_admin","academics:read","false","false"
"platform_super_admin","academics:enter_marks","false","false"
"platform_super_admin","academics:manage_report_cards","false","false"
"platform_super_admin","academics:create","false","false"
"platform_super_admin","academics:update","false","false"
"platform_super_admin","academics:delete","false","false"
"platform_super_admin","exam-terms:read","false","false"
"platform_super_admin","exam-terms:manage","false","false"
"platform_super_admin","exam-terms:unlock","false","false"
"platform_super_admin","assessment-components:read","false","false"
"platform_super_admin","assessment-components:manage","false","false"
"platform_super_admin","marks:read","false","false"
"platform_super_admin","marks:manage","false","false"
"platform_super_admin","marks:review_lock","false","false"
"platform_super_admin","academics:cas:manage","false","false"
"platform_super_admin","cas-records:read","false","false"
"platform_super_admin","cas-records:manage","false","false"
"platform_super_admin","results:read","false","false"
"platform_super_admin","results:publish","false","false"
"platform_super_admin","results:unpublish","false","false"
"platform_super_admin","academics:report_cards:review","false","false"
"platform_super_admin","timetable:manage","false","false"
"platform_super_admin","timetable:read_published","false","false"
"platform_super_admin","timetable:read","false","false"
"platform_super_admin","timetable:create","false","false"
"platform_super_admin","timetable:update","false","false"
"platform_super_admin","timetable:delete","false","false"
"platform_super_admin","timetable:publish","false","false"
"platform_super_admin","timetable:substitute","false","false"
"platform_super_admin","homework:create","false","false"
"platform_super_admin","homework:read_published","false","false"
"platform_super_admin","homework:read","false","false"
"platform_super_admin","homework:review","false","false"
"platform_super_admin","homework:update","false","false"
"platform_super_admin","homework:delete","false","false"
"platform_super_admin","homework:notify","false","false"
"platform_super_admin","homework:submit","false","false"
"platform_super_admin","accounting:read","false","false"
"platform_super_admin","accounting:close","false","false"
"platform_super_admin","accounting:reverse","false","false"
"platform_super_admin","accounting:accounts:read","false","false"
"platform_super_admin","accounting:accounts:write","false","false"
"platform_super_admin","accounting:fiscal:manage","false","false"
"platform_super_admin","accounting:fiscal:reopen","false","false"
"platform_super_admin","accounting:journals:read","false","false"
"platform_super_admin","accounting:journals:create","false","false"
"platform_super_admin","accounting:journals:submit","false","false"
"platform_super_admin","accounting:journals:approve","false","false"
"platform_super_admin","accounting:journals:reject","false","false"
"platform_super_admin","accounting:journals:post","false","false"
"platform_super_admin","accounting:journals:cancel","false","false"
"platform_super_admin","accounting:journals:reverse","false","false"
"platform_super_admin","accounting:reports:read","false","false"
"platform_super_admin","accounting:audit:read","false","false"
"platform_super_admin","accounting:reports:trial-balance","false","false"
"platform_super_admin","accounting:reports:general-ledger","false","false"
"platform_super_admin","accounting:reports:cash-book","false","false"
"platform_super_admin","accounting:reports:income-statement","false","false"
"platform_super_admin","accounting:reports:balance-sheet","false","false"
"platform_super_admin","accounting:reports:tax-summary","false","false"
"platform_super_admin","accounting:settings:read","false","false"
"platform_super_admin","accounting:settings:update","false","false"
"platform_super_admin","accounting:exports:create","false","false"
"platform_super_admin","accounting:posting-batches:read","false","false"
"platform_super_admin","accounting:posting-batches:retry","false","false"
"platform_super_admin","accounting:payroll-handoff:read","false","false"
"platform_super_admin","accounting:payroll-handoff:post","false","false"
"platform_super_admin","accounting:expenses:read","false","false"
"platform_super_admin","accounting:expenses:write","false","false"
"platform_super_admin","accounting:vendors:read","false","false"
"platform_super_admin","accounting:vendors:write","false","false"
"platform_super_admin","accounting:payables:read","false","false"
"platform_super_admin","accounting:payables:write","false","false"
"platform_super_admin","accounting:reconciliation:read","false","false"
"platform_super_admin","accounting:reconciliation:manage","false","false"
"platform_super_admin","accounting:reconciliation:finalize","false","false"
"platform_super_admin","finance:principal:read","false","false"
"platform_super_admin","finance:approvals:read","false","false"
"platform_super_admin","finance:approvals:decide","false","false"
"platform_super_admin","accounting:budgets:read","false","false"
"platform_super_admin","accounting:budgets:write","false","false"
"platform_super_admin","accounting:reports:budget-vs-actual","false","false"
"platform_super_admin","accounting:reports:cash-flow-statement","false","false"
"platform_super_admin","activity_feed:create","false","false"
"platform_super_admin","activity_feed:read","false","false"
"platform_super_admin","activity_feed:moderate","false","false"
"platform_super_admin","advanced:approvals:read","false","false"
"platform_super_admin","advanced:approvals:manage","false","false"
"platform_super_admin","advanced:approvals:decide","false","false"
"platform_super_admin","advanced:automation:read","false","false"
"platform_super_admin","advanced:automation:manage","false","false"
"platform_super_admin","advanced:automation:execute","false","false"
"platform_super_admin","advanced:analytics:read","false","false"
"platform_super_admin","advanced:analytics:refresh","false","false"
"platform_super_admin","advanced:documents:read","false","false"
"platform_super_admin","advanced:documents:manage","false","false"
"platform_super_admin","advanced:exports:read","false","false"
"platform_super_admin","advanced:exports:create","false","false"
"platform_super_admin","attendance:mark","false","false"
"platform_super_admin","attendance:read","false","false"
"platform_super_admin","attendance:review_conflicts","false","false"
"platform_super_admin","attendance:manage_all","false","false"
"platform_super_admin","attendance:override_lock","false","false"
"platform_super_admin","attendance:staff:update","false","false"
"platform_super_admin","users:create","false","false"
"platform_super_admin","users:read","false","false"
"platform_super_admin","users:update_status","false","false"
"platform_super_admin","users:reset_password","false","false"
"platform_super_admin","roles:read","false","false"
"platform_super_admin","roles:create","false","false"
"platform_super_admin","roles:assign","false","false"
"platform_super_admin","roles:manage_permissions","false","false"
"platform_super_admin","canteen:menu:create","false","false"
"platform_super_admin","canteen:menu:read","false","false"
"platform_super_admin","canteen:menu:update","false","false"
"platform_super_admin","canteen:plans:create","false","false"
"platform_super_admin","canteen:plans:read","false","false"
"platform_super_admin","canteen:plans:update","false","false"
"platform_super_admin","canteen:enrollments:create","false","false"
"platform_super_admin","canteen:enrollments:read","false","false"
"platform_super_admin","canteen:enrollments:update","false","false"
"platform_super_admin","canteen:serving:create","false","false"
"platform_super_admin","canteen:serving:read","false","false"
"platform_super_admin","canteen:serving:update","false","false"
"platform_super_admin","canteen:wallets:create","false","false"
"platform_super_admin","canteen:wallets:read","false","false"
"platform_super_admin","canteen:wallets:update","false","false"
"platform_super_admin","canteen:pos:create","false","false"
"platform_super_admin","canteen:pos:read","false","false"
"platform_super_admin","canteen:pos:update","false","false"
"platform_super_admin","canteen:inventory:read","false","false"
"platform_super_admin","canteen:inventory:update","false","false"
"platform_super_admin","canteen:controls:create","false","false"
"platform_super_admin","canteen:controls:read","false","false"
"platform_super_admin","canteen:controls:update","false","false"
"platform_super_admin","canteen:reports:read","false","false"
"platform_super_admin","canteen:parent:read","false","false"
"platform_super_admin","notifications:view_own","false","false"
"platform_super_admin","notifications:manage_templates","false","false"
"platform_super_admin","notifications:manage_preferences","false","false"
"platform_super_admin","notifications:view_delivery_diagnostics","false","false"
"platform_super_admin","notifications:retry_deliveries","false","false"
"platform_super_admin","notices:create","false","false"
"platform_super_admin","notices:edit","false","false"
"platform_super_admin","notices:publish","false","false"
"platform_super_admin","notices:schedule","false","false"
"platform_super_admin","notices:cancel","false","false"
"platform_super_admin","notices:archive","false","false"
"platform_super_admin","notices:read","false","false"
"platform_super_admin","notices:approve","false","false"
"platform_super_admin","notices:send_emergency","false","false"
"platform_super_admin","notices:read_reports","false","false"
"platform_super_admin","events:create","false","false"
"platform_super_admin","events:read","false","false"
"platform_super_admin","communications:read_deliveries","false","false"
"platform_super_admin","communications:retry_deliveries","false","false"
"platform_super_admin","communications:manage_templates","false","false"
"platform_super_admin","communications:manage_consent","false","false"
"platform_super_admin","consents:manage","false","false"
"platform_super_admin","service_requests:create","false","false"
"platform_super_admin","service_requests:read","false","false"
"platform_super_admin","service_requests:manage","false","false"
"platform_super_admin","fees:manage","false","false"
"platform_super_admin","fees:bill","false","false"
"platform_super_admin","fees:discount","false","false"
"platform_super_admin","fees:adjust","false","false"
"platform_super_admin","payments:collect","false","false"
"platform_super_admin","payments:refund","false","false"
"platform_super_admin","payments:close","false","false"
"platform_super_admin","payments:reverse","false","false"
"platform_super_admin","receipts:read","false","false"
"platform_super_admin","receipts:manage","false","false"
"platform_super_admin","ledger:read","false","false"
"platform_super_admin","hr:manage","false","false"
"platform_super_admin","hr:read","false","false"
"platform_super_admin","hr:staff:read","false","false"
"platform_super_admin","hr:staff:create","false","false"
"platform_super_admin","hr:staff:update","false","false"
"platform_super_admin","hr:staff:lifecycle","false","false"
"platform_super_admin","hr:staff:terminate","false","false"
"platform_super_admin","hr:staff:archive","false","false"
"platform_super_admin","hr:attendance:read","false","false"
"platform_super_admin","hr:attendance:write","false","false"
"platform_super_admin","hr:attendance:correct","false","false"
"platform_super_admin","hr:leave:read","false","false"
"platform_super_admin","hr:leave:request","false","false"
"platform_super_admin","hr:leave:approve","false","false"
"platform_super_admin","hr:leave:adjust","false","false"
"platform_super_admin","learning:read","false","false"
"platform_super_admin","learning:manage","false","false"
"platform_super_admin","learning:create","false","false"
"platform_super_admin","learning:update","false","false"
"platform_super_admin","learning:delete","false","false"
"platform_super_admin","learning:launch","false","false"
"platform_super_admin","learning:attempt","false","false"
"platform_super_admin","learning:progress","false","false"
"platform_super_admin","library:read","false","false"
"platform_super_admin","library:manage","false","false"
"platform_super_admin","library:books:create","false","false"
"platform_super_admin","library:books:read","false","false"
"platform_super_admin","library:books:update","false","false"
"platform_super_admin","library:copies:create","false","false"
"platform_super_admin","library:copies:read","false","false"
"platform_super_admin","library:copies:update","false","false"
"platform_super_admin","library:issues:create","false","false"
"platform_super_admin","library:issues:read","false","false"
"platform_super_admin","library:issues:return","false","false"
"platform_super_admin","library:fines:create","false","false"
"platform_super_admin","library:fines:update","false","false"
"platform_super_admin","library:fines:post","false","false"
"platform_super_admin","library:reports:read","false","false"
"platform_super_admin","library:reports:export","false","false"
"platform_super_admin","messaging:create","false","false"
"platform_super_admin","messaging:read","false","false"
"platform_super_admin","messaging:manage","false","false"
"platform_super_admin","payroll:manage","false","false"
"platform_super_admin","payroll:read","false","false"
"platform_super_admin","payroll:salary:read","false","false"
"platform_super_admin","payroll:salary:write","false","false"
"platform_super_admin","payroll:run:create","false","false"
"platform_super_admin","payroll:run:read","false","false"
"platform_super_admin","payroll:run:review","false","false"
"platform_super_admin","payroll:run:approve","false","false"
"platform_super_admin","payroll:run:post","false","false"
"platform_super_admin","payroll:run:pay","false","false"
"platform_super_admin","payroll:run:reverse","false","false"
"platform_super_admin","payroll:payslip:read","false","false"
"platform_super_admin","payroll:payslip:generate","false","false"
"platform_super_admin","payroll:reports:read","false","false"
"platform_super_admin","payroll:exports:create","false","false"
"platform_super_admin","tenants:manage","true","true"
"platform_super_admin","tenants:read","false","false"
"platform_super_admin","platform:read","true","true"
"platform_super_admin","platform:manage","true","true"
"platform_super_admin","platform:dashboard:read","true","true"
"platform_super_admin","platform:tenants:read","true","true"
"platform_super_admin","platform:tenants:status","true","true"
"platform_super_admin","platform:plans:read","true","true"
"platform_super_admin","platform:plans:manage","true","true"
"platform_super_admin","platform:subscriptions:read","true","true"
"platform_super_admin","platform:subscriptions:manage","true","true"
"platform_super_admin","platform:usage:read","true","true"
"platform_super_admin","platform:billing:read","true","true"
"platform_super_admin","platform:billing:manage","true","true"
"platform_super_admin","platform:providers:read","true","true"
"platform_super_admin","platform:providers:manage","true","true"
"platform_super_admin","platform:api-keys:read","true","true"
"platform_super_admin","platform:api-keys:manage","true","true"
"platform_super_admin","platform:queues:read","true","true"
"platform_super_admin","platform:queues:retry","true","true"
"platform_super_admin","platform:queues:manage","true","true"
"platform_super_admin","platform:support:override","true","true"
"platform_super_admin","platform:audit:read","true","true"
"platform_super_admin","platform:health:read","true","true"
"platform_super_admin","platform:reports:read","true","true"
"platform_super_admin","platform:onboarding:read","true","true"
"platform_super_admin","platform:onboarding:manage","true","true"
"platform_super_admin","platform:demo-requests:read","true","true"
"platform_super_admin","platform:demo-requests:manage","true","true"
"platform_super_admin","settings:read_public","false","false"
"platform_super_admin","settings:read","false","false"
"platform_super_admin","settings:manage","false","false"
"platform_super_admin","settings:delegate","false","false"
"platform_super_admin","settings:audit:read","false","false"
"platform_super_admin","settings:identity:manage","false","false"
"platform_super_admin","settings:academic:manage","false","false"
"platform_super_admin","settings:attendance:manage","false","false"
"platform_super_admin","settings:finance:manage","false","false"
"platform_super_admin","settings:hr:manage","false","false"
"platform_super_admin","settings:accounting:manage","false","false"
"platform_super_admin","settings:communication:manage","false","false"
"platform_super_admin","settings:security:manage","false","false"
"platform_super_admin","reports:read","false","false"
"platform_super_admin","reports:export","false","false"
"platform_super_admin","staff:create","false","false"
"platform_super_admin","staff:read","false","false"
"platform_super_admin","staff:update","false","false"
"platform_super_admin","students:create","false","false"
"platform_super_admin","students:read","false","false"
"platform_super_admin","students:update","false","false"
"platform_super_admin","students:delete","false","false"
"platform_super_admin","students:manage_lifecycle","false","false"
"platform_super_admin","admission_policy:read","false","false"
"platform_super_admin","admission_policy:manage","false","false"
"platform_super_admin","students:qr:generate","false","false"
"platform_super_admin","students:qr:read","false","false"
"platform_super_admin","students:qr:rotate","false","false"
"platform_super_admin","students:qr:revoke","false","false"
"platform_super_admin","students:qr:resolve","false","false"
"platform_super_admin","students:qr:resolve_all","false","false"
"platform_super_admin","guardians:create","false","false"
"platform_super_admin","guardians:read","false","false"
"platform_super_admin","guardians:update","false","false"
"platform_super_admin","guardians:verify","false","false"
"platform_super_admin","student_documents:manage","false","false"
"platform_super_admin","siblings:manage","false","false"
"platform_super_admin","enrollments:create","false","false"
"platform_super_admin","enrollments:read","false","false"
"platform_super_admin","transport:read","false","false"
"platform_super_admin","transport:manage","false","false"
"platform_super_admin","transport:operate","false","false"
"platform_super_admin","transport:routes:create","false","false"
"platform_super_admin","transport:routes:read","false","false"
"platform_super_admin","transport:routes:update","false","false"
"platform_super_admin","transport:vehicles:create","false","false"
"platform_super_admin","transport:vehicles:read","false","false"
"platform_super_admin","transport:vehicles:update","false","false"
"platform_super_admin","transport:assignments:create","false","false"
"platform_super_admin","transport:assignments:read","false","false"
"platform_super_admin","transport:assignments:update","false","false"
"platform_super_admin","transport:trips:create","false","false"
"platform_super_admin","transport:trips:read","false","false"
"platform_super_admin","transport:trips:update","false","false"
"platform_super_admin","transport:location:read","false","false"
"platform_super_admin","transport:location:update","false","false"
"platform_super_admin","transport:tracking:parent","false","false"
"platform_super_admin","transport:reports:read","false","false"
"platform_support","classes:create","false","false"
"platform_support","classes:read","false","false"
"platform_support","streams:create","false","false"
"platform_support","streams:read","false","false"
"platform_support","academic_years:create","false","false"
"platform_support","academic_years:read","false","false"
"platform_support","sections:create","false","false"
"platform_support","sections:read","false","false"
"platform_support","academics:manage","false","false"
"platform_support","academics:read","false","false"
"platform_support","academics:enter_marks","false","false"
"platform_support","academics:manage_report_cards","false","false"
"platform_support","academics:create","false","false"
"platform_support","academics:update","false","false"
"platform_support","academics:delete","false","false"
"platform_support","exam-terms:read","false","false"
"platform_support","exam-terms:manage","false","false"
"platform_support","exam-terms:unlock","false","false"
"platform_support","assessment-components:read","false","false"
"platform_support","assessment-components:manage","false","false"
"platform_support","marks:read","false","false"
"platform_support","marks:manage","false","false"
"platform_support","marks:review_lock","false","false"
"platform_support","academics:cas:manage","false","false"
"platform_support","cas-records:read","false","false"
"platform_support","cas-records:manage","false","false"
"platform_support","results:read","false","false"
"platform_support","results:publish","false","false"
"platform_support","results:unpublish","false","false"
"platform_support","academics:report_cards:review","false","false"
"platform_support","timetable:manage","false","false"
"platform_support","timetable:read_published","false","false"
"platform_support","timetable:read","false","false"
"platform_support","timetable:create","false","false"
"platform_support","timetable:update","false","false"
"platform_support","timetable:delete","false","false"
"platform_support","timetable:publish","false","false"
"platform_support","timetable:substitute","false","false"
"platform_support","homework:create","false","false"
"platform_support","homework:read_published","false","false"
"platform_support","homework:read","false","false"
"platform_support","homework:review","false","false"
"platform_support","homework:update","false","false"
"platform_support","homework:delete","false","false"
"platform_support","homework:notify","false","false"
"platform_support","homework:submit","false","false"
"platform_support","accounting:read","false","false"
"platform_support","accounting:close","false","false"
"platform_support","accounting:reverse","false","false"
"platform_support","accounting:accounts:read","false","false"
"platform_support","accounting:accounts:write","false","false"
"platform_support","accounting:fiscal:manage","false","false"
"platform_support","accounting:fiscal:reopen","false","false"
"platform_support","accounting:journals:read","false","false"
"platform_support","accounting:journals:create","false","false"
"platform_support","accounting:journals:submit","false","false"
"platform_support","accounting:journals:approve","false","false"
"platform_support","accounting:journals:reject","false","false"
"platform_support","accounting:journals:post","false","false"
"platform_support","accounting:journals:cancel","false","false"
"platform_support","accounting:journals:reverse","false","false"
"platform_support","accounting:reports:read","false","false"
"platform_support","accounting:audit:read","false","false"
"platform_support","accounting:reports:trial-balance","false","false"
"platform_support","accounting:reports:general-ledger","false","false"
"platform_support","accounting:reports:cash-book","false","false"
"platform_support","accounting:reports:income-statement","false","false"
"platform_support","accounting:reports:balance-sheet","false","false"
"platform_support","accounting:reports:tax-summary","false","false"
"platform_support","accounting:settings:read","false","false"
"platform_support","accounting:settings:update","false","false"
"platform_support","accounting:exports:create","false","false"
"platform_support","accounting:posting-batches:read","false","false"
"platform_support","accounting:posting-batches:retry","false","false"
"platform_support","accounting:payroll-handoff:read","false","false"
"platform_support","accounting:payroll-handoff:post","false","false"
"platform_support","accounting:expenses:read","false","false"
"platform_support","accounting:expenses:write","false","false"
"platform_support","accounting:vendors:read","false","false"
"platform_support","accounting:vendors:write","false","false"
"platform_support","accounting:payables:read","false","false"
"platform_support","accounting:payables:write","false","false"
"platform_support","accounting:reconciliation:read","false","false"
"platform_support","accounting:reconciliation:manage","false","false"
"platform_support","accounting:reconciliation:finalize","false","false"
"platform_support","finance:principal:read","false","false"
"platform_support","finance:approvals:read","false","false"
"platform_support","finance:approvals:decide","false","false"
"platform_support","accounting:budgets:read","false","false"
"platform_support","accounting:budgets:write","false","false"
"platform_support","accounting:reports:budget-vs-actual","false","false"
"platform_support","accounting:reports:cash-flow-statement","false","false"
"platform_support","activity_feed:create","false","false"
"platform_support","activity_feed:read","false","false"
"platform_support","activity_feed:moderate","false","false"
"platform_support","advanced:approvals:read","false","false"
"platform_support","advanced:approvals:manage","false","false"
"platform_support","advanced:approvals:decide","false","false"
"platform_support","advanced:automation:read","false","false"
"platform_support","advanced:automation:manage","false","false"
"platform_support","advanced:automation:execute","false","false"
"platform_support","advanced:analytics:read","false","false"
"platform_support","advanced:analytics:refresh","false","false"
"platform_support","advanced:documents:read","false","false"
"platform_support","advanced:documents:manage","false","false"
"platform_support","advanced:exports:read","false","false"
"platform_support","advanced:exports:create","false","false"
"platform_support","attendance:mark","false","false"
"platform_support","attendance:read","false","false"
"platform_support","attendance:review_conflicts","false","false"
"platform_support","attendance:manage_all","false","false"
"platform_support","attendance:override_lock","false","false"
"platform_support","attendance:staff:update","false","false"
"platform_support","users:create","false","false"
"platform_support","users:read","false","false"
"platform_support","users:update_status","false","false"
"platform_support","users:reset_password","false","false"
"platform_support","roles:read","false","false"
"platform_support","roles:create","false","false"
"platform_support","roles:assign","false","false"
"platform_support","roles:manage_permissions","false","false"
"platform_support","canteen:menu:create","false","false"
"platform_support","canteen:menu:read","false","false"
"platform_support","canteen:menu:update","false","false"
"platform_support","canteen:plans:create","false","false"
"platform_support","canteen:plans:read","false","false"
"platform_support","canteen:plans:update","false","false"
"platform_support","canteen:enrollments:create","false","false"
"platform_support","canteen:enrollments:read","false","false"
"platform_support","canteen:enrollments:update","false","false"
"platform_support","canteen:serving:create","false","false"
"platform_support","canteen:serving:read","false","false"
"platform_support","canteen:serving:update","false","false"
"platform_support","canteen:wallets:create","false","false"
"platform_support","canteen:wallets:read","false","false"
"platform_support","canteen:wallets:update","false","false"
"platform_support","canteen:pos:create","false","false"
"platform_support","canteen:pos:read","false","false"
"platform_support","canteen:pos:update","false","false"
"platform_support","canteen:inventory:read","false","false"
"platform_support","canteen:inventory:update","false","false"
"platform_support","canteen:controls:create","false","false"
"platform_support","canteen:controls:read","false","false"
"platform_support","canteen:controls:update","false","false"
"platform_support","canteen:reports:read","false","false"
"platform_support","canteen:parent:read","false","false"
"platform_support","notifications:view_own","false","false"
"platform_support","notifications:manage_templates","false","false"
"platform_support","notifications:manage_preferences","false","false"
"platform_support","notifications:view_delivery_diagnostics","false","false"
"platform_support","notifications:retry_deliveries","false","false"
"platform_support","notices:create","false","false"
"platform_support","notices:edit","false","false"
"platform_support","notices:publish","false","false"
"platform_support","notices:schedule","false","false"
"platform_support","notices:cancel","false","false"
"platform_support","notices:archive","false","false"
"platform_support","notices:read","false","false"
"platform_support","notices:approve","false","false"
"platform_support","notices:send_emergency","false","false"
"platform_support","notices:read_reports","false","false"
"platform_support","events:create","false","false"
"platform_support","events:read","false","false"
"platform_support","communications:read_deliveries","false","false"
"platform_support","communications:retry_deliveries","false","false"
"platform_support","communications:manage_templates","false","false"
"platform_support","communications:manage_consent","false","false"
"platform_support","consents:manage","false","false"
"platform_support","service_requests:create","false","false"
"platform_support","service_requests:read","false","false"
"platform_support","service_requests:manage","false","false"
"platform_support","fees:manage","false","false"
"platform_support","fees:bill","false","false"
"platform_support","fees:discount","false","false"
"platform_support","fees:adjust","false","false"
"platform_support","payments:collect","false","false"
"platform_support","payments:refund","false","false"
"platform_support","payments:close","false","false"
"platform_support","payments:reverse","false","false"
"platform_support","receipts:read","false","false"
"platform_support","receipts:manage","false","false"
"platform_support","ledger:read","false","false"
"platform_support","hr:manage","false","false"
"platform_support","hr:read","false","false"
"platform_support","hr:staff:read","false","false"
"platform_support","hr:staff:create","false","false"
"platform_support","hr:staff:update","false","false"
"platform_support","hr:staff:lifecycle","false","false"
"platform_support","hr:staff:terminate","false","false"
"platform_support","hr:staff:archive","false","false"
"platform_support","hr:attendance:read","false","false"
"platform_support","hr:attendance:write","false","false"
"platform_support","hr:attendance:correct","false","false"
"platform_support","hr:leave:read","false","false"
"platform_support","hr:leave:request","false","false"
"platform_support","hr:leave:approve","false","false"
"platform_support","hr:leave:adjust","false","false"
"platform_support","learning:read","false","false"
"platform_support","learning:manage","false","false"
"platform_support","learning:create","false","false"
"platform_support","learning:update","false","false"
"platform_support","learning:delete","false","false"
"platform_support","learning:launch","false","false"
"platform_support","learning:attempt","false","false"
"platform_support","learning:progress","false","false"
"platform_support","library:read","false","false"
"platform_support","library:manage","false","false"
"platform_support","library:books:create","false","false"
"platform_support","library:books:read","false","false"
"platform_support","library:books:update","false","false"
"platform_support","library:copies:create","false","false"
"platform_support","library:copies:read","false","false"
"platform_support","library:copies:update","false","false"
"platform_support","library:issues:create","false","false"
"platform_support","library:issues:read","false","false"
"platform_support","library:issues:return","false","false"
"platform_support","library:fines:create","false","false"
"platform_support","library:fines:update","false","false"
"platform_support","library:fines:post","false","false"
"platform_support","library:reports:read","false","false"
"platform_support","library:reports:export","false","false"
"platform_support","messaging:create","false","false"
"platform_support","messaging:read","false","false"
"platform_support","messaging:manage","false","false"
"platform_support","payroll:manage","false","false"
"platform_support","payroll:read","false","false"
"platform_support","payroll:salary:read","false","false"
"platform_support","payroll:salary:write","false","false"
"platform_support","payroll:run:create","false","false"
"platform_support","payroll:run:read","false","false"
"platform_support","payroll:run:review","false","false"
"platform_support","payroll:run:approve","false","false"
"platform_support","payroll:run:post","false","false"
"platform_support","payroll:run:pay","false","false"
"platform_support","payroll:run:reverse","false","false"
"platform_support","payroll:payslip:read","false","false"
"platform_support","payroll:payslip:generate","false","false"
"platform_support","payroll:reports:read","false","false"
"platform_support","payroll:exports:create","false","false"
"platform_support","tenants:manage","false","false"
"platform_support","tenants:read","false","false"
"platform_support","platform:read","true","true"
"platform_support","platform:manage","false","false"
"platform_support","platform:dashboard:read","true","true"
"platform_support","platform:tenants:read","true","true"
"platform_support","platform:tenants:status","false","false"
"platform_support","platform:plans:read","false","false"
"platform_support","platform:plans:manage","false","false"
"platform_support","platform:subscriptions:read","false","false"
"platform_support","platform:subscriptions:manage","false","false"
"platform_support","platform:usage:read","true","true"
"platform_support","platform:billing:read","false","false"
"platform_support","platform:billing:manage","false","false"
"platform_support","platform:providers:read","false","false"
"platform_support","platform:providers:manage","false","false"
"platform_support","platform:api-keys:read","false","false"
"platform_support","platform:api-keys:manage","false","false"
"platform_support","platform:queues:read","true","true"
"platform_support","platform:queues:retry","false","false"
"platform_support","platform:queues:manage","false","false"
"platform_support","platform:support:override","false","false"
"platform_support","platform:audit:read","true","true"
"platform_support","platform:health:read","true","true"
"platform_support","platform:reports:read","true","true"
"platform_support","platform:onboarding:read","true","true"
"platform_support","platform:onboarding:manage","false","false"
"platform_support","platform:demo-requests:read","true","true"
"platform_support","platform:demo-requests:manage","false","false"
"platform_support","settings:read_public","false","false"
"platform_support","settings:read","false","false"
"platform_support","settings:manage","false","false"
"platform_support","settings:delegate","false","false"
"platform_support","settings:audit:read","false","false"
"platform_support","settings:identity:manage","false","false"
"platform_support","settings:academic:manage","false","false"
"platform_support","settings:attendance:manage","false","false"
"platform_support","settings:finance:manage","false","false"
"platform_support","settings:hr:manage","false","false"
"platform_support","settings:accounting:manage","false","false"
"platform_support","settings:communication:manage","false","false"
"platform_support","settings:security:manage","false","false"
"platform_support","reports:read","false","false"
"platform_support","reports:export","false","false"
"platform_support","staff:create","false","false"
"platform_support","staff:read","false","false"
"platform_support","staff:update","false","false"
"platform_support","students:create","false","false"
"platform_support","students:read","false","false"
"platform_support","students:update","false","false"
"platform_support","students:delete","false","false"
"platform_support","students:manage_lifecycle","false","false"
"platform_support","admission_policy:read","false","false"
"platform_support","admission_policy:manage","false","false"
"platform_support","students:qr:generate","false","false"
"platform_support","students:qr:read","false","false"
"platform_support","students:qr:rotate","false","false"
"platform_support","students:qr:revoke","false","false"
"platform_support","students:qr:resolve","false","false"
"platform_support","students:qr:resolve_all","false","false"
"platform_support","guardians:create","false","false"
"platform_support","guardians:read","false","false"
"platform_support","guardians:update","false","false"
"platform_support","guardians:verify","false","false"
"platform_support","student_documents:manage","false","false"
"platform_support","siblings:manage","false","false"
"platform_support","enrollments:create","false","false"
"platform_support","enrollments:read","false","false"
"platform_support","transport:read","false","false"
"platform_support","transport:manage","false","false"
"platform_support","transport:operate","false","false"
"platform_support","transport:routes:create","false","false"
"platform_support","transport:routes:read","false","false"
"platform_support","transport:routes:update","false","false"
"platform_support","transport:vehicles:create","false","false"
"platform_support","transport:vehicles:read","false","false"
"platform_support","transport:vehicles:update","false","false"
"platform_support","transport:assignments:create","false","false"
"platform_support","transport:assignments:read","false","false"
"platform_support","transport:assignments:update","false","false"
"platform_support","transport:trips:create","false","false"
"platform_support","transport:trips:read","false","false"
"platform_support","transport:trips:update","false","false"
"platform_support","transport:location:read","false","false"
"platform_support","transport:location:update","false","false"
"platform_support","transport:tracking:parent","false","false"
"platform_support","transport:reports:read","false","false"
"platform_billing_admin","classes:create","false","false"
"platform_billing_admin","classes:read","false","false"
"platform_billing_admin","streams:create","false","false"
"platform_billing_admin","streams:read","false","false"
"platform_billing_admin","academic_years:create","false","false"
"platform_billing_admin","academic_years:read","false","false"
"platform_billing_admin","sections:create","false","false"
"platform_billing_admin","sections:read","false","false"
"platform_billing_admin","academics:manage","false","false"
"platform_billing_admin","academics:read","false","false"
"platform_billing_admin","academics:enter_marks","false","false"
"platform_billing_admin","academics:manage_report_cards","false","false"
"platform_billing_admin","academics:create","false","false"
"platform_billing_admin","academics:update","false","false"
"platform_billing_admin","academics:delete","false","false"
"platform_billing_admin","exam-terms:read","false","false"
"platform_billing_admin","exam-terms:manage","false","false"
"platform_billing_admin","exam-terms:unlock","false","false"
"platform_billing_admin","assessment-components:read","false","false"
"platform_billing_admin","assessment-components:manage","false","false"
"platform_billing_admin","marks:read","false","false"
"platform_billing_admin","marks:manage","false","false"
"platform_billing_admin","marks:review_lock","false","false"
"platform_billing_admin","academics:cas:manage","false","false"
"platform_billing_admin","cas-records:read","false","false"
"platform_billing_admin","cas-records:manage","false","false"
"platform_billing_admin","results:read","false","false"
"platform_billing_admin","results:publish","false","false"
"platform_billing_admin","results:unpublish","false","false"
"platform_billing_admin","academics:report_cards:review","false","false"
"platform_billing_admin","timetable:manage","false","false"
"platform_billing_admin","timetable:read_published","false","false"
"platform_billing_admin","timetable:read","false","false"
"platform_billing_admin","timetable:create","false","false"
"platform_billing_admin","timetable:update","false","false"
"platform_billing_admin","timetable:delete","false","false"
"platform_billing_admin","timetable:publish","false","false"
"platform_billing_admin","timetable:substitute","false","false"
"platform_billing_admin","homework:create","false","false"
"platform_billing_admin","homework:read_published","false","false"
"platform_billing_admin","homework:read","false","false"
"platform_billing_admin","homework:review","false","false"
"platform_billing_admin","homework:update","false","false"
"platform_billing_admin","homework:delete","false","false"
"platform_billing_admin","homework:notify","false","false"
"platform_billing_admin","homework:submit","false","false"
"platform_billing_admin","accounting:read","false","false"
"platform_billing_admin","accounting:close","false","false"
"platform_billing_admin","accounting:reverse","false","false"
"platform_billing_admin","accounting:accounts:read","false","false"
"platform_billing_admin","accounting:accounts:write","false","false"
"platform_billing_admin","accounting:fiscal:manage","false","false"
"platform_billing_admin","accounting:fiscal:reopen","false","false"
"platform_billing_admin","accounting:journals:read","false","false"
"platform_billing_admin","accounting:journals:create","false","false"
"platform_billing_admin","accounting:journals:submit","false","false"
"platform_billing_admin","accounting:journals:approve","false","false"
"platform_billing_admin","accounting:journals:reject","false","false"
"platform_billing_admin","accounting:journals:post","false","false"
"platform_billing_admin","accounting:journals:cancel","false","false"
"platform_billing_admin","accounting:journals:reverse","false","false"
"platform_billing_admin","accounting:reports:read","false","false"
"platform_billing_admin","accounting:audit:read","false","false"
"platform_billing_admin","accounting:reports:trial-balance","false","false"
"platform_billing_admin","accounting:reports:general-ledger","false","false"
"platform_billing_admin","accounting:reports:cash-book","false","false"
"platform_billing_admin","accounting:reports:income-statement","false","false"
"platform_billing_admin","accounting:reports:balance-sheet","false","false"
"platform_billing_admin","accounting:reports:tax-summary","false","false"
"platform_billing_admin","accounting:settings:read","false","false"
"platform_billing_admin","accounting:settings:update","false","false"
"platform_billing_admin","accounting:exports:create","false","false"
"platform_billing_admin","accounting:posting-batches:read","false","false"
"platform_billing_admin","accounting:posting-batches:retry","false","false"
"platform_billing_admin","accounting:payroll-handoff:read","false","false"
"platform_billing_admin","accounting:payroll-handoff:post","false","false"
"platform_billing_admin","accounting:expenses:read","false","false"
"platform_billing_admin","accounting:expenses:write","false","false"
"platform_billing_admin","accounting:vendors:read","false","false"
"platform_billing_admin","accounting:vendors:write","false","false"
"platform_billing_admin","accounting:payables:read","false","false"
"platform_billing_admin","accounting:payables:write","false","false"
"platform_billing_admin","accounting:reconciliation:read","false","false"
"platform_billing_admin","accounting:reconciliation:manage","false","false"
"platform_billing_admin","accounting:reconciliation:finalize","false","false"
"platform_billing_admin","finance:principal:read","false","false"
"platform_billing_admin","finance:approvals:read","false","false"
"platform_billing_admin","finance:approvals:decide","false","false"
"platform_billing_admin","accounting:budgets:read","false","false"
"platform_billing_admin","accounting:budgets:write","false","false"
"platform_billing_admin","accounting:reports:budget-vs-actual","false","false"
"platform_billing_admin","accounting:reports:cash-flow-statement","false","false"
"platform_billing_admin","activity_feed:create","false","false"
"platform_billing_admin","activity_feed:read","false","false"
"platform_billing_admin","activity_feed:moderate","false","false"
"platform_billing_admin","advanced:approvals:read","false","false"
"platform_billing_admin","advanced:approvals:manage","false","false"
"platform_billing_admin","advanced:approvals:decide","false","false"
"platform_billing_admin","advanced:automation:read","false","false"
"platform_billing_admin","advanced:automation:manage","false","false"
"platform_billing_admin","advanced:automation:execute","false","false"
"platform_billing_admin","advanced:analytics:read","false","false"
"platform_billing_admin","advanced:analytics:refresh","false","false"
"platform_billing_admin","advanced:documents:read","false","false"
"platform_billing_admin","advanced:documents:manage","false","false"
"platform_billing_admin","advanced:exports:read","false","false"
"platform_billing_admin","advanced:exports:create","false","false"
"platform_billing_admin","attendance:mark","false","false"
"platform_billing_admin","attendance:read","false","false"
"platform_billing_admin","attendance:review_conflicts","false","false"
"platform_billing_admin","attendance:manage_all","false","false"
"platform_billing_admin","attendance:override_lock","false","false"
"platform_billing_admin","attendance:staff:update","false","false"
"platform_billing_admin","users:create","false","false"
"platform_billing_admin","users:read","false","false"
"platform_billing_admin","users:update_status","false","false"
"platform_billing_admin","users:reset_password","false","false"
"platform_billing_admin","roles:read","false","false"
"platform_billing_admin","roles:create","false","false"
"platform_billing_admin","roles:assign","false","false"
"platform_billing_admin","roles:manage_permissions","false","false"
"platform_billing_admin","canteen:menu:create","false","false"
"platform_billing_admin","canteen:menu:read","false","false"
"platform_billing_admin","canteen:menu:update","false","false"
"platform_billing_admin","canteen:plans:create","false","false"
"platform_billing_admin","canteen:plans:read","false","false"
"platform_billing_admin","canteen:plans:update","false","false"
"platform_billing_admin","canteen:enrollments:create","false","false"
"platform_billing_admin","canteen:enrollments:read","false","false"
"platform_billing_admin","canteen:enrollments:update","false","false"
"platform_billing_admin","canteen:serving:create","false","false"
"platform_billing_admin","canteen:serving:read","false","false"
"platform_billing_admin","canteen:serving:update","false","false"
"platform_billing_admin","canteen:wallets:create","false","false"
"platform_billing_admin","canteen:wallets:read","false","false"
"platform_billing_admin","canteen:wallets:update","false","false"
"platform_billing_admin","canteen:pos:create","false","false"
"platform_billing_admin","canteen:pos:read","false","false"
"platform_billing_admin","canteen:pos:update","false","false"
"platform_billing_admin","canteen:inventory:read","false","false"
"platform_billing_admin","canteen:inventory:update","false","false"
"platform_billing_admin","canteen:controls:create","false","false"
"platform_billing_admin","canteen:controls:read","false","false"
"platform_billing_admin","canteen:controls:update","false","false"
"platform_billing_admin","canteen:reports:read","false","false"
"platform_billing_admin","canteen:parent:read","false","false"
"platform_billing_admin","notifications:view_own","false","false"
"platform_billing_admin","notifications:manage_templates","false","false"
"platform_billing_admin","notifications:manage_preferences","false","false"
"platform_billing_admin","notifications:view_delivery_diagnostics","false","false"
"platform_billing_admin","notifications:retry_deliveries","false","false"
"platform_billing_admin","notices:create","false","false"
"platform_billing_admin","notices:edit","false","false"
"platform_billing_admin","notices:publish","false","false"
"platform_billing_admin","notices:schedule","false","false"
"platform_billing_admin","notices:cancel","false","false"
"platform_billing_admin","notices:archive","false","false"
"platform_billing_admin","notices:read","false","false"
"platform_billing_admin","notices:approve","false","false"
"platform_billing_admin","notices:send_emergency","false","false"
"platform_billing_admin","notices:read_reports","false","false"
"platform_billing_admin","events:create","false","false"
"platform_billing_admin","events:read","false","false"
"platform_billing_admin","communications:read_deliveries","false","false"
"platform_billing_admin","communications:retry_deliveries","false","false"
"platform_billing_admin","communications:manage_templates","false","false"
"platform_billing_admin","communications:manage_consent","false","false"
"platform_billing_admin","consents:manage","false","false"
"platform_billing_admin","service_requests:create","false","false"
"platform_billing_admin","service_requests:read","false","false"
"platform_billing_admin","service_requests:manage","false","false"
"platform_billing_admin","fees:manage","false","false"
"platform_billing_admin","fees:bill","false","false"
"platform_billing_admin","fees:discount","false","false"
"platform_billing_admin","fees:adjust","false","false"
"platform_billing_admin","payments:collect","false","false"
"platform_billing_admin","payments:refund","false","false"
"platform_billing_admin","payments:close","false","false"
"platform_billing_admin","payments:reverse","false","false"
"platform_billing_admin","receipts:read","false","false"
"platform_billing_admin","receipts:manage","false","false"
"platform_billing_admin","ledger:read","false","false"
"platform_billing_admin","hr:manage","false","false"
"platform_billing_admin","hr:read","false","false"
"platform_billing_admin","hr:staff:read","false","false"
"platform_billing_admin","hr:staff:create","false","false"
"platform_billing_admin","hr:staff:update","false","false"
"platform_billing_admin","hr:staff:lifecycle","false","false"
"platform_billing_admin","hr:staff:terminate","false","false"
"platform_billing_admin","hr:staff:archive","false","false"
"platform_billing_admin","hr:attendance:read","false","false"
"platform_billing_admin","hr:attendance:write","false","false"
"platform_billing_admin","hr:attendance:correct","false","false"
"platform_billing_admin","hr:leave:read","false","false"
"platform_billing_admin","hr:leave:request","false","false"
"platform_billing_admin","hr:leave:approve","false","false"
"platform_billing_admin","hr:leave:adjust","false","false"
"platform_billing_admin","learning:read","false","false"
"platform_billing_admin","learning:manage","false","false"
"platform_billing_admin","learning:create","false","false"
"platform_billing_admin","learning:update","false","false"
"platform_billing_admin","learning:delete","false","false"
"platform_billing_admin","learning:launch","false","false"
"platform_billing_admin","learning:attempt","false","false"
"platform_billing_admin","learning:progress","false","false"
"platform_billing_admin","library:read","false","false"
"platform_billing_admin","library:manage","false","false"
"platform_billing_admin","library:books:create","false","false"
"platform_billing_admin","library:books:read","false","false"
"platform_billing_admin","library:books:update","false","false"
"platform_billing_admin","library:copies:create","false","false"
"platform_billing_admin","library:copies:read","false","false"
"platform_billing_admin","library:copies:update","false","false"
"platform_billing_admin","library:issues:create","false","false"
"platform_billing_admin","library:issues:read","false","false"
"platform_billing_admin","library:issues:return","false","false"
"platform_billing_admin","library:fines:create","false","false"
"platform_billing_admin","library:fines:update","false","false"
"platform_billing_admin","library:fines:post","false","false"
"platform_billing_admin","library:reports:read","false","false"
"platform_billing_admin","library:reports:export","false","false"
"platform_billing_admin","messaging:create","false","false"
"platform_billing_admin","messaging:read","false","false"
"platform_billing_admin","messaging:manage","false","false"
"platform_billing_admin","payroll:manage","false","false"
"platform_billing_admin","payroll:read","false","false"
"platform_billing_admin","payroll:salary:read","false","false"
"platform_billing_admin","payroll:salary:write","false","false"
"platform_billing_admin","payroll:run:create","false","false"
"platform_billing_admin","payroll:run:read","false","false"
"platform_billing_admin","payroll:run:review","false","false"
"platform_billing_admin","payroll:run:approve","false","false"
"platform_billing_admin","payroll:run:post","false","false"
"platform_billing_admin","payroll:run:pay","false","false"
"platform_billing_admin","payroll:run:reverse","false","false"
"platform_billing_admin","payroll:payslip:read","false","false"
"platform_billing_admin","payroll:payslip:generate","false","false"
"platform_billing_admin","payroll:reports:read","false","false"
"platform_billing_admin","payroll:exports:create","false","false"
"platform_billing_admin","tenants:manage","false","false"
"platform_billing_admin","tenants:read","false","false"
"platform_billing_admin","platform:read","true","true"
"platform_billing_admin","platform:manage","false","false"
"platform_billing_admin","platform:dashboard:read","true","true"
"platform_billing_admin","platform:tenants:read","true","true"
"platform_billing_admin","platform:tenants:status","false","false"
"platform_billing_admin","platform:plans:read","true","true"
"platform_billing_admin","platform:plans:manage","false","false"
"platform_billing_admin","platform:subscriptions:read","true","true"
"platform_billing_admin","platform:subscriptions:manage","true","true"
"platform_billing_admin","platform:usage:read","true","true"
"platform_billing_admin","platform:billing:read","true","true"
"platform_billing_admin","platform:billing:manage","true","true"
"platform_billing_admin","platform:providers:read","false","false"
"platform_billing_admin","platform:providers:manage","false","false"
"platform_billing_admin","platform:api-keys:read","false","false"
"platform_billing_admin","platform:api-keys:manage","false","false"
"platform_billing_admin","platform:queues:read","false","false"
"platform_billing_admin","platform:queues:retry","false","false"
"platform_billing_admin","platform:queues:manage","false","false"
"platform_billing_admin","platform:support:override","false","false"
"platform_billing_admin","platform:audit:read","false","false"
"platform_billing_admin","platform:health:read","false","false"
"platform_billing_admin","platform:reports:read","false","false"
"platform_billing_admin","platform:onboarding:read","false","false"
"platform_billing_admin","platform:onboarding:manage","false","false"
"platform_billing_admin","platform:demo-requests:read","false","false"
"platform_billing_admin","platform:demo-requests:manage","false","false"
"platform_billing_admin","settings:read_public","false","false"
"platform_billing_admin","settings:read","false","false"
"platform_billing_admin","settings:manage","false","false"
"platform_billing_admin","settings:delegate","false","false"
"platform_billing_admin","settings:audit:read","false","false"
"platform_billing_admin","settings:identity:manage","false","false"
"platform_billing_admin","settings:academic:manage","false","false"
"platform_billing_admin","settings:attendance:manage","false","false"
"platform_billing_admin","settings:finance:manage","false","false"
"platform_billing_admin","settings:hr:manage","false","false"
"platform_billing_admin","settings:accounting:manage","false","false"
"platform_billing_admin","settings:communication:manage","false","false"
"platform_billing_admin","settings:security:manage","false","false"
"platform_billing_admin","reports:read","false","false"
"platform_billing_admin","reports:export","false","false"
"platform_billing_admin","staff:create","false","false"
"platform_billing_admin","staff:read","false","false"
"platform_billing_admin","staff:update","false","false"
"platform_billing_admin","students:create","false","false"
"platform_billing_admin","students:read","false","false"
"platform_billing_admin","students:update","false","false"
"platform_billing_admin","students:delete","false","false"
"platform_billing_admin","students:manage_lifecycle","false","false"
"platform_billing_admin","admission_policy:read","false","false"
"platform_billing_admin","admission_policy:manage","false","false"
"platform_billing_admin","students:qr:generate","false","false"
"platform_billing_admin","students:qr:read","false","false"
"platform_billing_admin","students:qr:rotate","false","false"
"platform_billing_admin","students:qr:revoke","false","false"
"platform_billing_admin","students:qr:resolve","false","false"
"platform_billing_admin","students:qr:resolve_all","false","false"
"platform_billing_admin","guardians:create","false","false"
"platform_billing_admin","guardians:read","false","false"
"platform_billing_admin","guardians:update","false","false"
"platform_billing_admin","guardians:verify","false","false"
"platform_billing_admin","student_documents:manage","false","false"
"platform_billing_admin","siblings:manage","false","false"
"platform_billing_admin","enrollments:create","false","false"
"platform_billing_admin","enrollments:read","false","false"
"platform_billing_admin","transport:read","false","false"
"platform_billing_admin","transport:manage","false","false"
"platform_billing_admin","transport:operate","false","false"
"platform_billing_admin","transport:routes:create","false","false"
"platform_billing_admin","transport:routes:read","false","false"
"platform_billing_admin","transport:routes:update","false","false"
"platform_billing_admin","transport:vehicles:create","false","false"
"platform_billing_admin","transport:vehicles:read","false","false"
"platform_billing_admin","transport:vehicles:update","false","false"
"platform_billing_admin","transport:assignments:create","false","false"
"platform_billing_admin","transport:assignments:read","false","false"
"platform_billing_admin","transport:assignments:update","false","false"
"platform_billing_admin","transport:trips:create","false","false"
"platform_billing_admin","transport:trips:read","false","false"
"platform_billing_admin","transport:trips:update","false","false"
"platform_billing_admin","transport:location:read","false","false"
"platform_billing_admin","transport:location:update","false","false"
"platform_billing_admin","transport:tracking:parent","false","false"
"platform_billing_admin","transport:reports:read","false","false"
